km_since_last_service,days_since_service,vehicle_age_years,past_emergency_repairs,cumulative_cost_inr,avg_daily_km,critical_sensor_pressure_ratio,failure_next_30_days
14251.3,100,1.0,0,51212.85,146.8,1.04,1
9788.8,102,1.7,3,121356.22,326.4,0.979,1
9209.1,153,5.7,2,202200.8,222.7,0.858,0
9209.2,157,6.7,2,217231.15,332.1,1.144,1
24664.6,83,1.8,1,84260.23,216.2,0.989,0
16505.8,48,7.0,1,218034.33,267.3,0.919,0
7884.6,128,6.6,0,180439.75,180.2,0.973,0
14617.6,124,9.5,2,289056.84,242.9,1.2,1
12326.5,109,8.6,1,252486.29,351.7,1.125,0
2414.6,83,9.5,1,280606.08,268.5,0.961,0
5324.4,67,9.7,1,276299.45,244.6,1.319,0
12853.8,157,5.0,0,140590.18,140.0,1.024,0
23390.0,58,5.4,1,163533.14,256.1,0.824,1
9258.8,47,3.5,1,122388.69,265.8,1.009,0
7491.3,64,5.6,1,181332.66,231.5,0.94,0
11407.7,41,2.4,2,110903.29,240.0,1.076,0
7204.7,125,7.0,2,226813.06,253.7,0.998,1
8872.5,83,1.2,2,84822.47,261.9,0.922,0
10578.7,16,3.1,0,96127.18,249.2,1.061,0
5142.0,100,2.9,0,95839.08,330.2,0.824,0
16992.1,66,9.4,1,267885.43,197.9,1.027,0
4514.3,77,2.3,2,105675.68,352.7,1.283,0
4130.5,90,9.0,1,269028.36,244.1,1.138,0
12004.9,53,2.1,0,75440.51,292.1,0.86,0
16254.0,46,6.9,0,185390.6,324.0,1.178,0
11825.7,109,3.9,0,122702.66,271.5,1.017,0
9928.9,31,3.8,0,106183.49,258.1,0.924,0
8818.3,38,10.0,1,292212.35,268.8,1.009,0
7931.8,44,3.0,0,101477.54,143.5,1.134,0
19168.9,136,2.8,2,134170.05,100.8,0.937,1
12926.7,161,6.3,1,189631.83,305.3,0.819,0
8343.9,44,7.7,0,211508.75,240.3,0.896,0
6827.9,39,9.8,0,258654.81,208.8,1.01,0
15181.7,82,7.3,3,263912.88,273.2,0.886,0
18917.8,66,6.1,0,174767.36,250.6,1.02,0
17979.4,126,4.7,1,155479.92,182.4,0.953,0
6070.3,104,6.4,1,193000.33,316.8,0.858,0
8771.7,204,6.4,0,179098.16,327.8,1.062,1
7832.9,40,3.0,0,94141.2,272.6,1.058,0
9499.3,125,7.0,2,238035.18,269.9,1.037,0
16903.0,58,2.8,0,94573.76,259.3,0.786,0
22204.4,37,5.4,0,153569.91,267.2,0.858,0
13207.5,58,3.3,0,99534.93,280.9,1.079,0
6983.3,62,3.8,0,117646.87,231.8,0.966,0
10434.4,152,6.5,3,241359.83,308.2,1.089,1
24498.5,23,1.6,1,82869.32,270.2,0.886,0
11245.4,45,1.1,0,43385.14,306.4,0.874,0
8830.3,80,2.2,0,72696.13,335.7,0.937,0
9295.2,35,2.5,3,140398.29,262.2,0.998,0
13173.5,192,2.8,2,122454.21,280.0,1.054,0
6209.2,210,8.0,0,220524.71,298.7,1.018,0
7713.4,76,5.0,3,200167.87,264.2,1.059,0
17832.9,110,5.2,1,165538.84,239.3,1.059,0
12961.4,173,6.8,1,214882.92,271.0,0.923,0
11313.4,69,7.6,1,226880.71,338.0,1.147,0
18327.3,106,1.0,0,42204.75,114.8,0.93,0
6706.7,32,8.7,0,242473.43,304.8,0.883,0
8666.3,16,9.9,1,293568.65,269.3,1.036,0
12720.2,134,2.1,3,126798.4,228.7,0.967,0
12464.4,72,6.9,2,223409.94,312.0,1.154,0
3835.3,206,1.0,0,38767.87,187.7,0.961,0
8148.2,50,1.4,1,73669.39,235.9,0.91,0
9647.5,30,3.6,0,121414.98,338.7,0.947,0
13529.6,126,8.6,2,274047.7,146.4,1.033,1
12439.0,196,6.9,0,188356.7,290.1,1.041,0
10187.7,32,5.0,0,144320.77,346.3,0.876,1
2401.3,40,4.9,0,139565.53,326.2,1.018,0
10494.4,169,5.2,1,169338.9,283.9,0.946,1
11064.9,245,3.8,0,107172.84,202.4,0.98,1
36202.5,106,8.9,2,280340.0,313.6,0.971,1
9458.9,47,6.1,1,190814.91,222.3,1.045,0
12760.1,160,5.4,3,215794.59,250.7,1.084,1
20008.4,63,5.2,0,152234.22,256.9,1.004,0
16370.7,48,9.4,0,260497.11,186.1,1.174,0
22703.9,53,7.5,0,211526.24,337.6,1.174,0
3880.1,116,2.3,3,132645.23,254.5,1.062,0
5416.6,78,4.9,1,164249.25,255.7,1.106,1
7378.7,102,3.6,1,129003.53,223.3,0.873,0
3405.6,128,9.9,1,279202.11,217.5,0.995,1
11120.8,65,4.7,0,141246.2,297.0,0.839,0
5717.6,139,1.6,3,113264.16,298.6,0.998,0
24331.7,76,4.7,0,145797.62,438.3,0.949,0
6324.9,54,3.9,0,113317.14,241.3,0.999,0
8698.2,25,6.4,1,191106.21,234.6,0.942,0
16911.8,63,3.0,2,135936.36,326.4,0.981,0
4477.6,180,1.3,2,77172.18,310.5,1.053,0
3235.1,124,1.9,0,71274.15,242.6,0.903,0
11918.7,102,3.5,0,113542.13,281.2,1.006,0
12455.9,34,4.1,1,139707.67,353.6,1.047,0
16631.9,53,8.5,1,249434.08,188.6,0.95,0
14452.1,114,3.4,3,154469.79,215.5,0.867,0
12726.5,132,1.3,2,84363.21,285.7,1.011,0
6812.8,126,8.0,1,239763.83,219.4,1.103,0
12256.8,90,8.8,0,243465.89,222.4,1.054,0
12697.8,43,5.4,0,153987.94,333.7,0.923,0
6647.9,132,3.6,0,106860.26,284.8,0.943,0
28084.6,52,7.9,1,237735.21,256.7,0.936,0
14070.7,133,1.1,1,68791.62,213.4,0.834,0
5482.7,63,9.3,1,271347.13,282.0,1.229,0
16678.1,200,8.8,1,259852.28,330.3,1.026,1
18278.0,59,5.9,2,202551.64,182.5,1.106,0
13596.5,58,3.5,0,98151.97,186.7,0.987,0
9142.7,72,1.3,1,74704.34,300.8,0.839,0
6461.9,44,10.0,0,258359.53,226.5,1.081,0
10170.9,38,7.9,0,211524.13,211.5,1.184,0
13053.8,43,4.0,1,140061.07,219.2,0.881,0
10751.8,165,1.2,1,64015.04,305.4,0.812,0
23256.7,40,6.8,2,225163.56,303.6,1.029,1
15297.7,58,9.9,0,273846.91,283.8,1.25,1
5990.2,258,7.4,0,196120.67,234.3,1.011,1
5089.3,136,1.8,3,118901.91,211.1,0.907,1
14138.7,134,4.6,2,163219.18,223.8,1.16,1
9272.6,235,2.0,1,86177.83,206.7,0.977,0
16043.2,71,9.2,1,264632.18,236.4,0.938,0
14066.1,17,4.0,0,111860.32,262.2,1.068,0
10198.0,127,7.6,2,252525.77,304.3,1.117,0
6036.4,66,1.8,0,65481.48,262.3,0.81,0
3516.0,260,2.2,0,80722.89,249.9,1.059,1
12127.1,15,7.1,1,211837.74,362.1,0.87,1
4423.3,38,8.6,2,276143.32,80.0,0.881,0
5872.3,51,2.8,0,92683.88,298.5,1.091,0
11702.6,72,4.8,0,132527.74,291.3,0.976,0
11051.4,28,6.6,0,179039.42,292.1,0.9,0
4807.2,96,8.2,0,218691.99,315.8,1.111,0
19420.4,49,6.7,1,205663.62,188.8,1.07,0
19136.9,141,1.9,0,67635.49,317.3,1.005,0
14396.9,172,5.9,2,210627.38,283.0,0.935,1
14387.0,61,9.0,2,275284.96,236.2,0.936,0
14397.0,106,8.8,1,260687.85,297.8,0.815,0
18190.4,76,6.3,1,195708.9,270.7,1.206,0
15512.4,72,10.0,1,283155.24,203.5,1.025,0
6373.1,26,1.9,0,72418.58,138.6,0.874,0
9193.3,70,5.3,0,151050.52,181.3,1.248,0
34054.5,132,8.0,2,256115.68,217.1,0.972,1
2528.0,97,2.3,0,77375.5,283.7,1.084,0
7871.4,39,9.8,0,260772.6,173.6,0.932,0
19477.9,26,4.2,3,180637.57,284.6,0.986,1
6643.3,68,4.2,0,126646.76,278.7,0.988,0
15750.1,45,2.9,2,134472.21,383.4,1.058,0
10967.1,48,3.6,1,126124.53,281.7,1.136,0
6951.4,45,6.2,2,209931.68,135.8,0.954,0
2153.3,77,4.9,2,171699.75,328.7,0.985,0
11931.5,111,2.7,0,85867.33,205.3,1.175,0
6282.2,43,8.3,1,241185.25,202.1,1.058,0
9934.6,42,1.6,0,60234.05,248.3,0.994,0
14316.9,30,8.5,0,236485.03,293.1,1.126,0
17380.0,85,3.5,0,111974.72,243.5,0.968,0
7855.4,130,5.5,1,180387.4,260.6,0.944,0
6943.0,70,4.4,0,133770.6,205.2,1.035,0
4368.5,111,6.1,0,173198.38,189.9,1.012,0
17855.6,153,8.2,0,216520.94,272.1,0.949,0
31400.3,89,9.9,0,269870.49,168.5,1.039,1
18931.9,40,3.8,2,145213.9,217.2,0.811,0
21266.7,37,6.0,3,222346.58,240.2,0.937,1
6679.8,42,5.2,0,149213.22,274.1,0.835,0
13836.2,215,10.0,2,301206.6,244.4,0.86,1
16568.8,252,8.3,1,240996.31,241.0,0.802,0
413.3,59,4.6,1,152608.22,186.2,0.983,0
5277.0,148,5.3,0,151357.37,235.2,0.932,0
25277.2,165,3.2,0,99188.19,245.0,1.044,1
3786.7,26,7.8,1,229242.93,285.0,1.052,0
23122.3,207,8.6,0,240022.91,212.0,1.153,1
3768.0,64,9.7,2,290291.15,206.4,0.911,0
5454.2,62,6.1,0,182459.6,187.3,1.025,0
13978.8,31,7.0,1,213852.27,269.1,0.967,0
11129.1,215,5.0,1,159996.21,239.0,1.045,1
8342.6,80,6.5,1,192261.52,252.0,1.03,0
24742.4,203,4.1,1,135564.78,231.6,0.961,1
4452.1,159,7.6,0,211906.5,233.9,0.992,0
9705.6,60,1.2,0,47870.88,223.5,0.83,0
14989.5,81,1.3,0,44643.98,290.0,1.062,0
12609.4,48,7.4,3,253646.27,262.5,0.769,1
7094.3,52,9.4,0,251079.53,348.1,1.056,0
7261.5,101,6.7,0,184939.06,241.8,0.832,0
17234.3,122,7.5,0,212159.21,354.6,1.086,0
17687.9,17,8.4,1,245578.91,242.9,1.053,0
12802.5,17,4.3,3,192952.94,290.6,0.926,0
6116.3,53,2.0,1,88342.14,223.3,0.767,0
7410.0,92,9.4,2,294284.85,289.1,1.05,0
10530.7,167,9.4,0,261984.23,121.5,0.828,1
11451.5,79,5.0,0,137385.3,185.2,1.103,0
14654.2,64,3.0,1,108815.02,201.2,0.837,0
9399.7,110,9.0,1,262430.53,383.2,0.823,1
17017.7,39,7.4,1,228110.55,323.2,0.961,0
16911.7,80,1.1,0,46616.67,275.6,0.821,0
21668.2,69,2.0,2,105706.04,235.1,0.971,0
10804.5,84,9.8,1,288608.18,225.1,0.787,0
12927.3,154,1.3,1,75875.7,223.6,1.027,0
9839.0,20,3.5,0,116320.07,300.5,0.899,0
6165.0,72,5.9,0,161031.73,265.4,1.243,0
31002.6,122,2.7,0,83532.21,313.9,1.015,0
20160.6,105,3.1,0,95230.58,293.6,1.03,1
16718.4,21,4.2,1,138313.53,284.8,1.006,0
10586.9,17,3.4,0,107679.42,212.9,0.784,0
5813.7,116,8.2,0,229119.79,212.8,1.025,0
18388.1,20,5.5,2,184582.08,267.8,0.733,1
9734.6,81,3.5,1,128894.27,282.8,1.257,1
13597.7,148,3.8,2,148003.03,248.4,0.771,0
7391.9,25,1.4,1,72088.52,185.3,0.831,0
12348.1,203,1.4,0,51549.52,273.4,1.072,0
7686.2,114,7.5,1,228478.11,305.4,1.093,0
7876.2,337,2.0,3,119849.14,193.8,1.161,1
12255.3,54,5.3,1,169820.61,242.4,1.16,0
3728.3,171,8.6,0,237443.61,203.2,0.881,0
3861.5,58,4.3,2,165452.38,317.4,0.757,0
6628.4,78,4.1,4,190616.29,379.8,1.031,1
9332.3,47,8.9,0,240994.15,338.8,0.864,0
17306.9,75,8.8,2,275200.7,165.1,0.936,0
9655.7,136,8.9,0,246314.26,280.8,0.988,0
10546.2,208,6.1,0,172624.1,293.0,1.163,0
8890.1,40,9.6,0,257940.58,364.1,1.067,0
12916.6,86,8.4,1,245853.47,225.3,0.941,0
6124.3,51,4.7,3,185432.18,252.5,0.886,0
9971.9,89,6.7,2,227150.64,189.2,0.854,0
13511.7,148,2.1,0,78248.76,179.1,1.276,1
12198.4,55,6.0,2,212790.19,264.1,0.955,0
10749.1,102,3.4,2,142377.38,348.1,1.059,0
10827.6,38,3.6,0,102747.66,261.7,1.135,0
14261.5,156,2.1,0,63541.31,263.0,1.013,0
31818.4,124,4.2,0,127130.16,184.1,1.109,1
6398.5,44,5.3,0,149810.2,268.7,0.953,0
32316.7,43,6.4,0,178247.68,226.8,1.137,0
6210.1,177,3.7,1,130595.31,232.7,1.144,0
1938.8,244,8.1,2,260668.62,362.5,0.887,1
7587.8,45,5.7,1,177663.53,233.7,0.98,1
13058.4,136,6.7,1,210212.59,239.6,1.061,0
28214.3,60,3.5,2,139916.74,273.1,1.044,0
5808.7,178,8.3,3,280829.72,80.0,1.001,1
14213.3,62,6.6,1,206907.14,213.3,1.094,1
4158.2,118,8.8,0,237357.54,152.6,1.184,0
27659.3,84,2.4,2,123880.91,227.0,0.788,1
20374.4,12,4.4,0,126969.93,374.4,0.901,0
7886.2,41,2.0,1,93610.67,93.4,0.813,0
22179.2,117,2.9,0,87286.11,160.1,1.155,0
9935.9,108,4.6,0,131425.88,341.2,1.019,0
20967.0,92,9.1,1,268181.29,250.4,0.971,0
10701.0,212,6.0,1,196981.35,286.4,0.967,1
10976.5,130,4.0,2,157913.68,265.8,0.843,1
7988.7,120,7.7,0,216867.59,267.6,1.051,0
15274.3,12,1.2,1,70136.36,239.3,1.178,0
11471.9,134,4.3,1,145343.75,80.0,1.089,1
14392.2,22,6.4,1,186409.64,258.7,0.919,0
3456.3,76,6.2,1,190207.58,325.9,0.876,0
21378.3,22,6.5,2,214649.12,320.1,1.066,1
24345.4,104,2.9,2,123828.45,294.9,0.883,1
11440.2,152,4.0,1,131276.06,253.7,0.943,0
30583.6,71,9.4,2,298832.25,269.1,0.884,1
26731.5,73,9.8,0,260941.72,311.4,1.03,1
15462.0,38,3.8,0,108415.28,168.4,0.83,0
22336.6,150,6.8,2,240467.72,368.3,1.287,1
19181.5,24,3.2,0,104327.29,320.4,0.897,0
2809.3,84,4.3,1,141227.92,370.9,0.837,0
9001.9,71,8.1,1,237074.71,278.7,1.264,1
16073.6,97,5.5,1,169176.44,228.5,0.907,0
25233.2,126,8.6,2,264803.74,287.8,1.015,1
3953.0,68,6.7,1,200573.54,305.3,1.18,0
2960.5,135,6.7,0,189049.7,375.6,0.901,0
10307.9,74,1.3,1,77500.02,242.4,0.839,0
2059.6,95,7.7,1,237602.13,235.2,0.913,0
10095.1,33,9.8,0,271267.93,323.6,0.886,0
13244.9,57,5.3,0,150807.24,246.0,1.318,0
5629.9,20,2.4,2,119720.92,223.9,1.069,0
10262.5,79,9.8,1,284711.58,227.8,1.005,0
18201.1,122,3.6,1,128472.98,138.8,1.042,0
7564.4,66,4.7,0,143009.98,217.4,0.874,0
6280.6,71,1.7,1,83895.2,285.3,1.009,0
9982.7,98,2.0,1,88951.83,259.7,0.971,0
5232.8,105,2.9,1,107858.34,288.2,1.066,0
29335.1,19,5.9,0,174967.44,339.6,0.935,0
10898.7,49,6.0,1,182141.2,403.3,0.921,0
6717.8,22,6.5,1,192267.93,243.7,0.817,0
12126.3,58,6.3,1,183006.63,191.7,1.291,1
9949.6,189,5.5,1,174032.32,233.7,1.042,0
9287.4,123,8.2,1,245368.94,306.3,0.901,0
7563.1,75,9.4,1,266883.0,408.0,0.942,0
7330.2,221,3.4,2,141585.22,269.7,0.895,0
3515.0,92,2.2,1,97797.35,288.7,1.244,0
22317.9,294,4.8,1,161740.64,246.3,1.007,1
14893.3,83,1.2,0,48167.48,269.2,0.917,0
12831.6,49,8.9,0,247795.66,334.5,1.138,1
9852.7,31,3.2,1,122105.72,308.5,0.634,0
5563.4,115,5.9,0,174033.24,256.6,0.992,0
6449.7,57,2.0,1,92264.6,275.1,0.883,0
3812.6,83,6.0,0,161914.43,237.9,0.93,0
6976.2,103,1.4,3,115592.65,331.4,1.047,1
5046.9,40,7.9,0,219236.31,371.4,0.864,0
25918.0,91,9.6,1,275656.14,207.8,1.052,0
17524.1,67,3.8,0,118961.46,212.5,0.878,1
11180.1,23,3.3,0,101874.14,238.5,0.831,0
5971.9,107,5.0,1,149699.28,311.4,0.909,0
5224.7,116,6.6,1,208093.86,234.4,1.087,0
9471.1,167,2.7,1,102737.02,316.3,1.073,0
17932.2,32,8.2,0,224879.81,165.9,0.953,0
3891.1,247,2.8,2,125697.4,255.6,1.005,1
14782.7,44,1.0,0,44709.85,268.0,1.204,0
6956.1,14,5.7,1,181890.02,204.0,1.124,1
7790.7,78,2.0,3,129257.63,251.6,0.922,1
10986.8,97,7.3,0,204665.38,326.6,0.773,0
6107.5,68,2.5,1,95521.62,251.5,1.084,0
9180.8,31,8.4,0,222100.9,285.1,0.947,0
5768.9,54,5.2,0,148889.69,345.2,0.77,0
7325.4,94,6.1,0,168453.78,205.4,1.018,0
16400.8,269,2.7,0,82964.77,275.6,1.056,1
11328.7,33,2.3,0,73834.13,89.2,0.881,0
16366.0,49,6.7,3,247646.46,176.5,1.188,0
6897.5,26,3.3,2,141019.89,304.9,0.992,0
14844.8,57,4.5,1,148224.95,228.0,1.04,0
3176.3,72,5.3,0,153442.25,277.3,0.857,0
10983.8,141,3.1,0,98742.99,169.3,1.005,0
15405.3,95,8.2,0,220454.1,97.5,0.941,0
3078.4,183,9.5,0,256756.66,217.8,1.256,0
6950.3,74,4.9,1,148852.39,225.5,0.934,0
10979.3,4,9.3,1,269690.13,238.8,0.975,0
18682.4,98,8.9,1,264766.59,348.0,0.844,1
7324.7,18,2.5,0,85181.94,137.0,1.173,0
14515.1,138,2.6,2,120436.41,216.2,0.933,0
23125.6,74,5.3,0,146058.21,238.0,0.825,0
14897.5,47,5.7,2,201023.51,251.5,1.074,0
9394.6,29,4.1,1,144684.27,319.5,1.08,0
13279.3,52,3.8,2,156164.77,256.4,0.916,0
7187.9,72,4.9,1,159830.21,307.8,0.845,0
11242.3,226,7.2,0,201742.58,331.2,0.981,0
9681.8,68,1.8,0,62784.59,176.6,0.931,0
13027.3,88,7.4,1,225943.34,327.6,0.946,0
8196.1,70,9.3,0,251140.97,248.3,1.05,1
13456.2,88,7.9,1,232181.31,262.8,1.071,0
8146.3,84,2.7,2,123684.42,268.8,0.999,0
17428.6,75,1.8,0,64167.44,285.0,0.849,0
8675.7,46,5.4,1,166037.15,171.4,0.739,0
2124.2,118,9.6,1,277542.0,166.1,0.987,1
5343.9,33,8.4,1,241276.06,229.3,0.743,1
10787.4,104,6.1,0,171330.13,296.5,0.903,0
25791.8,119,2.3,0,89044.37,337.0,1.023,1
17053.3,15,7.4,0,209128.5,219.1,1.02,0
1761.7,30,8.3,4,294632.02,311.4,0.969,0
3630.3,17,9.4,0,255711.14,247.2,0.999,0
20017.6,163,6.5,1,203369.53,279.8,1.045,0
15356.9,51,5.6,1,172769.18,224.0,0.825,1
33435.7,158,6.6,2,222222.14,268.3,0.866,1
7938.7,59,9.5,4,328959.28,204.7,1.052,1
6022.8,35,6.7,0,185847.16,265.6,1.029,0
11141.0,44,3.3,0,99624.28,312.0,0.948,0
7840.9,83,6.7,0,188082.99,235.8,1.103,0
18980.5,118,8.9,0,249412.73,275.0,1.157,1
7670.0,77,6.1,0,170508.01,282.1,0.904,0
8999.2,135,5.5,1,180914.22,326.6,1.103,1
5465.6,67,7.6,0,210016.12,148.1,0.947,0
16414.7,72,6.9,1,213070.34,302.2,0.775,0
5705.8,42,1.5,0,64857.85,194.7,1.01,0
13601.5,39,7.5,0,207744.37,189.2,1.112,1
28222.1,123,4.7,0,137021.64,221.3,0.916,0
2756.0,33,9.5,2,295900.66,203.8,1.136,0
23726.8,59,9.7,0,258664.65,272.3,0.966,0
12601.9,127,5.0,0,150800.59,202.0,1.076,0
4874.6,20,9.7,2,297402.95,294.6,1.08,0
11397.3,166,3.8,1,130842.67,131.7,0.999,0
16144.4,35,7.1,1,210092.95,323.8,1.246,1
6291.6,166,1.7,0,56716.2,166.8,1.162,0
14052.2,33,2.3,1,97458.16,284.3,0.78,0
24824.5,123,8.8,2,280968.17,211.7,0.742,1
7663.8,50,9.0,0,242128.71,234.6,1.047,0
5420.4,231,5.8,0,167776.79,207.5,0.726,0
9865.9,64,4.1,0,120377.04,132.5,0.986,0
11034.8,29,5.1,1,157595.41,232.2,1.119,0
19529.1,104,8.8,1,256375.19,186.5,1.056,0
9667.5,54,2.9,0,95777.27,174.5,0.924,0
8114.2,111,3.7,2,142230.31,234.6,1.136,1
5327.4,164,8.1,1,233210.98,243.1,0.965,0
3097.4,125,9.4,1,270167.03,265.0,1.001,0
4264.6,19,1.8,1,80401.3,289.7,0.956,0
4246.5,32,8.2,0,234499.35,187.6,1.065,0
9059.3,89,6.8,4,262979.31,176.5,0.86,0
3552.6,96,3.1,0,102850.08,305.4,0.976,0
10315.9,7,7.8,1,232668.32,240.5,1.059,0
27875.6,27,7.6,1,228249.97,377.9,1.233,1
19847.3,35,2.3,1,99407.6,136.8,1.068,0
9004.9,172,5.5,1,169297.32,280.0,0.738,0
37851.4,46,7.8,2,246578.3,211.2,1.059,1
11058.2,118,2.7,1,108772.26,213.4,0.929,0
12013.6,150,5.2,0,149561.82,227.2,1.085,0
9751.2,45,2.1,0,74819.89,340.4,0.826,0
10454.2,70,3.8,1,127851.04,159.4,0.881,0
7496.2,118,3.0,1,111368.68,158.5,0.963,0
9086.3,19,5.5,1,183595.19,297.0,0.97,1
23815.3,61,2.3,2,109836.81,362.3,1.087,1
21051.9,160,4.4,1,153546.46,216.1,1.079,0
2046.6,94,3.5,1,126829.93,325.1,0.871,0
3861.3,95,7.7,0,208899.57,312.4,1.159,0
6350.0,135,7.3,2,244283.76,276.9,1.022,1
18020.1,49,1.9,3,126582.22,271.0,0.871,0
21314.7,34,9.6,1,270843.05,237.4,0.727,0
16109.1,91,7.7,0,216419.53,314.3,1.151,0
4860.8,52,6.5,0,181594.71,299.9,0.928,0
7594.3,50,5.3,1,169821.86,225.6,0.914,0
14193.2,33,2.6,2,110742.0,164.8,1.084,0
9172.6,104,9.7,1,277609.04,213.0,0.846,0
8400.9,65,1.1,0,42412.01,196.1,0.938,0
8478.3,33,7.2,0,200241.99,256.7,0.918,0
20172.8,141,5.6,1,172113.64,288.8,0.985,1
15028.7,58,9.1,0,243459.26,283.4,1.057,0
8769.8,105,4.4,1,143968.17,287.6,1.093,0
12941.9,198,5.7,1,185407.27,271.6,1.064,0
4403.8,139,7.7,2,247146.55,258.7,1.155,0
7603.6,185,1.4,0,57944.84,256.2,0.908,0
19090.7,137,1.5,0,58786.39,334.1,1.039,1
3387.4,61,2.9,1,107059.39,230.7,0.939,0
15135.0,40,2.3,3,133751.75,246.9,0.983,0
2028.1,59,1.1,1,64762.07,130.3,0.981,0
26028.1,62,6.6,0,181257.52,227.4,0.827,0
7488.5,164,8.2,0,223305.64,241.9,1.023,0
13492.0,53,9.6,0,269101.67,331.8,1.008,0
11430.3,27,5.0,0,137860.43,179.8,0.999,0
11678.9,87,3.5,2,141470.72,252.3,0.96,0
12806.2,78,8.8,0,241679.17,251.1,0.738,0
2941.7,42,8.6,1,245632.24,298.3,1.014,0
11822.1,57,6.6,0,184157.5,232.0,1.067,0
9509.5,188,3.5,2,147797.88,296.5,1.202,1
7515.2,103,9.2,1,264965.27,275.4,1.044,0
6347.7,60,2.6,2,126142.54,214.3,1.32,0
11997.7,42,1.4,0,49903.73,193.3,1.002,0
5467.3,249,8.2,1,249037.16,385.5,1.027,1
18900.2,212,6.1,2,218708.92,227.5,0.974,1
14061.0,132,3.2,0,91400.97,158.4,0.939,0
12428.0,64,7.0,0,203186.6,232.7,1.069,1
18459.2,40,7.9,0,216568.92,219.7,1.152,0
2594.6,41,8.6,3,287058.48,189.9,1.063,0
4301.5,64,3.5,1,121463.67,257.5,1.028,0
14417.9,53,1.2,0,45137.15,271.3,0.957,0
6593.7,74,5.6,1,181343.73,139.0,0.995,0
7150.1,72,8.7,0,235509.71,267.5,0.997,0
3864.1,36,2.9,0,81908.67,304.1,1.03,0
5477.7,37,4.8,1,162056.94,202.1,1.013,0
19135.4,60,3.3,0,103653.91,179.6,0.891,0
14224.4,70,1.1,0,45357.66,198.0,1.171,0
11920.1,179,9.1,0,252899.84,228.8,1.24,0
7331.1,91,2.2,2,114476.72,256.2,0.996,0
11483.6,88,7.9,1,238011.65,190.1,1.012,0
20072.5,93,4.1,0,113603.95,233.3,1.072,0
6701.3,153,3.5,2,144505.92,245.0,0.91,0
10439.8,514,9.5,0,260197.4,266.6,1.062,1
26918.2,50,6.9,4,261521.4,170.1,0.944,1
15989.7,238,7.2,4,268895.2,209.0,0.959,1
7398.3,24,7.8,0,205373.18,212.8,0.851,0
15265.7,61,4.1,2,146870.78,350.5,0.95,0
3346.2,33,6.1,0,175950.27,317.7,1.027,0
10187.8,115,3.4,0,104002.01,249.6,1.209,0
15256.2,137,8.5,2,264471.1,163.6,0.97,0
13347.8,27,6.4,0,177252.9,305.8,0.938,0
15172.7,147,3.2,1,122842.52,323.8,1.053,0
17093.7,94,9.1,0,255900.8,248.3,1.141,0
13955.9,127,6.2,2,216003.78,224.1,1.166,0
13726.2,161,5.5,1,173930.53,211.1,0.828,0
12081.6,118,1.3,1,79492.51,294.1,1.012,0
5048.9,23,9.2,1,263573.31,290.4,1.219,0
19130.6,56,9.6,1,271111.53,189.1,0.851,1
10410.4,26,6.1,2,211217.65,202.1,1.026,0
15766.2,13,5.0,0,148339.83,188.9,1.034,0
18044.3,31,4.2,0,127294.51,359.0,0.836,0
7638.5,60,3.4,1,125095.23,269.0,1.065,0
8072.8,227,6.2,0,168109.7,318.8,1.073,1
8771.9,73,2.2,1,92275.32,259.7,0.934,0
21151.4,95,9.3,3,298958.48,276.7,0.857,0
5825.3,51,2.6,0,85598.56,234.2,1.166,0
23184.8,65,7.7,0,218951.71,339.5,0.867,0
12002.8,78,3.8,1,133957.26,271.0,1.175,0
12507.8,62,3.0,0,92330.06,248.4,1.045,0
17596.8,108,6.0,0,170781.47,140.7,0.98,0
11213.2,47,7.9,0,215940.72,283.7,1.166,0
19249.8,24,7.5,0,206580.87,283.1,0.969,0
7632.0,20,3.1,2,131933.07,328.2,0.998,0
22774.8,130,4.0,0,113337.12,233.8,1.086,0
8013.3,7,8.8,1,259849.7,209.4,0.92,0
23255.1,64,7.5,1,225000.12,361.9,1.029,1
8150.7,32,7.4,1,229670.7,168.6,0.86,1
8929.9,111,3.4,0,107788.67,204.4,1.075,1
5360.2,75,8.1,0,231281.84,345.6,0.917,0
6396.4,76,4.2,3,186977.49,310.6,1.036,1
10441.7,81,4.6,1,146494.84,238.4,1.415,0
12270.9,79,3.6,0,106642.62,240.5,0.905,0
18474.6,24,2.1,0,65715.4,244.4,1.195,0
9329.1,53,4.8,0,134712.6,306.4,0.987,0
4885.4,39,1.2,1,63279.97,307.3,1.098,0
13364.6,44,5.1,0,156300.58,292.7,1.121,0
11791.3,80,7.5,0,215716.6,303.0,1.092,0
14217.5,131,9.6,0,262572.92,290.9,1.03,1
7019.7,128,1.7,0,60067.07,112.7,0.777,0
7560.6,89,3.5,0,100276.92,279.5,1.111,0
7021.5,56,5.4,5,242822.57,237.0,1.007,0
20470.8,76,2.5,2,119483.9,388.3,0.916,0
22895.8,118,2.1,1,85163.65,171.0,0.933,1
7356.0,44,5.1,0,151969.18,186.2,0.839,0
7450.9,74,6.2,0,184663.88,266.3,1.017,0
15358.1,51,8.4,0,225504.24,186.7,0.945,0
24304.2,44,10.0,1,286757.5,412.1,0.96,1
27223.0,71,8.0,1,235507.68,293.3,1.089,1
7143.8,56,3.0,0,92912.15,224.6,0.965,0
8329.3,90,7.7,0,209360.84,283.3,1.029,0
12645.0,56,5.8,2,198485.66,273.3,0.953,1
13003.9,67,5.1,2,176304.0,220.9,1.025,0
9552.1,24,9.4,1,275997.59,182.8,0.908,0
6255.8,121,7.3,1,223630.42,192.4,0.841,0
10451.7,123,7.1,0,205027.12,233.1,0.957,0
27206.9,39,1.1,0,41438.05,319.0,0.953,0
7630.3,42,8.8,0,232729.37,296.8,0.93,0
12196.2,82,8.1,2,251775.23,391.4,1.034,0
37150.2,52,3.7,1,125145.94,208.8,1.157,1
7561.2,88,3.6,0,118497.0,188.0,0.826,0
15769.5,169,1.5,1,70035.35,250.2,1.082,0
27847.8,40,1.5,1,75082.46,285.8,1.189,0
15008.7,127,7.0,0,203770.99,287.4,1.088,0
19671.3,35,2.7,0,88240.63,281.5,1.025,0
16973.7,44,9.3,2,286798.21,272.5,1.041,0
14335.1,83,8.6,1,239614.68,227.2,1.086,0
22481.6,107,4.1,0,122263.71,235.0,0.624,0
15489.9,166,4.4,0,132577.02,354.4,0.754,1
9611.9,201,3.9,0,117609.05,188.5,1.017,0
11654.0,60,1.8,3,118830.0,274.7,1.006,0
13260.6,73,1.3,2,81909.37,329.7,1.163,0
8298.2,91,5.1,2,192043.46,199.1,0.991,0
11964.2,71,9.5,0,255151.55,198.9,0.917,0
10972.9,60,9.3,0,255071.66,277.2,0.823,0
15462.9,50,8.3,1,245060.26,285.8,0.948,0
31955.0,108,6.7,1,202464.95,241.0,0.91,1
12380.0,167,8.7,1,253971.75,287.0,1.035,0
24644.5,22,5.6,1,184424.64,161.2,1.078,1
15150.5,63,2.6,1,100697.49,221.5,0.861,0
11932.6,22,7.2,0,200909.01,329.6,1.096,0
8008.2,104,9.3,1,271590.8,149.1,0.696,1
11985.3,44,1.2,1,63396.63,383.2,1.152,0
11559.0,153,3.3,1,114989.05,252.1,0.894,0
6715.9,66,3.4,2,142823.77,356.4,1.128,0
7416.5,105,1.9,1,94299.9,329.8,0.914,0
13325.2,40,3.0,2,124755.75,273.5,1.025,1
24508.5,81,4.5,1,146681.38,275.7,0.935,0
10242.9,80,9.5,1,274525.73,373.6,1.08,0
3728.5,95,8.7,1,257064.03,196.1,0.882,0
1786.0,47,9.5,0,257113.21,253.4,0.819,0
5289.9,145,2.1,0,84310.47,224.4,1.07,0
15994.9,91,1.3,0,50027.27,210.0,0.934,0
4298.9,162,2.0,0,62042.87,328.9,1.203,0
17440.7,24,9.2,2,293917.98,283.3,1.057,1
15502.4,81,2.4,0,74784.91,281.5,1.138,0
10031.9,65,6.2,1,191349.44,281.7,1.148,0
6755.4,204,3.0,1,110424.82,306.8,0.946,0
9167.2,110,1.2,1,63627.32,248.7,1.0,0
13135.5,72,1.8,1,75473.56,324.8,1.039,0
4402.3,106,7.4,0,208061.4,254.3,0.906,1
23149.6,54,2.6,1,108926.02,260.2,0.926,0
13065.6,97,3.1,2,135189.0,237.3,1.005,1
13937.0,273,4.4,0,137312.47,249.8,1.143,0
15439.8,50,6.9,0,188959.17,278.1,1.007,0
21917.2,80,5.2,3,203080.44,257.3,1.04,1
12002.5,42,9.5,0,254021.23,210.6,1.078,0
16000.4,37,4.9,0,145027.92,246.1,1.14,0
6830.4,128,2.8,2,126792.94,240.0,1.085,0
27284.8,31,5.8,0,157895.82,249.6,0.969,1
11525.5,96,5.1,1,171015.47,146.6,0.963,0
6807.8,123,8.1,1,235491.82,302.9,0.652,0
8009.6,56,9.4,0,247475.24,248.9,0.899,0
2472.7,158,8.5,0,226579.87,279.0,1.067,0
7976.6,150,4.5,0,138354.91,289.6,0.881,0
1375.6,56,2.9,0,101641.68,193.4,0.894,0
16666.8,27,9.2,0,249831.51,295.9,1.111,0
13694.1,101,4.5,0,135789.58,196.0,0.867,0
5515.1,71,7.9,0,213508.7,278.5,0.897,0
10358.0,83,9.9,0,270336.86,150.1,0.899,0
10643.2,101,6.2,0,176860.85,125.0,0.834,0
4748.3,23,5.3,2,182608.25,313.4,0.91,0
9287.5,54,7.3,0,202239.1,290.2,0.664,0
10843.2,191,2.7,0,88683.65,246.4,1.286,0
9132.2,85,5.4,1,168521.18,254.7,0.963,0
6803.3,105,3.8,0,118933.88,160.9,1.006,0
5370.6,80,2.5,1,94020.68,254.6,0.741,0
8933.9,103,6.5,3,240279.12,261.9,0.889,1
7353.8,148,6.2,0,183120.81,229.5,1.002,0
14860.9,14,7.9,1,236822.57,245.5,0.831,0
22666.7,118,8.9,1,263745.11,196.5,1.099,1
17918.0,71,3.0,0,98823.73,166.3,1.016,0
11060.9,131,8.0,1,242808.95,265.6,0.95,0
6974.4,57,4.3,0,125784.66,180.6,0.991,0
17647.6,56,6.7,1,206690.39,282.7,0.927,1
15376.8,30,8.7,1,256290.84,275.6,0.76,0
21793.3,72,3.3,2,131467.38,317.0,1.02,0
12010.1,28,6.4,1,195813.0,274.7,0.831,0
26498.6,68,5.3,0,149007.92,436.5,0.996,0
12012.3,83,8.1,1,238122.0,236.0,1.125,0
6952.3,45,7.3,1,225076.6,277.4,0.979,0
7807.9,21,7.9,1,233725.08,217.0,1.011,0
14459.3,17,3.6,0,107222.72,316.4,0.866,0
7341.0,36,7.3,3,257709.74,263.8,0.819,0
26397.9,16,6.5,1,197883.9,148.6,1.117,1
13778.1,82,5.1,0,143303.54,204.5,1.102,0
10916.8,278,4.4,0,130809.86,244.4,1.147,1
11470.1,29,4.0,0,119543.62,178.7,1.259,0
9072.3,318,1.1,1,61919.95,286.4,0.933,1
3058.3,80,2.5,1,102185.29,169.0,1.04,0
7811.6,91,1.5,0,56158.62,241.2,1.135,0
24604.9,22,8.6,1,257995.23,235.6,1.236,1
12201.0,84,8.7,1,247317.67,313.8,1.134,0
19072.3,51,8.6,0,232652.43,240.2,0.889,0
19377.8,184,8.4,1,247648.22,304.2,1.201,1
10417.1,17,3.0,1,111090.09,278.0,1.105,0
15520.2,52,5.4,3,202490.01,184.6,1.033,1
3327.7,41,9.2,1,276984.12,386.0,0.941,0
23510.3,93,7.8,0,216018.43,318.4,1.187,1
22459.4,9,1.0,0,39242.15,196.1,1.336,0
14230.0,180,5.1,3,206261.37,189.8,0.981,1
12461.6,91,1.1,0,45520.09,326.4,1.021,0
10500.6,87,3.5,0,113468.88,307.4,1.063,0
20306.9,31,4.9,2,177044.22,294.0,0.872,0
16543.1,122,9.0,2,286040.48,195.6,1.003,0
782.1,114,6.9,0,192354.59,216.8,1.076,0
8470.0,156,4.3,3,180653.11,332.0,1.233,0
4897.2,60,5.4,0,152111.44,289.1,0.979,0
4247.9,21,8.4,0,226755.4,209.5,1.059,0
20187.8,46,3.7,0,114092.95,337.4,0.921,0
10363.1,134,6.5,2,218002.74,373.7,1.108,0
14096.0,52,3.4,0,99208.21,225.4,0.984,0
11176.4,230,5.3,0,149173.94,213.7,1.113,0
4289.4,124,1.2,0,53140.34,344.1,0.917,0
3387.6,211,8.7,0,240247.76,352.5,0.812,1
8107.5,54,1.4,1,78731.81,351.3,0.907,0
8547.5,99,3.0,0,93795.49,278.6,1.185,0
8544.1,36,4.0,1,146848.73,224.6,0.98,0
8700.7,128,6.6,0,190595.55,309.8,0.987,0
30795.0,103,7.5,1,224799.9,235.6,1.036,1
18911.0,120,1.7,3,117310.72,232.1,1.009,0
12303.7,58,1.4,0,58040.07,266.3,1.06,0
10205.8,82,8.2,3,274888.88,256.9,1.018,0
10425.4,79,7.4,0,198060.83,225.2,1.383,0
16203.6,58,8.5,0,232889.69,191.9,1.163,0
10148.1,85,7.1,0,197756.08,243.7,1.111,0
17841.4,95,7.8,0,209965.46,218.0,1.098,0
13093.8,107,4.4,1,144943.26,174.5,1.051,0
30949.3,57,6.3,0,182466.63,266.8,0.964,1
9780.6,124,8.2,1,244765.8,268.3,1.084,0
19666.2,119,2.5,0,75650.04,301.6,0.847,0
5213.9,108,4.8,2,163310.27,266.1,0.86,0
7089.0,130,7.7,1,218356.86,253.7,0.96,0
28689.9,67,5.8,1,190615.32,300.9,1.047,1
17419.0,32,7.1,0,195130.6,266.3,0.913,0
14243.1,119,3.6,1,127616.1,274.6,1.061,0
35327.1,50,1.3,2,100320.25,290.6,0.833,1
10294.7,22,1.3,1,64738.95,223.4,0.967,0
19640.1,51,9.5,1,279588.65,315.2,0.812,0
20450.8,84,9.5,0,256247.79,259.7,1.023,0
25289.0,172,2.9,0,96847.24,251.1,1.202,0
4794.2,96,2.3,1,98603.23,314.4,1.009,0
10253.2,129,1.2,0,39198.03,228.9,1.13,0
12961.5,117,3.1,1,110389.5,233.6,1.125,0
25060.7,93,4.0,0,115619.3,287.2,0.972,0
13911.9,63,3.2,0,100394.6,270.7,1.078,0
20475.4,36,8.2,0,221313.67,457.4,0.847,0
4489.5,247,7.7,2,250917.06,320.2,0.976,1
8838.7,52,1.7,0,66113.63,116.4,1.004,0
22412.4,62,7.3,1,228471.3,276.8,0.89,1
9575.6,70,5.7,0,164873.9,149.4,1.014,0
10768.8,51,2.2,0,74382.48,235.1,0.918,0
24839.6,105,7.7,1,230407.92,270.6,1.114,0
6035.7,52,1.8,1,73853.66,232.4,0.851,1
7013.7,61,2.6,1,100101.01,128.5,0.907,0
4148.2,49,2.3,2,109633.18,263.6,1.0,0
25388.9,61,9.5,0,261720.68,226.2,0.878,1
18715.8,31,7.3,0,205818.37,298.5,1.206,0
18450.5,26,4.7,1,146310.91,146.2,0.727,0
8682.5,194,8.4,1,251247.19,216.4,0.911,1
3921.1,130,2.9,1,116021.34,308.9,1.027,1
3124.6,176,9.4,3,304729.72,126.2,1.205,1
22504.3,186,7.3,1,223921.2,288.6,0.808,1
14790.4,39,6.0,0,171767.13,213.2,0.878,0
16431.6,171,8.2,1,235389.38,246.0,0.93,1
12610.8,144,6.8,1,201035.1,191.4,1.183,0
6460.9,60,9.0,0,257333.19,241.2,1.089,0
8936.3,95,8.5,1,248404.33,197.2,0.904,0
5424.6,127,2.8,2,127307.98,186.5,1.138,0
4960.0,111,3.2,1,109402.52,308.5,1.037,0
17859.7,70,1.6,1,86204.48,251.9,1.016,0
3345.4,85,3.0,1,116673.65,274.5,1.049,1
5450.1,102,4.1,1,141058.81,264.0,0.889,0
9265.6,59,1.3,0,59981.5,337.2,1.041,0
11369.9,109,3.8,1,126390.42,282.9,0.966,0
4110.3,46,7.9,2,251182.37,290.9,1.331,0
3278.0,175,8.6,0,234252.12,303.3,1.198,0
13810.3,140,1.1,0,43995.51,208.5,0.977,0
12197.1,129,1.1,1,68598.89,366.7,1.051,0
22288.7,98,2.3,1,98489.35,179.9,0.878,0
11485.6,89,8.9,0,247350.87,277.6,1.041,1
14623.6,143,5.2,2,187454.72,277.3,0.861,1
6706.9,34,9.8,0,261146.88,402.7,0.938,0
6896.1,42,9.0,3,297114.14,284.1,1.071,0
4430.1,111,9.0,0,248178.84,213.7,0.869,0
6750.6,75,2.2,0,72273.04,221.9,0.882,0
8853.7,52,5.3,0,152493.77,233.2,0.899,0
21068.9,150,9.9,0,266306.51,266.5,0.986,1
6087.7,83,2.3,0,81093.74,271.2,1.166,0
31709.8,95,6.2,1,194867.3,283.9,1.141,1
15365.1,152,4.1,2,170427.47,261.6,0.946,0
13604.3,70,4.5,0,124118.87,291.8,1.163,0
10955.4,232,9.0,0,247021.02,191.5,0.994,0
9735.0,36,6.3,2,223677.28,163.6,1.019,1
7423.8,149,7.8,1,239707.26,326.1,0.992,0
3987.8,54,7.1,0,205982.92,164.5,1.083,0
6231.2,135,5.8,1,176711.22,254.7,0.895,0
25355.1,47,8.1,0,223418.39,211.2,0.942,1
14831.6,25,9.7,0,256475.96,365.7,1.134,0
25230.6,136,9.7,1,276252.36,373.1,0.949,0
7300.4,60,8.1,1,247659.46,260.8,0.92,0
5316.5,26,5.4,1,166814.54,241.4,0.818,1
10890.9,140,2.5,1,98166.88,244.9,1.063,0
6386.3,88,1.4,0,50344.64,271.6,0.87,0
12267.8,60,3.1,0,98516.88,311.3,1.194,0
3389.6,98,4.1,2,150167.71,462.1,1.066,0
2224.6,69,2.2,1,92236.79,196.5,0.84,0
13301.3,64,3.0,1,118119.87,274.5,1.023,0
25746.4,126,1.8,0,62032.66,250.7,0.921,0
13644.5,89,5.7,1,187557.33,228.8,1.081,0
14745.1,45,2.1,2,111951.3,233.9,0.965,0
11170.9,76,7.7,1,228407.43,253.3,1.273,0
11811.6,125,4.0,2,152304.36,271.8,1.267,0
3840.8,35,7.0,2,237294.13,282.5,0.937,0
6547.4,158,8.9,1,259995.13,290.0,0.983,1
20949.4,87,1.8,0,63744.37,175.8,1.096,0
5004.3,83,9.9,1,296046.24,219.6,0.931,0
8730.5,85,6.8,1,213336.29,292.5,0.933,0
20714.7,200,1.5,2,89049.57,346.4,0.815,1
11619.4,77,3.8,1,134120.77,288.6,0.833,0
11970.9,61,9.0,0,249365.85,242.0,1.103,0
8772.3,70,6.4,1,193891.05,288.4,1.014,0
15992.8,136,3.6,1,134757.74,275.3,0.919,0
18215.6,114,9.5,0,258840.8,197.1,1.087,0
6312.3,77,8.1,0,233580.24,249.4,0.759,0
4120.0,260,7.6,0,209123.42,270.3,0.97,0
2606.5,108,9.0,1,265796.08,303.2,1.003,0
14340.8,41,7.9,3,268606.75,345.3,0.858,0
13411.5,15,3.6,2,145070.72,367.4,1.074,0
36643.3,115,6.3,1,191426.64,159.7,1.112,1
11210.2,64,8.6,0,239675.47,248.7,1.017,0
10033.7,25,2.6,1,95506.05,349.7,0.926,0
12510.3,72,2.5,0,67546.59,306.4,0.901,0
12909.0,120,2.4,0,82208.03,309.3,0.998,0
9564.2,68,2.7,2,125059.73,216.3,0.912,0
6452.5,75,1.9,2,100384.03,218.6,1.016,0
10851.8,14,8.5,0,233994.79,299.5,1.129,1
10607.2,115,8.4,2,255358.42,231.3,1.086,0
10504.0,20,2.4,1,104917.71,191.9,0.969,0
16949.6,51,7.3,2,235818.55,266.1,1.054,1
10734.4,92,6.6,0,191278.84,248.4,1.004,0
4187.5,44,3.5,1,119391.3,312.1,1.04,0
7160.1,51,3.0,1,107417.41,284.7,1.024,0
9491.4,89,3.3,1,114683.94,376.1,1.264,0
11041.0,94,7.6,1,227600.93,200.6,1.048,0
14514.2,79,3.9,1,139367.29,262.6,1.148,0
11093.4,12,3.5,0,115415.72,293.9,0.852,0
2266.9,17,1.2,1,73428.63,291.7,1.101,0
4555.5,136,9.2,2,278300.36,275.4,0.964,1
15084.9,59,7.8,0,213377.43,155.5,1.054,0
9332.3,287,5.3,0,148894.45,142.3,1.015,0
11667.5,90,9.5,0,256747.29,195.5,0.567,0
8612.9,230,3.6,1,130948.57,289.8,1.23,0
7140.7,68,7.1,1,210948.76,146.0,0.833,0
8810.4,54,3.7,3,177518.77,299.7,0.862,0
11750.3,116,3.8,1,131645.23,241.8,0.957,0
10686.6,153,8.6,0,238802.06,239.8,0.905,1
18149.0,68,8.1,0,214780.45,376.6,0.91,0
3610.2,114,3.6,0,121066.11,367.3,1.024,0
3997.7,21,1.7,1,84670.97,219.6,1.039,0
9264.8,41,4.2,5,213968.41,306.5,0.966,0
14608.8,100,7.8,1,235786.53,262.3,0.977,0
16433.6,60,1.9,2,105780.39,311.3,0.963,0
7326.7,92,7.0,0,197186.48,236.5,0.975,0
1115.3,101,9.0,1,261827.33,179.9,1.103,0
7481.7,113,2.6,1,97030.33,257.5,1.225,0
13436.1,134,8.8,2,282888.4,308.7,1.075,1
10567.0,136,1.5,4,129497.91,251.7,1.3,1
14915.7,34,7.0,1,209225.17,309.5,0.663,0
20547.1,69,8.1,1,239619.68,336.4,0.95,0
9664.3,67,5.0,1,168916.01,330.7,0.894,1
8025.3,74,2.8,0,96996.96,288.2,1.185,0
5868.2,64,9.3,3,305638.84,180.9,1.091,0
3980.7,77,1.2,2,82744.65,141.6,1.016,1
3217.2,49,6.0,1,185462.59,295.3,1.116,0
6866.0,129,4.4,1,152085.08,306.9,1.191,0
19003.2,101,5.1,1,173230.29,260.6,0.894,0
15735.9,49,5.8,1,182443.68,275.8,0.895,0
7786.5,78,5.8,1,186509.74,254.3,0.971,0
31874.3,216,2.8,1,107189.62,264.1,1.036,1
7179.2,36,7.1,1,209126.02,282.9,1.08,0
21629.1,42,1.2,1,70336.89,314.2,1.012,0
24462.9,133,1.2,1,66963.07,266.7,1.025,0
13962.1,189,5.3,0,151969.88,261.1,1.096,0
6824.0,94,5.9,1,188937.2,251.4,1.074,0
8453.9,81,3.5,0,100168.08,273.9,0.985,0
11919.0,31,6.0,1,176497.27,139.9,1.101,0
4065.2,56,5.6,0,162959.16,314.8,0.955,0
5495.6,54,4.1,0,132036.41,248.5,0.993,0
5185.5,57,6.9,1,214480.84,213.0,1.264,0
14570.1,45,9.6,0,256722.92,342.6,0.87,1
20437.4,29,5.4,0,156822.45,243.5,1.042,1
16085.8,117,8.1,0,224442.58,197.2,1.016,0
18585.3,98,3.2,1,121547.65,304.5,1.141,0
6447.6,29,7.9,0,213468.41,231.4,1.294,0
8694.7,79,6.8,2,223987.83,237.5,1.153,0
9110.7,62,6.8,2,213314.61,311.4,1.035,0
13930.2,203,9.0,2,283048.83,319.1,1.062,1
6991.2,162,3.1,1,119323.37,179.2,0.924,0
17947.6,202,4.3,2,168761.42,255.2,1.061,0
24089.5,56,1.7,0,58154.49,173.0,1.145,1
14339.6,18,7.5,1,226054.46,234.2,1.199,0
8456.0,33,8.6,1,252411.15,212.6,0.948,0
6070.4,56,4.7,1,150012.57,323.2,1.085,0
5194.0,65,4.2,0,130470.73,194.4,0.859,0
2288.1,205,6.9,0,193179.19,292.7,0.971,0
9285.7,129,1.7,1,77472.5,242.1,0.967,0
8958.8,98,3.6,0,116782.18,164.2,1.187,0
17332.3,163,4.3,1,148497.28,210.5,0.699,0
7293.3,109,5.7,1,176289.79,182.1,1.217,0
9611.8,124,5.3,0,143502.35,210.9,0.837,0
12621.0,62,2.9,1,106075.95,199.5,0.98,0
14205.8,25,5.9,2,203192.86,240.2,1.234,1
16222.9,21,9.3,0,250756.53,317.5,0.716,0
11893.3,21,1.2,0,45165.57,208.9,0.852,0
4240.3,116,7.1,0,196808.31,192.1,1.113,0
13496.2,43,6.6,1,194970.11,223.7,0.79,0
6952.6,62,9.3,0,255744.88,241.9,1.281,0
20971.8,27,6.8,2,236643.04,213.3,0.977,1
10806.2,150,6.6,0,188561.95,182.3,1.03,0
12317.8,76,7.9,3,278656.88,305.2,1.032,1
38283.4,89,3.4,2,137936.65,294.6,0.956,1
16383.0,95,6.4,2,213222.05,254.1,1.154,0
13355.1,102,5.7,0,155861.62,350.5,0.846,0
9787.6,155,4.9,1,164570.01,408.4,0.942,0
4501.6,118,1.7,0,68045.67,339.7,1.001,0
9358.8,37,3.6,2,143671.19,133.8,0.939,0
6019.8,41,3.5,0,109006.99,278.7,0.781,0
25715.0,329,7.5,1,218471.51,213.0,1.052,1
13457.9,138,9.3,0,251269.35,238.5,0.957,0
20547.7,264,3.1,0,92663.36,163.9,0.931,0
7158.8,65,1.7,0,62418.22,275.8,1.27,0
6317.3,188,10.0,0,272936.74,363.9,1.074,0
15486.3,105,7.2,1,213736.27,256.1,0.903,1
5856.4,93,9.0,0,237683.18,320.9,0.967,0
8056.8,78,2.3,1,94906.44,280.6,0.893,0
26390.9,127,8.2,0,224832.08,305.8,0.896,0
8263.4,108,8.3,1,245370.05,123.8,0.886,1
3825.4,68,2.4,0,72734.91,285.9,1.01,0
2803.8,51,2.5,0,75033.62,310.9,0.886,0
3482.5,69,3.7,0,112662.31,362.2,0.845,0
21221.9,77,3.0,0,84671.28,173.6,0.774,1
7452.8,58,9.8,1,276309.49,358.5,1.031,0
37621.4,40,4.3,0,135199.15,240.2,1.048,1
24243.2,80,7.9,1,231460.76,271.3,0.951,1
29868.7,100,8.2,0,218803.97,316.6,1.065,0
18851.5,92,4.5,0,125307.28,315.5,0.748,0
15024.0,33,7.1,1,222551.21,156.6,0.785,0
6165.1,201,2.0,1,83619.69,267.0,0.99,0
10644.6,231,4.6,2,169280.82,196.4,1.073,1
15892.7,115,9.7,0,260189.53,263.3,0.932,0
18202.6,129,2.5,1,93402.38,223.5,1.078,0
4812.1,90,4.5,0,123947.13,160.4,1.059,0
9451.0,96,8.1,2,260896.95,199.2,1.202,0
10135.7,20,7.0,1,206575.34,293.7,0.901,0
9891.0,72,6.7,1,216174.29,280.8,0.955,0
5277.9,73,8.7,0,229368.34,194.0,1.023,0
27939.3,227,1.3,2,81491.07,225.5,1.057,1
9254.6,63,7.9,2,256766.26,274.9,0.758,0
5546.9,199,8.9,0,244192.15,277.5,0.997,0
28319.5,78,1.1,3,109057.29,300.6,1.025,0
24256.0,57,6.0,1,191025.13,273.9,0.932,0
11613.7,21,4.1,1,147102.33,295.5,1.238,0
2783.4,95,1.5,0,64421.51,256.1,1.002,0
7902.9,44,4.8,0,137426.53,290.0,0.903,0
3273.0,23,6.8,0,180359.73,356.3,1.153,0
14385.5,114,9.3,0,259058.11,354.3,0.972,0
7551.7,98,6.6,0,189289.63,262.2,1.008,1
10487.9,103,8.7,1,258362.45,189.8,0.998,0
26935.8,78,2.1,0,79672.9,340.7,1.155,0
7196.8,48,2.9,2,127964.45,119.0,0.936,0
14031.0,36,9.7,0,260320.93,291.2,0.907,0
16494.0,184,9.0,1,268111.95,289.1,0.859,1
20855.7,120,3.1,2,135243.97,262.9,0.979,0
10025.7,140,6.6,2,219591.89,283.8,1.011,1
9390.8,70,4.3,3,188202.38,180.8,0.969,0
9254.6,43,5.2,0,157115.97,196.9,0.947,0
13250.7,40,8.7,0,235883.02,183.2,0.913,0
23689.4,81,7.6,0,203230.12,190.6,1.182,1
8991.9,45,3.1,1,111795.46,217.8,0.872,0
1375.0,18,3.8,0,113152.78,249.4,0.764,0
17546.0,110,3.6,0,107738.13,319.9,0.996,0
11110.3,140,8.0,3,276008.26,377.4,1.219,0
14404.2,53,5.4,2,206508.05,210.3,1.079,0
3369.5,22,9.6,1,281977.17,255.5,1.058,0
7570.7,86,8.4,1,252861.39,265.9,1.108,0
16741.4,69,2.9,2,128371.28,206.6,0.925,0
4392.3,59,8.1,1,240979.35,232.2,0.902,0
14012.7,102,5.6,0,161433.92,361.5,0.998,0
10435.5,83,3.3,1,126122.47,331.8,1.112,0
6551.9,99,4.3,0,131612.81,339.2,0.925,0
6201.2,81,9.7,2,303253.77,293.2,0.904,0
5312.1,45,5.4,1,168682.14,310.9,0.974,0
11074.7,42,7.5,2,234395.64,281.8,1.119,0
11861.2,78,5.3,1,176318.07,355.9,1.047,0
8444.4,134,4.3,0,132260.52,84.9,1.015,1
5084.3,82,8.2,0,221039.15,194.3,0.869,0
13779.9,49,8.6,0,247069.95,171.3,0.926,0
17727.6,86,1.6,1,74953.48,219.1,0.867,0
15243.6,88,3.5,0,107594.32,263.2,0.836,0
30540.7,45,5.6,1,176049.18,251.4,0.876,0
9516.0,229,3.8,1,130803.35,208.8,1.094,0
22403.5,129,8.1,1,236738.53,270.2,1.042,1
6979.2,70,2.0,0,67708.49,280.8,0.995,0
6251.7,219,8.2,1,238887.4,291.7,0.884,1
11488.2,96,6.6,0,186811.05,305.7,0.955,0
25187.5,91,3.6,0,114389.48,222.6,1.033,0
8871.8,173,4.1,0,119338.52,320.1,0.899,0
3367.5,130,2.6,2,119648.35,255.7,0.966,0
17537.4,104,3.3,0,103725.45,305.2,0.992,0
10166.3,58,7.5,1,225593.67,222.1,1.178,1
12739.5,77,4.4,3,184230.83,363.0,1.114,0
6471.0,69,7.2,0,200681.46,290.3,1.225,0
11423.8,49,5.6,0,163717.28,266.8,0.929,0
3760.1,274,2.3,0,83208.93,187.2,1.067,1
28178.4,131,5.5,1,172542.32,325.2,1.035,1
19391.1,67,7.8,0,216893.93,194.9,1.13,0
11116.1,98,3.7,0,109541.36,393.0,1.2,0
17262.9,70,6.8,1,198890.57,304.0,0.872,0
6991.0,44,2.8,0,85301.55,181.7,0.93,0
18907.9,18,2.2,0,84476.79,272.8,0.807,0
8626.0,103,4.2,0,131163.43,378.0,1.093,0
8241.3,79,4.5,0,122521.93,259.2,0.898,0
5565.1,153,7.8,1,230765.43,238.5,0.906,0
13679.7,53,5.1,1,165662.76,278.7,1.061,0
10825.7,153,1.7,1,81455.71,214.7,0.825,0
22805.9,164,6.7,0,184840.75,340.1,0.849,0
5123.3,24,5.2,0,154518.5,208.6,0.935,0
13716.1,140,4.0,1,145243.67,285.9,1.003,0
20454.4,126,8.2,1,249157.3,335.0,0.959,0
38098.1,74,2.4,1,95001.28,263.4,1.02,0
11987.4,151,9.2,0,243612.77,337.5,1.134,0
8522.1,137,4.0,1,141178.99,248.7,1.068,1
11805.3,84,5.1,0,141274.08,192.4,0.924,0
21795.4,23,9.4,0,257749.04,304.5,0.926,0
21790.4,65,7.9,2,259411.82,280.2,1.063,0
9913.9,142,1.7,2,100304.64,202.5,0.973,1
21579.5,95,6.2,0,169717.2,254.8,1.128,0
10518.0,57,3.8,1,127929.17,201.5,0.998,0
17153.7,80,5.6,0,159737.85,259.6,0.834,0
14651.3,84,7.7,1,239051.8,396.9,1.019,0
8306.9,43,5.5,1,175345.83,317.5,0.989,0
5704.8,56,1.6,2,91392.07,297.6,1.026,0
20756.0,262,5.8,1,181683.76,270.1,0.844,0
24009.2,8,1.2,0,60988.56,322.9,0.838,0
13527.1,80,4.1,2,152019.74,264.7,1.187,0
10509.4,142,5.3,4,231330.02,152.4,0.906,1
4670.0,79,6.8,2,224385.86,179.7,0.956,0
20457.3,52,5.6,1,179316.66,227.1,0.767,0
12626.2,62,2.4,0,83848.5,234.7,1.007,0
9063.3,223,9.4,0,251025.23,261.5,0.793,0
17430.2,117,6.9,1,215187.18,331.2,0.989,1
4069.1,113,3.9,2,154780.92,283.4,1.023,0
5375.9,73,9.7,1,287231.19,270.7,0.935,0
6823.9,91,8.9,0,245601.31,193.8,1.073,0
14387.9,38,2.3,2,122883.69,250.8,1.006,0
11883.2,231,6.9,0,184241.69,222.8,1.041,1
15373.0,122,6.0,0,174524.83,198.6,0.972,0
19681.1,79,2.7,2,125795.76,80.0,1.001,0
15690.6,87,3.1,1,110207.6,189.0,1.253,0
28511.5,107,6.1,0,178371.04,364.7,0.976,0
19655.4,37,3.9,1,129796.57,329.9,0.879,1
9899.5,64,8.5,4,308423.06,208.8,0.971,0
7538.1,38,1.9,0,65039.78,231.0,1.11,0
10086.2,122,9.2,1,280094.24,410.9,0.88,0
16004.3,29,8.6,1,255298.44,402.8,0.745,0
8067.5,40,7.6,0,214490.01,272.9,0.696,0
16256.9,132,3.4,0,112377.68,304.9,1.004,0
15212.3,92,7.4,1,224018.39,277.9,0.933,0
5648.9,208,4.9,1,164366.08,241.2,1.119,1
19448.9,64,6.7,1,199100.82,276.6,0.976,0
13250.1,71,3.8,0,115609.55,297.8,1.172,0
27742.3,182,8.5,1,251551.62,323.2,0.812,1
10540.3,154,1.4,0,44741.54,279.7,1.013,0
8806.3,133,7.2,1,220931.4,278.8,1.084,1
5158.2,47,8.5,1,256379.82,184.1,1.007,0
5101.6,49,6.8,1,212864.51,210.5,1.06,0
18156.0,75,2.7,0,94689.78,151.3,1.034,0
26196.1,74,3.6,0,112622.19,288.4,0.842,0
9998.9,47,5.6,0,161173.31,225.7,0.866,0
9601.5,62,4.0,2,146093.23,248.0,1.01,1
11130.8,77,1.0,4,113764.28,265.2,1.24,0
20198.3,149,1.4,0,54667.86,278.1,0.917,0
5683.5,174,7.9,0,215019.32,145.8,1.065,1
12300.7,119,1.8,1,77270.12,283.2,0.994,0
18388.8,26,9.4,1,285371.27,236.3,1.057,1
14286.0,161,5.0,0,151816.22,312.8,1.01,0
960.4,120,7.8,1,244529.81,240.8,0.906,0
15735.5,136,2.1,1,88622.45,223.3,1.072,0
14366.4,49,9.3,0,253043.76,328.4,1.028,0
22390.4,186,1.3,1,68648.61,202.1,1.192,0
25044.2,70,1.4,2,80945.44,229.2,1.063,0
21767.2,47,1.5,0,59420.44,204.4,0.843,0
11167.0,126,1.9,0,65952.35,231.9,1.083,0
3251.4,76,5.4,0,151992.04,360.9,1.095,0
9558.5,117,8.1,0,218498.91,187.3,1.049,0
10954.0,62,3.6,1,126812.02,244.8,1.162,1
26011.5,35,7.7,1,234688.21,307.2,0.774,1
6514.8,61,8.0,2,250460.55,246.6,1.179,1
4158.9,30,9.2,1,265645.72,283.5,1.034,0
8101.0,120,2.3,0,77325.81,228.0,1.118,0
6752.9,10,2.2,0,74824.7,253.6,0.904,0
3865.3,155,2.1,1,86305.56,244.6,0.786,1
10133.0,32,4.2,0,128549.65,248.8,0.984,0
11214.3,143,5.4,2,191182.31,330.4,1.016,1
3697.7,111,5.2,0,147498.71,223.6,0.841,0
8771.7,15,3.3,1,122868.68,278.6,1.071,0
6469.3,89,6.6,0,184327.8,317.6,1.043,0
2508.3,28,4.0,2,152979.4,293.1,1.183,0
11435.8,90,4.3,2,164764.98,243.8,1.007,0
12120.7,50,1.9,0,69385.41,341.0,1.155,0
6470.2,15,6.3,0,168549.01,269.7,1.005,0
19351.9,107,6.9,1,215408.73,312.2,1.021,0
10806.5,74,7.8,0,209310.26,228.3,1.085,1
6676.2,79,9.1,1,266413.96,295.2,1.024,0
3519.6,18,7.9,0,215375.03,300.4,0.909,1
12508.4,16,3.1,1,116902.46,214.0,0.84,1
14346.7,65,3.1,0,95465.87,341.5,0.894,0
7812.2,141,9.2,1,270339.33,327.7,1.049,0
11654.5,121,8.1,0,229316.64,227.7,1.045,0
25043.5,105,8.0,1,236508.29,175.1,1.152,1
17662.7,168,7.5,1,222983.97,249.4,0.995,0
1880.9,52,3.4,0,101618.41,254.0,1.049,0
6625.0,109,8.6,1,255250.3,223.9,1.102,0
9832.1,22,2.3,0,75845.63,231.8,0.833,0
11176.6,272,4.2,1,142348.41,309.8,0.878,0
11806.7,45,4.1,0,117108.12,356.0,1.125,0
13821.7,104,6.0,0,171318.39,306.9,0.89,0
10035.6,206,5.2,1,158338.62,335.1,0.916,1
10790.3,60,5.1,0,151001.0,260.3,1.08,0
18182.4,102,6.0,0,166268.23,167.8,0.837,0
12654.2,88,4.7,3,190467.57,226.9,0.875,0
4804.3,58,3.2,0,101873.62,216.6,0.989,0
11391.6,50,7.0,0,189136.97,319.1,0.915,0
9848.9,31,8.1,1,235752.22,134.0,0.806,1
2491.7,70,5.3,1,182750.68,269.2,0.987,0
11745.3,46,6.8,1,209051.05,250.8,1.058,0
5263.6,44,5.8,1,188099.97,281.7,0.868,0
18334.9,114,1.5,0,54989.08,202.7,0.976,0
13707.5,84,4.8,2,175305.67,329.9,1.147,0
4615.3,147,1.1,1,61551.55,270.6,1.053,0
17867.5,58,7.0,1,218838.43,192.5,0.879,0
22592.4,33,5.6,0,160624.21,201.1,1.135,0
9115.3,115,2.1,1,89721.6,234.2,1.055,0
9813.2,119,5.9,0,169634.14,292.1,0.963,0
16887.7,94,9.1,1,261804.67,214.4,1.073,1
21656.3,43,4.1,0,115043.08,296.3,0.913,0
3075.6,80,9.8,1,289742.52,257.4,0.993,1
5009.6,32,9.6,1,277673.28,349.2,0.957,0
8202.0,46,8.1,1,241562.35,224.8,1.135,1
8778.5,159,8.3,3,280737.77,256.7,0.872,1
16612.9,54,4.7,1,157372.9,312.7,1.063,0
21718.9,136,4.6,1,143843.89,209.5,0.979,0
22627.1,98,9.6,0,255763.37,204.7,0.91,0
3016.3,203,4.3,1,136296.55,190.4,0.868,1
6221.2,95,1.9,0,75123.69,295.2,1.121,0
4464.8,91,2.4,3,134105.61,173.3,1.077,0
7245.9,22,7.4,0,203192.9,277.2,0.798,0
6204.2,47,4.4,1,144944.21,218.1,1.073,0
13683.3,65,2.8,0,95494.93,218.4,0.829,0
14647.7,251,8.3,1,254975.1,146.6,1.045,1
10708.7,49,5.4,0,156596.56,253.9,0.704,0
10099.8,34,6.1,0,173906.64,215.2,0.717,0
8427.7,26,2.4,1,99005.24,247.0,1.047,0
9063.9,21,2.7,0,85775.47,247.7,1.193,0
24887.2,257,2.1,1,90532.76,363.7,1.171,1
15897.5,87,5.6,0,151664.45,205.0,0.974,0
8631.4,37,8.0,0,214416.15,290.2,1.104,0
9981.0,171,7.6,0,211631.72,239.3,0.994,0
13866.6,219,3.4,0,102542.73,295.0,1.037,0
4614.2,38,8.7,1,260591.46,248.9,0.959,0
11627.9,56,2.0,3,116785.68,366.6,1.097,0
15400.8,155,2.0,3,130048.99,256.4,1.094,1
14284.0,120,8.6,2,269147.04,266.1,1.048,1
6304.0,69,3.2,1,114904.07,331.3,0.833,0
7103.5,157,7.4,0,201236.6,238.4,1.086,0
2258.0,21,1.1,0,43326.06,321.9,1.034,0
16335.8,33,1.8,0,69188.4,331.6,1.039,0
30759.7,45,6.5,1,197310.0,226.7,0.538,0
5717.8,41,2.6,0,76755.67,308.3,0.762,0
19595.3,11,1.3,0,52867.65,202.4,1.09,0
29253.4,59,5.2,1,169808.41,272.6,1.227,1
7906.8,109,4.0,3,172776.38,220.7,0.893,0
9989.5,131,8.2,1,243748.55,255.9,0.982,0
12411.4,124,8.4,0,229039.74,301.1,0.676,0
14022.6,148,6.5,2,222712.7,327.6,0.953,1
12808.0,101,3.6,1,136170.15,120.0,0.974,0
8307.5,52,5.2,1,161014.02,207.7,0.922,0
15263.7,17,7.3,4,284431.24,341.4,1.164,1
8430.0,17,1.6,1,85540.7,260.0,1.031,0
13324.3,83,4.0,0,118377.24,258.1,0.93,0
10476.7,39,8.4,1,249529.54,319.6,1.059,0
2771.1,80,4.7,1,160893.47,113.0,1.129,0
21215.1,30,6.6,1,206912.95,200.2,0.855,0
7229.7,167,1.9,0,69588.22,319.4,0.885,0
22398.8,60,8.0,0,225375.49,159.2,0.799,1
19158.7,64,1.9,0,60064.7,262.2,0.969,1
12192.3,68,8.8,0,234363.21,136.3,1.03,0
14445.6,3,2.0,0,68269.52,227.7,0.892,0
15460.6,155,9.0,1,268690.56,327.7,1.15,0
9428.9,33,4.3,2,171740.29,148.4,1.1,0
9708.8,69,6.6,0,188927.44,240.8,0.886,0
15032.5,79,8.6,1,250914.75,313.2,0.875,0
10544.9,42,1.1,0,46975.52,208.2,0.826,0
8324.8,111,3.4,1,119161.08,279.7,0.943,0
6372.8,145,9.2,1,264574.99,368.9,1.178,1
13552.6,17,4.5,1,146691.52,303.6,0.889,0
7074.3,119,7.4,0,206704.82,272.7,1.063,1
17349.6,14,2.3,2,114635.47,356.3,1.0,0
18182.3,42,7.1,1,220943.14,268.8,0.785,0
14381.4,51,1.7,1,80634.8,252.0,1.1,0
16138.6,52,7.5,1,222458.14,196.7,0.936,1
14406.1,160,3.9,0,120342.24,311.0,0.927,0
16795.6,55,5.2,2,191867.85,382.6,0.995,0
16391.2,55,2.5,1,103561.88,131.8,0.962,1
13130.9,27,6.7,0,193004.7,209.5,1.115,0
19295.0,92,4.0,1,140298.22,254.9,0.923,0
9636.6,65,4.5,1,142135.94,207.5,1.024,0
6503.3,104,6.9,2,232001.14,307.9,1.06,0
6282.7,26,2.6,2,125284.83,297.1,0.865,0
8778.9,206,8.7,1,263224.59,284.2,1.004,0
2462.7,124,7.7,0,207446.69,370.2,0.887,0
12121.4,454,6.2,1,194191.19,279.4,1.053,1
15578.3,78,2.2,0,74836.56,227.7,0.703,0
18037.7,140,7.2,1,216455.88,191.0,1.155,0
3234.9,209,1.2,0,41963.7,288.6,0.939,0
6420.0,94,8.2,0,224273.1,192.7,1.018,0
17053.9,67,3.7,2,148131.46,304.5,1.028,0
9450.0,54,2.1,1,87271.49,231.3,0.937,0
15378.8,61,2.5,1,102045.7,137.4,0.922,0
4446.9,85,9.7,0,269616.44,320.9,1.022,0
22251.5,65,8.0,1,240854.05,294.2,1.148,0
4198.1,117,3.1,0,94400.37,307.9,1.056,0
11913.2,177,9.7,0,266891.19,166.8,0.949,1
12095.6,31,2.3,0,82201.62,339.9,1.154,0
7766.8,30,7.6,1,231016.91,371.4,1.203,1
14090.6,55,6.9,0,200957.89,201.4,0.966,1
14320.8,17,8.4,0,229031.43,283.5,1.033,0
13440.7,197,4.4,0,141821.45,236.5,1.042,0
7675.6,149,4.6,1,154825.57,235.3,1.187,0
6741.9,66,6.6,0,174000.12,276.4,1.08,0
8210.4,71,4.6,0,145733.48,224.7,1.112,0
6146.0,95,1.4,0,48534.43,249.7,1.222,0
19792.6,42,7.6,0,208694.96,378.9,1.027,0
8665.0,60,6.8,2,223061.23,182.8,1.077,0
11712.8,45,4.8,0,138959.04,280.3,1.035,0
17014.9,79,3.7,0,113118.12,397.8,0.991,0
5946.0,80,3.9,0,122005.8,263.1,0.838,0
4069.5,69,7.7,1,232029.92,303.1,0.87,0
6160.3,140,7.6,1,227025.83,214.5,0.814,0
12475.3,70,8.4,1,245005.1,207.6,1.046,0
11981.8,73,7.9,1,233619.29,179.6,1.071,0
13425.9,23,7.8,0,221153.82,265.5,0.872,0
10006.5,115,3.3,1,120974.43,369.9,0.923,0
1350.8,84,1.9,2,100237.42,298.2,0.99,0
9813.4,123,7.9,0,219278.58,270.2,1.187,0
18296.9,40,1.9,1,93867.15,235.2,0.958,0
20949.8,32,9.8,0,261874.18,230.5,1.187,1
11256.3,64,8.9,0,232778.62,209.9,0.634,0
12008.1,14,5.8,0,165257.12,217.1,1.119,0
15215.6,204,4.2,2,163262.79,290.5,0.838,0
20621.2,63,5.7,2,207389.21,405.9,0.985,0
10670.1,8,7.6,0,206336.7,311.8,0.891,0
15095.4,52,7.8,1,232127.41,229.2,0.97,0
7459.6,67,1.7,0,59459.73,214.0,0.968,0
4514.8,177,8.2,0,229669.43,209.9,0.912,0
7971.5,78,6.8,0,183903.98,397.4,0.993,0
23245.0,24,1.4,1,79210.55,314.8,1.018,1
15268.9,96,3.8,1,136297.1,284.7,0.859,0
4823.1,77,5.6,1,171700.88,328.8,0.881,0
15673.0,66,2.7,1,104010.63,302.4,1.167,0
5085.4,58,2.4,0,80733.14,129.7,0.992,0
13319.1,134,1.1,0,44581.77,197.8,1.008,0
5792.8,76,9.2,1,264502.32,329.4,0.898,1
4631.1,73,1.5,1,72246.68,390.5,1.015,0
25396.5,154,4.3,1,141856.4,340.4,0.932,0
8660.9,125,2.9,0,80634.17,257.5,1.068,0
15111.7,96,7.7,0,216257.29,291.5,0.941,0
10936.2,46,7.4,0,210510.18,203.3,0.969,0
5368.3,61,8.3,1,235725.08,286.3,1.245,1
9242.1,71,6.6,1,202430.61,275.8,1.062,0
5400.7,27,6.3,3,230467.93,260.7,0.976,0
35460.8,53,4.7,1,152844.2,300.9,1.004,0
16656.3,78,6.7,0,183692.37,270.0,1.14,1
10814.1,109,2.0,1,87016.4,89.8,0.868,0
14654.4,107,7.2,2,246251.27,224.0,0.998,0
16055.1,19,1.9,0,72138.8,219.6,1.002,0
16079.2,59,8.8,1,256470.22,251.2,1.02,0
15693.1,42,5.6,1,169755.1,278.8,0.933,0
15018.2,16,5.8,2,197895.29,285.5,0.971,0
11345.9,69,6.3,2,212452.28,247.4,0.771,0
24321.3,53,8.0,0,215340.47,253.2,1.071,0
11779.5,76,5.3,1,171714.14,118.9,0.901,0
11002.5,107,4.8,0,140507.66,324.0,1.226,0
11839.5,96,3.6,1,131910.82,270.5,1.002,0
12340.8,221,2.2,2,105893.05,249.8,0.877,0
3254.6,84,2.7,0,90245.57,242.0,0.82,0
6118.6,173,1.0,1,66001.25,171.0,0.967,0
10006.3,33,8.8,1,260001.9,378.5,1.054,0
3131.0,95,7.9,1,233899.92,221.1,1.055,1
10803.7,45,3.0,0,97503.87,164.6,0.886,0
12245.7,63,1.0,0,42540.22,249.4,1.387,0
4371.1,127,5.4,1,164369.54,262.0,1.117,1
7125.9,63,4.7,3,189893.08,327.6,1.166,0
21419.5,142,8.0,0,219741.0,251.3,1.042,1
14739.9,46,4.6,1,149522.41,244.6,0.879,0
14263.2,32,8.8,2,274937.81,214.0,1.016,0
19981.8,87,1.9,1,75384.27,170.2,0.982,0
6198.5,90,4.3,0,130393.09,180.5,1.095,0
4380.4,60,9.4,0,258089.02,293.2,0.953,0
18503.0,112,1.1,1,65503.15,287.4,0.966,0
10178.2,13,4.5,0,139265.36,317.9,0.786,0
6088.6,37,3.3,1,116836.91,249.7,1.024,0
3234.6,99,5.8,1,186610.16,350.7,0.893,0
11919.5,65,3.5,0,109680.79,204.6,0.981,1
9472.9,48,8.8,0,238555.66,233.8,0.966,0
8498.1,83,9.4,1,273045.31,253.7,0.836,0
1760.2,135,8.6,0,235663.26,253.1,0.936,0
24145.4,95,4.6,0,136017.97,210.6,0.925,0
3807.0,122,9.9,1,286373.4,200.4,1.039,0
9018.0,98,7.6,0,203515.62,118.9,0.904,0
8101.3,157,4.2,2,165106.1,354.1,1.071,0
14991.4,53,1.8,2,106608.92,261.0,1.064,0
3262.8,141,7.0,1,213754.08,238.3,0.94,0
13979.3,20,7.6,2,249812.13,212.4,0.98,0
11954.4,30,2.1,1,86257.99,265.5,1.027,0
6900.6,111,5.9,0,176921.0,250.4,0.94,0
13697.4,29,9.9,3,316790.82,363.8,1.045,0
10792.2,60,3.9,0,123408.38,230.8,1.107,0
27326.4,156,3.7,0,113891.33,241.1,1.143,1
9467.6,33,9.1,1,268160.12,305.8,1.127,0
5559.6,129,2.1,2,113733.12,299.8,1.018,0
14059.5,58,9.4,3,312179.62,187.7,0.924,1
8749.7,31,8.0,1,234580.95,291.9,1.151,0
10662.0,75,4.5,0,135640.15,332.7,0.993,1
4406.4,149,1.8,1,92399.3,346.7,1.044,0
15122.6,28,1.2,1,76719.15,186.1,0.669,1
7881.5,27,4.4,3,188664.72,258.0,1.211,0
12499.3,109,7.3,0,206061.79,194.7,1.196,0
31100.3,51,5.4,2,186790.91,311.6,0.862,1
9133.1,223,7.6,1,231353.74,269.3,0.959,0
16303.5,90,7.0,0,195506.24,332.1,0.936,0
9526.2,135,6.2,1,189197.83,292.1,0.819,1
6962.4,88,9.7,0,261780.93,205.4,0.901,0
21834.5,28,7.6,2,241173.54,264.9,1.262,0
2529.8,39,9.2,1,280488.14,215.1,1.043,0
18693.9,43,3.2,2,133577.81,195.6,1.166,1
2279.4,102,7.4,0,209613.03,229.2,0.995,0
17623.9,74,6.4,1,197562.51,271.5,0.742,0
10760.2,17,9.3,1,264598.0,202.0,0.968,0
5570.1,114,5.6,0,159439.25,267.4,0.99,0
8222.7,248,3.5,1,126293.43,179.1,0.953,1
15807.1,33,4.5,1,157189.64,146.0,0.79,0
29485.6,37,3.0,1,111726.12,367.1,1.104,1
3364.3,47,3.0,0,89403.33,235.5,0.884,0
5807.0,68,5.2,1,163185.42,247.9,0.949,0
4123.2,35,9.0,0,251022.63,238.1,1.09,0
9478.4,154,2.7,2,120987.86,290.6,0.889,0
17890.5,190,3.6,0,110255.67,269.7,1.0,0
3718.3,80,8.7,0,228382.32,313.5,1.047,0
10587.9,71,4.1,1,147758.25,276.8,1.24,0
17571.8,18,9.7,1,274782.71,258.7,0.976,0
8147.6,30,3.4,0,110085.51,320.6,1.093,0
12019.7,11,5.0,1,167966.17,237.6,0.954,0
20946.2,48,1.9,2,113166.65,256.8,1.189,0
5088.6,55,9.9,2,299140.27,244.9,0.787,0
2756.4,108,9.0,2,281638.44,342.1,0.827,0
12893.8,81,8.4,1,261728.09,280.1,1.016,0
13102.7,41,2.4,0,77449.64,264.0,0.933,0
7790.1,111,9.7,0,262750.13,129.4,1.078,0
6833.7,272,9.4,0,257943.0,281.5,1.095,1
10891.3,115,4.9,2,183813.65,302.1,0.781,0
5024.3,52,7.1,1,226038.43,315.0,1.127,0
5030.0,87,9.9,0,265702.0,247.9,1.034,0
15748.2,34,4.7,2,170680.84,299.1,1.229,0
4784.9,31,2.0,2,107255.67,287.4,0.94,0
2898.6,199,8.8,0,248765.74,138.2,1.09,0
6824.7,88,5.3,0,149231.29,327.3,1.073,0
7911.7,138,9.9,1,283551.64,250.2,1.178,0
13978.5,61,6.0,1,184240.51,274.2,0.679,0
7220.4,31,1.3,0,50656.39,222.6,0.811,0
22916.1,26,5.4,2,189151.31,301.9,1.125,1
11233.7,38,7.5,1,226541.13,281.8,1.172,0
6210.3,95,1.2,2,85654.66,159.9,1.083,1
13639.7,22,4.7,2,179227.15,218.9,0.849,0
22691.0,76,2.4,3,134062.96,345.0,0.963,1
15504.5,103,6.8,0,180671.31,307.9,1.124,0
3552.8,30,9.6,0,268265.79,240.2,0.966,1
8350.0,271,6.6,1,207646.39,240.9,0.984,1
12385.9,127,7.3,1,225318.49,206.8,1.171,1
15140.8,68,4.6,0,132839.31,210.1,1.07,0
9514.2,43,6.1,0,182040.5,272.1,1.011,0
8706.2,90,5.9,0,171167.56,358.4,1.046,0
27214.9,88,7.8,0,219719.99,241.1,1.086,0
15634.5,77,8.7,1,245007.99,261.9,0.99,1
13664.2,92,7.0,2,229295.84,216.2,1.067,0
7419.7,35,9.8,0,268693.99,254.3,0.896,0
4973.5,115,8.5,1,250920.58,280.5,1.102,0
13802.7,25,2.1,3,124264.24,373.8,0.951,0
16606.5,12,5.6,0,145452.24,330.4,0.903,0
10630.2,107,9.1,2,285172.72,330.4,1.144,0
15658.3,94,9.5,1,277024.38,232.8,1.042,0
15885.5,73,4.4,1,155869.86,205.1,1.03,0
17229.8,47,7.5,0,211518.05,260.0,1.054,1
3506.6,53,4.7,0,138370.13,223.5,0.812,0
8500.4,34,2.1,0,73461.16,233.5,1.089,0
14282.6,87,9.0,1,262905.09,276.6,0.983,0
10995.1,10,9.4,2,288436.77,298.5,1.189,0
15913.5,16,5.5,0,156448.81,332.3,1.298,0
13659.5,36,1.2,2,86155.89,290.8,1.041,0
1877.8,80,8.3,0,234984.43,268.9,1.054,0
19558.0,69,5.3,1,174317.06,211.1,1.023,1
7834.7,161,1.7,1,82470.9,332.7,0.78,0
5965.3,60,2.7,0,80378.82,306.8,0.819,0
19196.1,120,2.4,1,102066.1,234.5,0.85,0
15225.8,77,7.2,0,201408.06,311.0,1.079,0
20703.0,12,3.7,1,142868.15,266.7,1.183,1
12465.8,31,2.1,0,74199.65,328.0,1.059,0
8431.8,34,9.3,0,255155.57,245.7,0.853,0
11631.0,41,9.6,0,262781.9,247.9,0.752,0
5256.7,56,2.2,0,76106.16,164.8,0.943,0
4046.1,140,3.1,0,96958.73,232.4,0.949,0
7061.7,64,6.3,1,193980.42,359.9,1.093,0
24148.7,45,2.4,1,100048.12,420.2,1.131,1
7535.6,125,2.4,0,74489.36,286.8,1.02,0
2949.5,125,4.0,0,134946.56,230.4,0.862,0
9680.4,8,9.5,1,276178.54,243.6,1.007,0
7471.1,68,9.7,2,295171.81,257.2,0.765,0
19756.8,151,8.6,1,251658.18,240.2,0.968,1
23201.5,61,7.3,0,206550.39,307.4,1.142,1
8187.4,32,7.5,0,210926.22,177.5,0.983,0
12458.7,120,5.2,1,168737.31,261.9,1.157,0
13073.6,29,5.8,1,180438.87,369.9,0.952,0
10352.0,78,6.7,1,200750.64,322.7,1.06,0
9231.4,61,7.6,0,209551.02,382.8,0.829,0
5696.9,18,1.9,1,86874.49,252.2,1.049,1
2581.1,136,3.0,0,85020.2,221.6,0.992,0
5674.3,91,9.7,1,284723.76,279.1,0.95,1
10130.9,165,4.0,1,141277.65,214.2,1.145,1
3723.2,68,3.4,0,104101.71,229.2,1.059,0
12078.6,34,4.8,0,140322.63,247.5,0.953,0
11126.1,20,3.6,1,124397.14,333.7,1.156,0
7479.4,126,1.8,0,66363.76,316.5,1.253,0
8988.8,32,2.9,1,99794.42,290.9,0.866,0
4230.6,271,6.8,1,212268.46,266.3,0.961,0
17056.2,204,3.0,2,130431.59,366.0,1.023,0
16893.0,73,6.8,0,181557.74,286.5,1.329,1
4786.9,58,1.9,0,73119.31,205.0,0.912,0
4886.0,41,1.4,0,52412.15,270.5,0.98,0
5725.9,45,8.8,0,236391.82,203.6,1.151,0
14689.6,241,7.8,1,232153.17,228.9,1.173,1
13049.6,51,7.0,0,192388.42,343.0,0.872,0
19074.4,95,1.3,0,55193.28,278.6,1.021,0
20275.5,100,3.2,0,98395.16,266.9,0.965,0
3465.6,131,8.3,0,225869.0,276.1,0.773,0
14390.7,90,2.3,1,94185.62,255.6,0.896,0
19825.4,69,8.3,0,234282.32,133.5,1.088,0
8629.9,38,6.3,1,191345.26,304.6,0.926,1
10513.6,98,7.7,1,229377.6,300.4,1.122,0
9567.8,86,6.8,0,185238.6,271.0,1.058,0
9830.7,51,4.8,3,199271.26,218.7,1.022,0
17023.3,93,3.6,0,107633.02,367.0,0.958,0
26662.2,65,7.1,0,204226.67,231.5,1.021,0
22474.0,86,8.3,1,256958.45,212.5,1.142,0
7707.0,111,1.4,1,76792.29,266.2,0.775,0
12482.0,78,4.4,1,145346.65,302.6,0.86,0
6322.5,118,4.2,1,137304.17,290.0,1.156,1
6762.0,77,6.0,3,231019.03,294.5,0.767,0
10233.8,131,2.0,2,108259.53,331.4,0.866,0
6641.2,56,9.4,0,255166.27,277.7,1.064,0
7308.7,32,5.9,1,189219.5,340.8,1.03,0
12308.1,83,9.3,0,248351.45,290.2,0.913,1
14274.8,187,8.4,0,227916.21,255.3,1.102,1
14056.4,123,2.7,0,83531.79,233.7,0.822,0
14137.0,186,2.2,0,76797.77,343.6,1.326,0
4452.7,50,8.8,1,260327.62,299.6,1.082,0
6417.4,69,5.8,3,225422.77,240.6,0.994,0
10916.4,34,1.2,0,46487.82,234.1,1.15,0
19322.4,26,9.4,1,278540.83,198.9,1.118,0
34756.3,170,5.3,1,160989.06,362.1,1.132,1
12776.8,160,3.7,0,107466.99,289.1,0.973,0
16108.2,105,5.6,0,164646.83,348.4,0.813,0
4094.5,51,8.4,0,233098.8,386.6,1.13,0
15863.2,113,2.0,2,108063.66,372.7,1.106,0
29692.9,152,4.2,0,118018.05,236.0,1.103,0
6401.7,200,3.9,2,158254.19,434.5,0.912,0
7464.6,22,8.6,0,235703.66,306.5,1.117,0
17324.3,56,8.0,0,221307.84,190.7,0.949,0
10833.4,53,4.6,0,138916.96,275.6,1.156,0
2399.1,63,7.0,1,210552.74,267.0,0.986,0
7758.9,100,4.6,1,158059.13,286.3,0.849,0
23148.1,13,6.1,0,175133.57,278.6,0.885,0
8946.3,50,9.9,1,288193.02,298.1,0.927,1
8941.6,54,5.8,1,187666.3,218.5,1.155,0
16707.1,76,9.9,2,295232.0,279.7,0.994,0
13045.6,83,7.7,0,211115.8,235.2,0.951,0
8645.6,62,2.1,1,88515.97,272.5,1.318,1
7146.5,225,8.2,2,256944.57,250.5,0.972,0
43853.2,66,2.5,1,100876.08,235.9,0.876,1
21037.5,99,5.8,1,181085.07,305.9,1.277,0
14133.9,111,6.5,0,187427.63,291.0,0.912,0
14655.6,37,9.0,2,283241.55,286.1,0.862,0
9868.0,38,2.9,2,125005.99,234.1,1.143,0
12954.9,112,8.9,1,261435.73,295.4,0.904,0
9234.9,161,9.4,0,250282.83,258.5,0.968,0
6015.8,199,1.8,3,113285.84,235.7,1.022,0
13251.6,38,9.0,2,279005.77,320.7,0.965,1
8747.0,135,3.3,0,106181.82,309.6,0.973,0
13652.7,72,1.7,0,66352.62,80.0,1.072,0
15141.9,160,9.6,0,263968.41,131.9,0.984,1
14069.2,92,4.5,0,130623.83,354.3,0.897,0
5687.7,105,6.6,1,200389.17,185.2,0.979,0
8166.1,177,6.0,2,193307.14,181.3,1.141,0
8852.9,188,2.9,0,85892.74,251.4,0.945,0
18394.6,80,7.0,1,222269.19,275.9,1.117,0
17861.0,19,1.4,0,55859.28,231.0,1.026,0
6670.6,43,2.8,0,88536.52,80.0,0.948,0
4377.1,245,9.5,1,279895.96,269.3,0.92,0
35666.3,109,9.6,1,279967.67,368.1,1.003,1
13752.1,38,5.3,1,173314.12,177.5,1.175,0
3961.4,48,2.5,0,81083.2,358.9,0.975,0
7386.5,145,4.8,0,139525.2,243.3,0.876,0
18825.9,222,8.9,0,245652.36,367.1,0.909,1
30950.2,75,1.6,2,102010.46,297.4,1.094,0
28149.3,160,2.2,0,73257.43,227.3,0.92,1
13419.4,134,9.1,1,267803.89,297.8,1.177,1
10688.7,93,4.7,0,130187.88,338.7,1.129,1
5320.0,118,1.8,0,59954.45,172.3,0.903,0
11236.2,90,2.3,1,92681.41,266.6,0.988,0
5822.0,163,8.9,0,238206.91,322.1,1.142,1
8216.9,122,5.4,1,170961.88,239.4,0.953,0
17314.0,22,2.5,2,130905.68,181.1,1.002,0
9206.4,65,9.0,1,273480.68,382.9,1.114,0
8826.5,37,8.6,0,228907.38,151.6,1.181,0
10342.1,81,1.2,2,84973.17,241.1,1.079,0
38576.8,63,6.2,1,192032.52,255.7,1.018,1
4927.2,47,3.2,2,132779.88,385.6,0.955,0
12606.8,29,5.8,2,194273.21,126.5,0.848,0
26771.0,12,3.5,0,107212.95,259.1,0.963,0
10323.4,162,3.8,0,112040.45,221.7,0.965,1
20821.3,161,6.4,1,191912.82,221.4,1.084,1
4161.6,28,5.8,2,198903.5,353.9,0.979,0
9395.0,92,4.6,1,157726.38,201.7,1.003,0
6247.8,17,2.0,4,138629.57,184.6,1.166,0
10257.1,41,9.7,0,260448.53,189.4,1.007,0
10389.4,60,2.6,1,102385.54,269.9,0.935,0
11050.2,45,6.7,2,228826.63,258.5,0.858,0
17223.8,108,1.7,0,56538.02,243.9,0.946,0
1692.3,6,7.2,0,202899.43,228.0,0.886,0
7174.2,40,1.9,0,67301.92,345.3,0.93,0
12107.1,128,3.1,0,101044.04,141.8,1.339,1
2504.8,16,6.8,1,211639.94,332.6,0.967,0
15248.3,44,3.5,1,136158.06,176.1,1.041,0
7086.1,139,5.8,0,161995.2,324.4,1.237,1
9506.2,237,2.1,1,86608.99,308.6,0.881,1
17664.7,162,2.8,0,87257.26,297.9,1.047,1
21349.2,59,7.6,1,229468.02,254.6,1.133,1
15513.5,236,1.3,0,58682.48,234.3,1.041,0
4827.5,131,2.0,2,113300.68,271.4,0.948,0
15075.5,28,2.9,1,108385.38,327.6,1.065,0
15654.9,18,1.2,1,76395.79,240.9,0.894,0
13941.1,124,1.9,1,85697.28,229.3,0.977,0
23281.9,67,3.5,0,108008.22,257.4,0.808,0
11223.6,28,1.8,2,101597.45,244.4,1.07,0
22786.8,64,8.8,1,264608.88,250.2,1.148,1
22710.1,146,1.6,2,91334.06,359.3,1.095,1
15905.6,45,8.7,0,240572.41,213.7,1.075,0
12723.5,44,8.4,1,248998.44,335.7,0.997,1
13987.2,64,1.9,1,79034.35,315.4,0.936,0
26069.6,70,1.2,0,37617.29,173.5,0.832,1
19308.5,56,1.4,1,74778.14,217.2,0.895,0
5243.9,109,6.3,2,207678.25,257.0,0.911,1
13482.8,117,7.0,0,194456.09,256.4,1.05,0
6032.7,69,6.6,1,202395.02,228.0,1.14,0
6949.0,43,5.9,1,176381.41,320.8,1.024,1
8424.9,50,2.6,0,83386.13,272.2,0.986,0
3867.8,171,8.6,0,231496.51,264.3,1.217,0
5768.1,233,3.9,2,151926.05,337.8,1.062,0
23986.4,24,9.9,1,282420.87,216.4,0.833,0
6920.9,30,4.5,1,147618.96,225.4,0.991,0
17278.6,49,3.4,1,116850.56,236.6,0.947,0
11828.9,174,9.0,0,265786.82,176.2,0.79,1
14704.0,56,6.1,1,182123.91,258.7,1.135,0
15062.6,109,7.5,1,227463.58,297.5,1.023,0
5593.9,64,4.7,1,153278.8,184.0,1.217,0
17221.5,50,9.0,5,330584.1,197.1,1.137,1
4471.5,62,9.3,1,272411.82,262.5,0.929,1
6732.0,28,4.9,0,148585.32,280.6,1.061,0
14938.0,118,3.2,1,117960.27,245.1,1.055,0
5342.0,43,6.8,2,227445.34,236.5,0.991,0
2296.9,47,9.6,0,260862.6,341.0,0.781,1
13117.5,39,6.6,2,219901.35,225.1,1.1,0
3362.6,190,9.6,1,281252.64,350.8,0.793,1
15746.2,53,4.1,0,116418.34,226.2,0.837,0
8812.9,85,9.2,2,280563.1,291.1,1.038,1
13008.4,11,2.0,0,75840.17,224.7,0.877,0
12867.9,5,4.2,0,116872.48,234.2,0.91,0
16413.0,28,5.5,2,190912.85,221.9,1.019,0
15188.3,139,6.9,0,185524.79,303.7,1.09,0
5308.6,81,3.6,0,110224.55,357.8,0.964,0
9150.5,202,9.3,3,304034.32,266.2,1.198,1
12999.4,153,9.1,0,252947.53,197.2,0.881,0
23014.1,39,8.2,0,233536.66,297.7,1.149,0
15267.8,65,2.0,1,83109.57,348.5,0.902,0
21914.9,168,1.7,1,76367.3,312.3,1.226,0
13398.0,60,5.5,1,172538.63,177.0,1.176,0
19497.7,115,7.9,2,252181.7,223.4,1.045,1
12379.4,24,2.1,0,77087.05,211.1,1.105,0
19053.0,92,6.8,0,184244.32,263.5,1.123,0
8532.0,72,5.8,1,180411.19,294.5,0.967,0
24484.5,40,7.5,2,243143.25,326.9,1.019,0
14276.2,66,4.9,1,158697.58,284.1,0.837,0
3888.6,91,7.2,3,257962.83,350.9,0.85,1
13252.9,136,2.4,1,97694.74,371.0,1.139,0
15296.4,192,2.9,1,103087.06,346.1,1.005,0
17556.8,125,9.1,0,241481.13,219.5,1.135,1
29199.8,158,4.0,2,154503.5,301.9,1.085,1
7692.4,35,9.9,0,275849.33,293.0,1.028,0
29307.7,31,1.4,1,76008.98,373.7,1.17,1
10690.8,106,5.5,0,161404.19,448.3,1.147,0
6514.7,26,3.9,1,135932.62,237.5,0.916,0
7800.3,62,10.0,2,305163.92,274.3,0.839,0
14782.0,123,9.9,1,286991.36,268.9,0.885,1
5890.1,174,3.1,0,98230.24,334.8,1.16,0
8623.9,94,3.4,0,106102.46,255.7,1.103,0
13062.7,33,7.7,1,237118.88,304.8,0.821,0
24379.5,74,9.0,0,245600.45,265.8,0.986,0
17273.7,80,7.0,0,193873.37,172.9,1.137,0
10953.4,43,8.8,2,283642.78,262.5,0.901,0
14743.6,19,1.6,2,97773.32,276.6,1.003,1
12321.9,125,6.8,1,198210.06,280.4,1.123,0
4776.4,63,7.3,1,216425.56,326.8,1.094,0
26733.1,114,2.7,1,99249.22,240.1,0.857,1
24593.9,88,8.0,3,276711.34,201.9,1.087,1
10190.9,63,9.5,4,336037.38,350.8,1.03,0
7980.1,57,9.1,0,250989.0,238.0,1.102,0
4854.8,71,3.2,0,99418.35,277.2,0.931,0
15273.1,105,3.9,0,126655.02,269.7,1.112,0
15329.8,8,5.5,1,176904.37,174.4,1.056,0
6228.3,103,2.4,0,85186.21,353.7,1.185,0
12407.3,98,9.6,0,261614.78,283.8,0.985,0
16972.5,124,2.5,1,93881.82,303.2,0.912,1
7636.5,180,7.9,0,214345.63,342.1,0.852,0
9434.1,44,4.1,0,124316.14,258.3,1.155,0
9377.7,22,6.2,0,175817.02,302.4,0.737,0
6495.5,84,1.4,3,108834.23,277.1,0.808,0
9553.1,80,2.8,1,107048.15,314.5,1.008,0
3411.8,58,5.0,0,147953.86,244.9,0.931,0
9079.3,100,7.1,2,238334.78,361.7,0.834,0
9165.7,47,8.0,0,221304.83,199.1,1.07,0
10268.3,64,1.3,3,113779.94,350.0,1.076,0
14114.8,103,2.4,0,85269.81,354.9,1.028,0
4579.6,59,7.6,0,206941.74,286.0,1.12,0
5205.2,80,8.3,1,249855.98,263.0,1.035,0
6386.2,59,3.1,1,130460.92,349.5,0.749,0
4242.8,33,3.1,0,92666.43,323.6,0.96,0
15044.6,123,1.8,0,67849.56,217.2,1.028,0
7424.2,116,2.4,0,70375.39,300.3,1.073,0
10462.6,114,1.1,0,50515.21,252.2,1.037,0
6029.1,67,6.3,0,182319.14,292.8,1.071,0
8485.8,129,9.1,0,248086.33,303.1,0.934,0
12756.9,132,2.3,0,77219.74,218.9,1.0,0
13118.6,167,7.8,1,232075.31,182.5,1.071,0
5360.5,68,6.2,0,168119.86,232.1,1.272,0
10148.8,83,9.5,1,272830.81,341.9,0.888,0
6098.0,33,8.2,1,242061.24,274.6,1.077,0
9922.0,180,8.7,1,258875.33,343.4,0.866,0
7030.5,60,6.8,0,177398.04,372.8,0.93,0
27672.9,26,8.3,1,246457.71,275.0,1.121,0
16917.4,170,4.2,1,137713.63,296.4,1.04,1
13451.2,66,2.9,1,110254.39,317.6,0.976,0
8946.7,223,9.2,0,260426.82,144.9,1.268,0
17194.4,76,7.6,1,225673.0,228.3,0.933,0
10328.0,43,1.8,1,76668.98,264.4,1.054,0
26118.8,126,8.8,1,250033.78,332.6,1.088,1
18166.7,63,4.1,2,160175.08,179.6,0.804,0
8447.3,111,3.7,1,136300.49,312.2,0.976,0
24478.6,45,6.6,1,194955.33,235.5,0.856,0
8975.2,103,6.1,0,176510.89,299.6,0.721,0
28565.1,57,5.8,0,162741.63,244.3,1.045,0
25202.4,121,3.3,0,102218.92,251.2,1.061,0
12716.5,70,9.6,1,285672.74,237.6,0.927,0
3510.4,83,9.6,0,257228.92,244.6,0.88,0
12146.2,63,1.0,1,66334.65,340.0,1.184,0
4984.7,72,4.0,0,117941.48,204.8,1.235,0
7168.3,119,1.4,2,89832.42,183.4,1.074,0
7518.5,33,8.7,1,253929.36,195.6,1.007,0
4955.0,90,9.0,0,243251.26,235.1,0.927,0
12173.1,293,5.7,1,169197.26,259.4,1.035,0
6630.9,155,8.6,1,252462.35,277.0,0.993,1
9230.6,67,7.3,1,224217.34,259.7,1.084,0
7559.4,80,5.5,2,194101.96,228.8,1.15,0
14149.8,54,4.3,0,131245.28,384.4,1.038,0
13564.5,109,3.4,1,124418.58,302.9,1.007,0
8779.8,27,3.3,1,114424.51,220.6,0.821,0
14555.3,56,6.1,1,187414.09,266.0,1.051,0
20876.6,43,2.5,1,95668.74,331.3,1.078,0
2017.1,55,2.6,0,71277.92,233.7,1.126,0
7285.5,87,1.1,0,52487.73,253.3,0.788,0
5644.3,9,6.5,2,233387.56,240.7,1.041,0
6872.3,61,9.9,0,265355.88,335.1,0.918,0
1708.9,52,9.0,0,246065.39,291.9,1.087,0
1945.5,136,7.4,2,235194.7,227.2,1.025,0
903.5,37,8.1,1,240853.28,395.1,0.923,0
7724.1,88,4.8,0,144909.69,207.0,1.201,0
7585.3,67,3.7,0,114581.34,265.5,0.954,0
22548.0,142,4.3,2,168978.4,338.9,0.925,0
11616.2,130,1.7,1,88731.26,259.6,0.949,0
14343.0,199,6.7,0,196259.03,247.1,0.776,0
62357.4,145,2.6,2,121931.64,292.9,0.808,1
2023.4,92,7.9,2,248387.16,276.6,1.144,0
26363.9,125,2.7,0,84526.93,217.1,1.005,0
10372.1,63,3.1,0,95582.15,309.2,1.06,0
8128.6,81,9.6,1,277028.32,217.4,1.028,0
7360.7,84,1.9,0,61705.3,183.7,1.035,0
12967.0,39,5.5,0,157147.72,279.3,0.995,0
8172.5,139,1.6,1,77757.56,215.6,0.925,0
4856.9,172,1.8,1,78839.84,270.1,1.073,0
7538.1,68,6.7,1,205247.35,291.4,1.022,0
13183.6,72,6.7,2,217059.49,279.7,0.867,1
15800.2,47,2.7,0,89676.59,456.3,1.074,0
27871.3,30,8.9,1,255191.65,356.8,1.188,0
11320.1,116,7.3,2,240616.83,302.6,1.043,0
21567.7,32,3.7,0,115663.4,299.1,0.927,0
9444.8,30,3.2,0,104900.07,318.2,1.029,0
10252.9,112,7.8,1,241569.3,269.7,1.092,0
9925.3,85,7.6,0,212409.9,264.4,0.871,0
12131.5,117,2.3,1,96280.48,266.8,0.94,0
17410.8,43,4.1,0,128204.99,241.6,1.004,0
7959.2,214,3.0,2,121847.47,391.6,0.962,0
5848.7,38,3.6,1,127044.04,209.6,1.022,0
18202.6,52,3.6,1,125290.01,328.1,1.169,0
17473.3,44,9.8,0,260707.16,319.1,0.822,0
23467.5,210,7.8,2,248731.02,312.1,0.835,1
7187.9,57,8.0,0,230970.32,274.1,0.951,0
9236.4,36,3.5,0,106297.96,217.2,1.029,0
18590.2,282,1.0,0,47675.69,298.1,0.848,1
7900.5,190,1.5,0,53949.46,298.1,1.217,1
15421.1,157,6.0,0,165636.52,412.8,1.107,0
9470.1,183,3.6,2,140615.21,310.5,0.843,1
12926.5,37,2.7,2,120705.92,288.9,1.007,0
4789.1,199,1.4,2,99661.54,272.7,1.049,0
11233.0,65,8.9,0,240117.03,248.0,0.897,0
630.0,95,6.4,0,176218.54,287.5,0.798,1
20642.5,74,2.0,0,71459.3,308.9,0.904,0
16593.1,171,7.9,0,217963.0,226.2,1.117,1
5591.4,8,7.8,1,241568.64,243.4,0.849,0
26635.5,33,3.6,0,111912.98,218.8,1.158,1
19936.9,183,2.7,2,130473.02,300.6,0.885,1
4949.4,47,8.3,2,258331.57,338.9,0.689,1
7571.1,168,4.0,2,154641.31,109.0,1.143,0
5146.7,46,8.6,0,239311.33,251.9,0.942,0
13138.9,63,1.4,0,51437.31,379.1,0.972,0
7358.0,225,5.5,0,157800.1,316.1,1.034,1
2417.1,124,2.6,2,115503.82,294.8,0.84,0
10224.6,86,7.0,1,213941.64,199.8,0.868,0
17795.8,106,10.0,0,262057.4,324.0,0.952,1
11372.5,146,4.7,0,133947.57,267.3,1.122,0
14625.0,82,1.9,0,61199.2,317.0,1.034,0
12025.8,112,3.9,0,115362.39,406.2,1.032,0
16202.3,285,9.0,1,266206.05,192.6,1.118,0
12665.9,35,7.9,1,228415.69,358.1,1.097,1
9885.0,85,3.1,2,135622.58,253.5,0.899,0
11288.3,54,9.6,1,274521.23,345.7,0.907,0
23954.0,40,6.6,0,174350.56,235.4,1.063,1
15102.9,84,2.5,0,86584.73,212.0,0.982,0
5578.7,40,6.2,1,193681.56,316.0,0.986,0
11180.8,36,5.1,0,144624.45,171.0,0.756,0
13001.8,71,8.4,2,269728.83,224.6,0.998,1
9684.3,109,4.1,2,168893.76,224.8,1.094,0
2427.9,104,8.9,1,260416.39,229.9,0.956,0
5975.9,72,8.3,1,251573.99,307.8,0.974,0
8186.7,27,7.1,0,188610.43,302.0,1.184,0
28358.4,25,3.3,2,141182.81,263.7,0.921,1
14166.8,97,9.7,3,319659.85,223.8,1.214,1
3415.8,48,5.9,5,260697.22,259.9,0.808,1
10066.7,88,9.2,1,260135.89,192.6,1.055,0
21881.8,81,2.9,0,90775.07,192.3,0.796,0
7290.7,16,9.9,1,285834.75,225.5,1.072,0
18988.5,185,8.3,2,264250.19,181.0,0.887,1
3502.0,25,9.5,0,256822.78,276.2,0.856,0
801.0,64,2.9,1,114059.55,303.4,0.926,0
20584.5,29,4.9,1,156443.74,268.4,0.921,0
7918.3,48,1.9,1,82979.59,201.1,0.991,0
2521.8,52,2.2,0,78675.06,240.1,1.09,0
8324.8,56,3.6,0,114557.07,322.9,1.146,0
11959.5,66,9.6,1,278599.74,338.0,1.233,0
13878.2,210,7.0,1,221163.97,195.2,0.978,1
1270.9,38,3.8,2,159662.53,294.3,0.971,0
6918.9,112,9.6,1,286656.3,218.3,1.019,0
11056.6,156,7.7,1,224384.55,338.7,0.942,1
13860.0,105,9.2,1,266606.5,342.0,0.728,1
5533.0,176,9.3,1,272302.07,118.2,1.032,0
9373.2,105,7.8,1,226887.91,211.2,0.856,1
7275.8,103,3.2,0,98712.71,292.7,0.999,0
12199.3,159,10.0,2,301783.24,133.9,0.943,1
20170.2,94,3.9,0,107393.43,355.8,0.863,0
8617.6,157,7.0,2,226838.24,291.2,0.92,1
3981.4,94,8.6,1,253216.84,173.9,0.877,0
6671.3,155,2.6,2,128913.57,326.7,1.013,0
26486.3,198,6.5,2,211484.54,327.1,0.946,1
5991.9,59,4.4,2,171590.41,301.4,1.02,0
4583.5,53,3.2,2,135967.62,292.7,0.846,0
8285.2,176,1.1,1,64976.67,317.4,1.046,0
10068.2,153,8.8,1,255006.0,199.4,1.192,0
7569.2,18,2.2,1,91348.71,276.2,1.033,0
3517.2,89,8.9,1,259300.25,216.3,1.126,0
12908.2,223,6.4,0,183814.73,331.6,0.967,1
12206.8,33,6.6,1,201964.11,262.1,0.962,0
15861.5,29,8.5,0,240397.45,127.8,1.079,0
12043.6,47,5.6,0,153833.57,171.7,0.973,0
25270.8,56,4.2,3,186708.41,259.0,1.127,0
16573.4,21,2.2,2,108658.88,227.5,0.986,0
14702.3,33,6.1,0,170270.19,229.9,1.026,1
20587.2,19,6.0,1,189526.09,214.9,0.94,0
11610.0,87,3.6,0,105278.34,210.1,0.845,0
9498.2,86,6.4,0,187896.87,282.4,0.984,0
12822.4,177,5.0,0,143279.5,305.1,0.971,0
2324.0,92,8.2,2,262852.0,275.8,0.934,0
11632.3,111,6.0,1,189023.13,299.9,1.058,0
10061.5,118,9.4,1,277862.76,263.8,1.131,0
13649.0,37,5.7,1,175478.77,167.3,1.144,0
19020.7,34,9.0,1,256672.1,349.8,0.984,0
14950.4,30,5.7,0,163069.37,345.9,0.931,0
6683.5,56,6.0,1,187919.35,297.4,0.901,0
17287.9,53,4.3,1,143510.64,186.1,1.257,0
25475.9,80,4.6,0,139764.97,171.6,1.155,0
19299.5,124,9.4,2,289179.16,215.9,1.006,0
4253.3,111,3.0,0,88271.73,389.1,0.757,0
14859.4,52,2.1,1,105249.51,282.4,0.985,0
4735.3,46,8.5,1,246068.83,261.3,1.106,0
8922.0,50,6.2,0,177846.59,267.6,0.914,0
13414.5,55,3.6,0,108420.88,236.7,0.864,0
12395.0,24,4.9,1,147754.82,256.4,1.08,1
19087.8,93,5.7,1,177191.91,265.7,1.003,0
25545.1,224,6.3,3,231214.83,225.4,1.005,1
14207.7,77,8.4,0,217008.55,187.3,1.003,0
8494.8,79,4.5,0,128229.27,266.5,0.844,0
2424.2,101,7.1,2,230080.74,213.9,0.916,1
21802.9,32,8.5,1,249208.7,324.9,0.994,0
10094.3,47,8.6,1,259233.65,289.5,0.846,0
10423.1,51,3.3,1,118968.97,253.7,0.89,0
10938.9,31,4.2,0,120849.11,217.0,1.18,0
13829.9,196,6.4,3,237344.88,300.9,1.028,1
14067.9,122,9.0,0,240012.88,303.3,1.028,0
9012.2,127,8.1,0,231833.06,232.6,1.086,0
10032.4,60,6.3,1,190667.83,281.4,1.073,0
7193.7,83,9.9,0,264363.06,208.5,1.019,1
6680.0,56,5.0,2,178579.05,269.9,0.912,0
6658.3,65,8.6,1,255604.82,210.9,0.881,1
9960.0,79,8.4,2,269491.91,230.7,1.042,0
5816.4,68,9.2,3,304894.04,311.8,1.182,1
717.1,79,9.9,2,300546.26,330.9,0.716,1
8400.9,21,5.5,0,150640.66,176.5,1.098,0
4453.6,33,2.8,0,90767.63,250.8,0.849,0
11397.4,56,5.1,1,169412.01,300.7,1.049,1
7175.2,63,8.7,0,241561.38,197.4,0.972,0
13930.3,63,8.5,1,244478.65,236.2,0.95,0
4763.6,108,4.0,2,156734.24,292.8,1.01,0
2827.9,89,1.4,1,67469.74,227.7,1.065,0
10047.9,98,5.6,3,214449.71,180.2,1.138,0
8173.8,50,5.3,1,166823.62,239.9,0.917,1
4169.0,37,1.8,1,78815.65,247.3,1.06,0
16581.0,67,8.2,1,248401.78,353.4,1.037,0
5368.1,116,3.6,0,114442.44,401.3,1.049,0
6468.0,191,6.8,0,191339.36,280.2,0.988,0
18389.9,51,1.9,1,82875.63,265.7,1.062,0
14401.7,191,8.7,0,242286.61,193.3,1.227,1
4959.7,34,7.7,1,233842.76,176.2,1.021,0
8648.6,23,4.5,0,132299.02,329.7,0.98,0
4603.5,62,6.7,0,190681.66,171.7,0.973,0
17634.0,37,2.7,1,105242.61,299.6,1.026,0
17627.2,45,9.9,1,282045.03,403.2,0.988,0
27636.7,135,8.2,1,243618.58,198.7,1.198,1
33589.2,127,8.1,0,216933.67,145.0,0.861,1
7119.5,89,2.4,1,92704.1,288.8,1.165,0
16032.2,85,1.2,0,40918.43,337.1,0.948,0
2488.5,45,6.3,0,184349.56,200.6,0.991,0
11922.5,67,2.3,1,92770.22,317.6,1.074,0
13694.0,60,8.0,1,245169.86,334.9,0.936,0
5577.0,27,4.7,0,128920.08,282.9,0.926,0
6827.5,212,4.0,1,151626.21,236.1,0.896,0
17695.2,61,1.7,1,78474.77,308.4,0.913,0
13893.9,35,10.0,1,288558.41,228.7,1.021,1
25683.5,25,9.6,2,290018.66,257.3,1.241,1
24030.7,102,2.2,0,73792.7,238.2,1.07,0
3092.4,201,4.0,0,116614.57,276.9,1.098,1
7594.6,241,4.5,3,182319.25,270.6,0.866,1
5172.5,70,3.7,1,128233.38,258.5,0.87,0
16419.1,61,9.4,1,264776.54,245.5,1.097,1
12629.5,80,7.5,0,217012.78,295.7,0.77,0
5427.6,79,9.6,0,258726.28,216.2,0.991,0
6036.2,16,8.9,0,247688.37,211.3,1.137,0
21088.2,56,7.8,0,229296.21,328.2,0.976,0
8163.1,93,7.3,0,198325.44,315.8,0.976,0
2151.8,105,8.8,0,241662.39,218.5,1.091,0
5089.5,110,7.2,1,219309.35,214.7,0.978,0
28656.9,78,2.7,0,81184.46,218.1,1.119,0
18693.3,34,6.8,1,213074.72,149.2,0.924,0
4390.0,69,5.6,0,167678.86,316.7,1.144,1
11919.3,161,9.8,0,263802.4,281.7,0.998,0
18040.9,97,5.6,1,179969.69,206.2,0.839,0
3058.2,63,1.3,0,54274.32,302.5,1.032,0
19184.5,254,3.4,1,121437.14,313.1,0.831,1
13816.7,81,9.3,1,274553.58,257.0,1.002,0
6558.6,68,9.7,0,258092.66,287.1,0.883,1
15112.2,116,7.6,0,207026.85,285.9,0.792,0
12735.2,31,1.5,1,68769.24,259.1,0.761,0
13252.6,61,1.2,0,47922.56,261.8,1.098,0
11663.5,69,5.3,0,157723.87,282.0,0.867,0
5884.5,20,10.0,0,269349.71,272.4,1.062,0
6658.0,86,8.8,0,237506.0,233.6,1.056,0
9185.7,105,9.4,0,245566.09,226.9,1.158,0
10970.0,52,6.6,1,195622.06,355.8,1.055,1
15630.3,120,8.7,2,267512.64,237.4,0.744,1
29034.7,146,3.9,1,135175.66,183.1,1.118,1
12251.0,157,1.2,0,60146.32,330.7,0.97,1
15471.3,35,9.3,0,254694.42,257.4,1.174,0
17522.0,84,3.0,0,93509.13,255.5,1.028,0
16104.5,112,7.6,0,212807.03,256.6,1.079,0
5731.2,84,6.9,1,208648.02,335.3,1.1,0
22195.9,140,2.4,1,84496.8,201.6,0.904,0
20281.6,88,2.8,1,110676.2,325.9,1.088,1
11568.2,34,4.0,0,123571.59,279.9,1.047,0
5970.0,141,7.8,2,245516.65,315.2,1.084,0
10864.0,82,1.4,1,72342.24,232.7,1.019,0
3372.6,195,4.7,1,159899.1,421.0,0.943,0
23808.9,34,7.0,0,187714.57,253.3,0.861,1
7069.3,83,2.5,1,107685.77,256.3,0.993,0
8893.7,186,2.1,0,76260.29,205.4,1.098,0
22874.4,89,4.5,1,157150.26,252.3,0.994,0
21370.9,125,3.6,0,119755.5,208.4,1.055,0
13030.5,149,6.8,1,204829.79,389.9,0.655,0
25791.3,80,9.7,1,285304.07,152.1,1.127,0
5605.9,42,1.0,2,75762.75,120.7,1.091,0
13034.4,135,9.1,2,280974.26,226.5,1.042,1
5638.2,70,4.9,2,188070.15,282.0,1.142,0
19594.0,15,7.0,0,198177.87,341.4,1.018,0
19210.0,166,8.7,1,251358.33,268.1,1.121,0
26802.0,210,6.2,0,169517.39,240.1,0.996,1
10664.6,50,1.9,1,84831.77,260.4,0.95,1
30918.3,77,2.3,1,90808.95,306.3,1.031,1
5316.5,221,8.1,1,231712.51,189.8,0.858,0
10318.4,188,3.1,0,95917.44,319.1,1.139,0
5450.9,113,6.1,0,166491.07,148.2,1.139,0
11999.8,178,4.9,2,174637.42,245.3,1.219,0
5784.1,67,3.7,1,140088.82,254.1,0.99,0
19623.9,27,8.1,1,237738.41,174.4,1.019,0
14081.2,156,7.6,0,202253.81,262.0,1.019,0
5004.9,76,6.8,1,211679.6,233.7,0.954,0
17101.1,22,4.4,0,129550.92,274.6,1.029,0
24786.1,52,3.0,1,118995.21,277.3,1.037,1
14873.1,65,5.6,3,215069.15,282.3,0.696,0
4001.3,71,8.4,0,229035.78,229.5,0.881,0
9722.9,46,6.2,1,194062.84,269.1,1.124,0
15975.4,36,9.7,1,287490.72,332.7,1.033,0
9158.7,19,1.1,1,60945.4,307.8,0.78,0
5268.9,19,10.0,1,292940.32,278.2,0.88,0
20887.0,75,7.2,1,219488.59,202.0,1.008,0
8914.8,91,8.5,0,236325.91,104.5,0.898,0
24794.6,35,4.0,0,114205.22,140.7,1.068,0
7621.0,175,5.6,2,191396.28,298.4,1.051,0
8591.2,58,8.2,0,216019.49,211.8,1.065,0
7239.1,71,7.8,1,230750.93,183.2,1.009,0
9620.9,68,4.0,2,155217.17,220.7,0.993,0
13948.0,16,3.9,0,111497.69,251.8,1.208,0
5461.6,141,7.0,0,190645.94,265.1,0.892,0
4767.5,111,9.4,0,256565.52,216.0,0.658,1
3005.3,179,4.9,1,166740.27,314.9,0.791,0
2716.0,172,4.2,0,123953.02,246.9,0.899,0
4036.6,102,9.1,2,282920.04,244.9,1.233,0
7587.2,116,7.1,0,197542.34,204.5,1.109,0
11870.4,34,4.5,0,129079.42,376.9,0.856,0
13502.3,58,1.5,0,56194.3,250.1,0.89,0
11545.9,68,7.5,0,205864.28,292.6,1.049,0
23228.1,52,4.2,1,145836.43,270.4,0.977,0
27361.3,169,1.6,0,65534.01,334.6,0.852,1
8941.4,85,6.5,0,182840.04,209.1,0.848,0
5525.4,43,3.9,1,132203.08,291.5,0.894,0
31979.4,163,4.0,3,164398.22,241.1,0.869,0
20486.3,87,5.3,0,147951.32,271.4,0.899,1
19643.8,137,7.5,1,225920.5,239.3,1.017,0
7390.8,33,3.5,1,123240.41,374.8,1.021,0
17342.8,92,1.7,3,115943.23,253.3,0.758,0
11601.0,41,4.8,0,132590.7,166.7,0.992,0
10190.7,89,1.5,1,73587.63,252.2,0.918,0
10180.0,111,7.3,0,205597.54,268.0,1.039,0
14321.7,31,9.6,2,287844.18,267.9,1.111,1
23649.7,74,6.9,1,192530.05,183.6,1.066,0
33446.2,33,3.5,1,118463.31,189.0,0.848,0
8237.2,141,2.6,0,86927.13,371.5,1.017,0
11995.2,79,3.1,2,128600.89,246.4,1.122,0
10034.0,43,3.0,1,116682.43,252.7,0.938,0
13775.4,51,3.8,0,120353.46,385.3,0.648,0
9278.5,57,1.9,0,59715.85,308.1,1.091,0
30400.9,177,9.1,1,268750.63,258.0,0.851,1
6837.5,72,9.0,0,248715.67,274.1,1.163,0
8244.5,127,6.5,1,202225.29,379.7,0.956,0
7461.7,75,1.6,0,57626.84,222.0,1.123,0
9734.8,34,8.2,1,249183.21,310.1,0.879,0
4255.2,51,1.6,1,85082.44,300.9,0.959,0
7554.5,95,2.0,1,86533.18,263.6,1.056,0
13697.1,16,3.9,0,119446.22,227.2,1.144,0
13638.2,105,4.9,0,145663.21,284.2,1.051,0
12403.0,46,4.2,1,151581.06,259.8,1.036,0
22507.1,85,2.5,0,88637.32,303.1,1.041,0
14013.6,52,2.0,0,67717.91,161.7,0.856,0
22098.0,118,8.7,0,244674.63,451.0,1.108,1
33460.0,78,4.3,1,134285.2,295.7,0.719,1
17591.4,115,3.0,1,114841.76,289.0,1.056,0
4270.5,19,5.4,2,204793.17,383.3,0.771,0
12695.2,67,1.3,1,65006.94,222.5,1.003,0
11614.3,45,6.4,1,197258.25,218.3,0.954,0
24772.2,103,3.2,0,98442.06,240.4,0.95,0
9954.7,140,6.4,0,177895.33,390.3,1.043,0
6225.3,137,6.5,2,223915.1,254.4,0.989,1
7841.0,183,8.3,0,231409.0,425.5,1.06,0
4389.3,143,3.1,0,100121.59,228.1,1.08,0
693.1,66,5.2,0,150404.98,102.8,0.665,0
30481.2,38,9.7,2,301281.5,159.1,1.195,1
10790.1,21,7.5,1,223779.32,295.4,0.863,0
4697.9,37,9.8,2,303468.09,298.9,1.042,1
26019.4,18,9.3,3,310259.89,281.8,1.108,0
28478.9,28,6.5,0,178922.97,198.3,1.082,0
11853.1,90,3.4,1,122151.88,188.4,1.113,1
4101.0,19,7.8,2,251772.81,173.3,0.854,0
7964.5,98,7.3,0,201412.08,241.1,0.989,0
9301.2,51,6.3,0,174956.09,280.9,1.089,0
11011.7,80,7.3,1,216163.4,337.1,0.959,0
5130.4,82,6.5,2,214147.27,316.6,1.103,0
18413.4,183,5.7,0,160625.64,270.9,1.047,0
1977.3,84,4.7,1,157343.27,421.1,1.009,0
20115.5,29,1.4,0,62792.26,263.2,1.126,0
22526.6,40,8.8,3,285302.67,124.5,0.77,0
8476.4,82,8.8,1,261876.25,180.1,0.793,0
10252.9,64,6.3,0,188512.96,266.6,1.078,0
24108.9,84,3.4,1,113297.17,179.9,0.99,0
15626.1,99,1.3,0,60517.9,339.1,0.981,0
8670.0,41,1.0,3,107479.67,274.0,0.981,0
9332.2,101,1.7,0,61998.93,340.9,1.149,0
14368.8,108,4.2,0,124911.04,276.7,0.944,0
28957.6,85,2.7,1,102164.56,114.6,1.033,1
9514.5,217,3.4,0,102911.14,350.9,1.036,0
8502.4,21,7.3,2,237223.38,256.6,1.13,0
10964.8,201,9.6,1,276993.23,259.7,1.03,1
11004.6,60,2.9,2,125062.37,288.7,1.049,0
12918.5,45,5.2,0,161054.39,251.8,0.849,0
10273.1,103,9.9,0,267767.87,294.2,0.856,0
20793.3,51,9.4,1,270729.24,274.3,0.891,1
5903.4,135,4.2,1,144055.7,257.5,0.969,0
13766.1,59,3.9,0,123913.53,174.2,0.907,0
14083.3,146,3.2,2,132582.54,262.7,0.989,0
6268.3,35,2.4,0,84948.05,253.0,0.964,0
13685.9,93,5.1,0,150106.63,301.9,0.737,0
14299.1,43,4.1,1,137858.98,308.1,0.953,1
1263.1,96,7.7,1,233667.84,248.8,0.909,0
5520.6,25,3.1,0,106168.76,241.7,1.112,0
25239.5,27,7.6,1,230104.54,332.9,1.057,0
7299.9,59,3.6,1,132075.5,303.9,1.133,0
4689.5,150,6.3,3,233897.28,221.1,1.142,1
2618.1,22,6.7,1,223781.93,166.3,1.285,0
5167.8,167,7.0,1,215833.33,368.8,0.909,0
10005.2,96,2.6,0,96329.8,309.2,1.075,0
4447.6,143,3.5,1,133921.27,316.6,0.953,0
15744.5,78,3.2,0,101148.38,192.6,0.963,0
6191.4,86,6.2,2,208326.21,308.7,0.85,0
12977.0,65,1.7,1,80262.8,201.9,0.893,0
23228.9,61,5.7,1,183423.92,324.1,1.209,1
22420.8,120,1.8,0,67477.62,252.6,0.977,0
12845.6,36,4.0,1,134510.88,180.2,0.808,0
4928.7,77,7.2,0,201583.39,271.3,0.911,0
10434.4,22,4.7,0,133956.22,291.5,0.971,0
13095.4,28,3.5,1,133973.98,296.6,0.864,0
36919.9,72,6.5,0,177934.06,263.2,1.079,1
2596.6,48,7.7,1,223115.82,138.6,0.975,0
10457.2,67,3.3,2,139724.69,348.2,1.043,0
15421.6,40,3.7,1,128005.84,297.3,0.792,0
11491.0,112,6.8,0,191186.74,263.7,0.855,1
12260.6,29,9.7,2,305251.38,337.2,0.867,0
6447.8,205,2.9,0,102200.87,181.5,1.118,0
18231.3,163,6.9,1,203238.73,238.3,0.968,1
11007.7,103,9.2,0,247607.72,320.6,1.042,0
12234.0,26,5.2,0,152793.37,390.6,1.249,0
19335.5,67,3.9,1,139889.75,232.5,0.917,0
8839.1,107,7.0,1,205483.09,153.4,0.981,0
21736.5,139,1.3,0,49857.19,304.0,0.975,0
4335.5,138,4.2,0,135663.11,342.9,0.84,0
12653.0,121,3.3,1,119137.59,154.1,1.044,0
6177.9,13,3.0,2,136180.92,251.5,0.886,0
5107.9,37,2.6,3,146401.3,327.4,0.818,0
28770.0,124,7.6,0,216680.54,348.7,0.53,1
4506.8,51,9.6,3,313547.28,165.5,1.005,1
11138.9,92,4.5,1,156078.48,244.9,1.013,0
4252.0,213,1.4,0,54873.69,229.9,1.084,0
20985.2,49,7.5,2,233390.42,199.0,1.177,0
8282.2,144,5.8,0,154582.76,272.4,0.99,0
19277.8,96,7.5,0,206400.22,280.0,0.994,0
15119.4,271,6.8,3,247115.34,367.8,0.787,1
33898.7,96,9.1,1,262737.54,114.4,1.243,1
3627.5,51,2.3,0,79606.3,292.0,0.631,0
5488.2,77,2.5,1,96038.79,212.2,0.974,0
18690.3,35,4.1,0,125872.26,189.5,1.188,0
13016.5,118,5.4,1,180311.48,243.8,0.935,0
9248.7,58,9.3,1,273679.09,277.0,0.833,0
30439.7,77,9.2,1,261008.68,224.8,1.072,1
10671.1,152,8.8,0,237151.23,244.1,1.221,0
6340.6,32,3.0,2,130301.85,259.4,1.287,0
19410.0,139,7.6,0,211490.72,285.2,0.878,0
10890.5,24,4.5,1,149401.44,328.4,1.058,0
11410.8,71,9.4,2,283811.47,248.1,1.146,0
15862.6,104,2.9,0,99158.41,266.0,1.073,0
16220.9,124,2.3,0,84916.66,262.2,1.06,0
5436.3,34,8.6,0,236708.64,363.9,0.933,1
8916.2,215,7.5,1,224813.34,289.1,0.957,1
3977.4,105,8.4,2,259748.85,283.2,0.932,0
13131.2,125,2.4,1,86734.78,257.6,0.831,0
28484.9,105,9.0,0,244734.72,261.5,0.876,0
5595.8,35,7.1,0,199549.8,143.3,0.891,0
3429.6,46,6.9,3,253525.82,234.5,1.111,0
7044.4,164,6.2,0,180009.53,291.9,1.071,0
9198.4,167,7.9,0,225238.99,260.6,0.969,0
16303.5,15,4.7,0,141474.8,250.1,0.928,0
8601.3,118,2.2,0,81099.95,345.6,0.721,0
13271.1,70,5.9,0,160865.08,283.8,0.955,0
7738.8,100,7.7,0,216864.48,189.3,1.021,0
9518.0,86,2.4,0,78482.43,165.3,1.257,0
6197.8,85,3.0,0,96496.82,316.9,1.121,0
4919.1,41,7.3,1,223556.23,206.0,1.006,0
16641.1,141,3.4,1,122094.55,276.4,0.994,0
8091.1,51,2.5,0,76515.1,307.9,0.861,0
13843.7,69,9.0,0,244589.9,276.2,1.028,0
6131.4,42,2.4,0,76716.09,354.8,1.028,0
10713.6,77,4.1,1,145356.2,250.0,1.031,0
2018.3,30,4.9,2,182674.77,278.3,0.887,1
8483.5,53,5.3,2,191359.45,234.8,1.204,0
6582.7,140,4.3,1,151370.4,243.2,1.227,0
20508.3,34,9.2,0,252036.37,308.1,0.993,1
4379.4,117,6.9,0,193609.57,315.5,1.093,0
9764.8,28,4.2,0,129502.02,166.8,0.804,0
13035.4,49,4.2,0,127844.24,213.6,0.845,0
18903.1,49,5.5,1,172254.65,272.6,1.068,1
17439.4,133,1.3,0,56807.81,295.2,1.064,0
10249.7,168,9.3,0,241332.41,186.6,1.067,0
11149.8,61,3.0,1,120400.26,226.8,1.0,0
20498.0,30,7.3,0,206130.64,292.4,1.093,1
10129.1,55,8.0,1,231686.03,303.4,0.876,0
11877.0,58,8.4,2,270458.89,283.7,0.963,1
20879.0,53,2.5,0,86046.43,250.4,1.24,0
36527.2,70,5.8,0,168805.64,200.0,0.978,0
12491.3,42,1.8,1,83609.84,237.6,1.129,0
14543.6,31,8.2,0,219885.36,320.8,0.967,0
17143.3,17,5.4,1,178666.37,315.0,1.032,0
20766.6,129,2.4,1,92258.68,208.4,1.131,0
19171.3,86,7.5,0,204214.92,355.6,0.853,0
7350.9,110,4.0,1,129533.38,214.0,1.16,0
12990.1,101,2.0,0,71795.17,269.0,0.963,0
19246.8,73,5.1,4,218981.4,197.0,1.061,0
23246.7,70,3.1,3,145293.8,361.6,0.911,0
9775.8,212,9.6,0,269407.0,311.0,0.925,0
12804.8,54,4.3,0,119358.55,271.2,0.826,0
13683.4,78,6.2,1,191570.46,234.6,0.889,0
10926.4,57,9.5,1,275810.63,390.6,1.002,0
12609.5,37,4.5,0,129464.58,291.2,1.007,0
1920.7,267,4.2,2,161728.35,382.3,1.087,1
48968.5,107,2.5,2,117843.05,269.0,0.97,1
9524.8,48,9.4,1,273017.74,270.8,1.124,0
9987.0,41,8.2,1,235350.24,310.2,1.126,0
3145.9,117,3.0,0,91858.67,271.5,0.928,0
2735.8,147,4.0,0,122653.35,276.1,0.551,1
14252.5,33,9.2,0,248129.13,282.9,1.041,0
19291.3,68,5.8,0,163355.6,312.5,0.995,1
17310.1,78,6.0,1,186369.91,213.7,0.856,0
6119.9,78,6.8,0,191244.29,262.0,1.183,0
16731.8,89,7.9,0,222552.79,230.0,0.946,0
9889.1,63,9.5,0,257972.79,298.9,0.873,0
8424.5,72,8.2,0,228798.48,261.4,1.274,0
4062.0,74,9.4,0,260860.9,227.1,0.958,0
6646.3,32,8.4,0,232700.48,346.7,1.0,0
14446.8,209,1.4,1,70732.02,331.0,1.044,0
12908.9,121,2.1,0,70282.23,331.2,0.841,0
11802.5,142,9.0,0,243928.7,338.6,0.912,0
1829.5,91,1.2,0,58729.1,295.3,0.974,0
11875.5,272,8.1,0,216624.74,300.4,1.188,1
7278.9,7,8.6,1,253744.69,249.7,0.886,1
12964.0,80,4.7,0,138264.66,340.8,1.119,0
21121.4,40,4.2,1,137956.81,270.7,1.054,0
7998.6,84,2.7,0,87046.68,226.5,0.985,0
11356.7,184,1.4,0,52948.94,286.3,0.911,0
30338.1,115,7.7,3,272150.62,238.8,0.869,1
12582.9,75,1.7,1,78976.86,315.9,1.387,0
10521.8,196,9.5,1,270494.94,306.6,1.132,1
6188.6,134,3.7,0,103137.58,312.6,0.966,0
16998.7,108,8.1,0,221858.07,175.6,0.985,0
5479.9,106,1.5,0,64052.38,156.0,0.927,0
21647.6,129,5.8,1,180043.68,272.6,0.823,0
15624.2,51,4.1,1,135482.08,272.8,0.931,0
7447.3,46,1.3,2,90699.01,340.2,0.946,0
6330.6,37,6.9,0,191955.77,224.2,1.173,0
6434.1,53,9.5,0,258586.59,203.1,1.004,0
2776.4,188,1.1,0,59729.4,216.4,0.925,0
14052.8,68,3.4,2,147636.22,196.5,1.205,1
2041.9,191,7.3,0,199854.4,231.3,0.913,1
10114.3,50,8.8,1,254290.97,190.4,0.964,0
9714.6,151,2.7,0,79492.25,265.9,1.151,0
8671.8,168,1.6,1,78243.14,262.5,0.875,0
13996.5,85,1.1,3,105441.11,219.6,0.912,0
7459.5,67,2.9,1,103696.75,201.5,0.931,0
11893.6,44,1.6,0,65162.15,193.3,1.044,0
21645.2,140,4.2,0,129057.45,117.8,0.8,0
14971.9,66,5.0,0,145816.3,218.5,0.973,0
8193.2,60,5.3,2,186128.97,232.3,0.867,0
10718.2,98,2.3,0,77652.46,138.9,0.968,0
8678.0,115,5.2,1,170793.64,344.1,1.061,0
9628.8,42,1.1,0,49575.14,315.2,0.861,0
12112.9,97,3.2,2,135453.36,249.7,0.848,0
3924.6,169,4.3,1,146875.8,137.1,0.938,0
3256.4,36,2.1,0,76955.36,327.6,0.932,0
5833.2,142,8.3,2,260841.73,232.7,1.086,0
14385.6,141,2.8,0,93029.83,165.8,0.77,0
15542.4,148,7.8,1,240970.62,185.1,0.977,0
16887.7,118,5.3,1,166350.52,228.4,0.883,0
5993.2,115,5.3,0,150992.35,202.9,0.837,0
11317.5,139,6.8,1,199227.1,220.9,0.866,0
8356.4,97,1.4,2,90699.13,141.1,0.895,0
9878.7,57,1.7,0,67535.88,345.7,0.85,0
8262.0,56,3.9,2,157466.8,317.9,0.883,0
12524.2,73,4.8,0,133754.65,214.0,0.966,0
6860.9,123,4.9,3,192390.63,311.7,0.866,0
20296.8,75,7.1,1,211767.89,231.9,0.992,1
20399.0,67,1.0,0,49924.27,261.7,1.051,0
14126.4,148,9.6,0,250311.3,188.1,1.022,1
18966.6,87,2.6,2,115247.75,291.6,0.946,0
3810.2,28,3.2,1,119492.65,308.5,1.013,0
20965.4,37,9.2,1,266674.58,273.4,0.81,0
13344.6,34,1.0,1,55882.78,228.3,0.832,0
7136.1,76,9.9,1,292593.42,140.4,1.031,0
6669.6,38,1.3,0,48346.67,311.7,0.949,0
25003.8,67,2.1,1,85123.11,247.9,0.962,0
17042.8,54,3.2,0,95636.1,213.3,0.934,0
9716.9,24,4.9,1,160415.79,222.8,1.091,0
3776.9,36,5.7,0,166185.54,276.7,1.174,0
21569.7,195,1.9,1,91510.64,186.7,0.924,1
4946.0,61,1.7,0,67549.66,285.5,0.995,0
8452.9,59,1.3,2,80487.22,244.8,1.079,0
9708.6,57,3.3,0,102394.79,217.2,1.064,0
6602.0,91,9.3,2,285879.24,212.3,0.889,1
9440.6,77,4.5,1,152384.49,281.0,0.777,0
10620.7,222,7.9,0,221424.58,111.2,1.217,1
9319.4,153,2.7,1,102935.4,221.5,0.861,0
12892.9,217,1.6,0,60242.92,298.7,1.198,0
25524.2,122,6.0,0,167691.94,253.7,1.238,1
3919.0,113,8.4,0,223345.82,332.7,1.068,0
11730.7,35,9.1,1,258418.77,268.2,1.098,0
4984.4,15,5.9,0,174414.05,220.4,0.969,0
3635.6,28,3.6,1,139170.82,245.6,1.01,1
18153.3,25,2.0,0,65019.84,268.7,0.891,0
12334.0,69,7.0,2,233924.76,211.4,1.149,0
3460.7,135,3.5,1,125402.9,296.5,1.275,0
9435.2,49,8.6,1,245425.36,369.1,1.15,0
5844.0,41,6.4,1,203285.87,190.0,0.959,1
9642.3,129,8.7,2,274130.07,297.5,0.864,0
15862.6,42,6.1,0,163108.04,213.4,1.23,0
14942.5,188,7.9,1,239112.34,218.8,0.853,1
8299.7,37,3.6,1,137130.26,237.5,1.031,0
18638.2,135,5.5,0,151349.32,224.2,1.105,0
22603.1,92,1.2,1,61411.58,298.5,1.135,0
16013.7,11,6.5,1,201263.17,262.9,1.15,0
7430.9,44,5.8,1,188609.26,248.5,0.97,0
9839.5,140,7.8,1,230070.95,281.3,0.939,0
25073.0,25,7.6,0,210883.21,284.9,0.856,0
8698.4,59,6.6,0,188419.04,258.8,0.745,0
14969.7,26,1.5,1,83150.84,320.1,1.011,0
6541.6,70,9.1,0,242738.44,265.9,1.147,0
18712.5,98,1.2,1,69237.97,386.8,0.919,0
6044.7,83,8.2,1,251138.83,205.2,1.041,0
10105.7,88,5.3,0,155699.64,170.0,1.061,0
14664.1,83,8.4,0,238551.81,271.5,0.944,0
27956.8,65,5.2,1,167492.75,314.7,1.083,0
12199.4,126,6.8,2,226270.53,239.7,1.332,0
9041.3,24,4.3,0,121633.14,210.7,0.989,0
8616.8,182,7.7,0,216327.64,260.3,1.037,0
18249.3,85,3.3,1,129254.59,244.9,1.013,0
13981.8,27,7.5,3,249191.71,248.7,0.78,0
15681.8,168,2.7,0,82594.87,213.3,0.744,0
24084.6,67,7.5,0,211687.34,229.0,1.019,0
11064.0,53,3.6,1,137208.45,317.4,0.993,0
13409.5,27,3.5,1,133715.48,336.4,0.913,0
8543.1,49,8.3,0,228480.81,250.1,1.012,0
6374.3,130,8.3,0,234011.6,194.6,1.089,0
7223.1,40,7.2,1,219601.94,199.7,0.85,0
1432.3,131,9.3,1,261524.6,184.4,0.916,1
14577.9,59,2.4,2,117342.17,313.8,0.661,1
13715.1,36,3.4,0,101228.68,270.3,1.084,0
14399.0,51,3.6,1,129457.2,248.3,1.127,0
6092.5,103,3.7,0,117933.53,313.3,1.034,0
7305.7,88,4.0,1,133143.16,284.6,0.808,0
7150.8,195,7.3,1,211766.6,113.6,1.12,0
19751.3,62,3.4,0,107350.97,216.8,1.056,0
11931.3,134,3.6,1,134099.94,257.4,0.918,0
10992.0,69,6.1,0,168346.65,366.3,1.097,0
16518.1,42,2.7,2,123097.6,358.8,1.057,0
7166.6,31,4.3,0,131238.81,127.9,0.9,0
13218.7,62,1.5,0,54154.02,183.7,0.849,0
29988.0,75,9.6,0,264394.78,268.7,0.921,1
21513.2,164,3.9,0,107368.91,297.8,1.007,0
13101.8,193,8.7,0,237917.71,220.5,1.105,0
11243.1,193,5.8,0,171968.51,291.1,0.92,0
14326.9,46,3.1,1,111081.79,220.2,0.931,0
23188.4,39,2.7,2,124453.74,224.5,0.888,1
22271.8,49,7.3,2,222513.34,193.1,1.114,1
25372.6,68,9.7,1,276019.17,177.9,1.094,0
12333.1,20,2.6,0,85487.52,229.7,0.947,0
2027.8,37,2.0,0,76055.83,327.8,0.839,0
28809.0,157,4.5,0,138490.59,288.9,1.01,0
6364.8,91,4.5,1,154642.28,276.2,0.805,0
16363.5,52,8.3,1,235948.38,242.9,0.846,0
2064.7,22,5.2,0,149358.17,285.4,1.102,0
10853.6,90,1.6,0,57625.02,231.6,1.248,0
8708.3,78,9.3,0,254664.32,211.9,0.738,0
25404.7,37,4.4,0,131689.56,291.9,1.055,0
13200.1,117,7.0,1,212220.08,225.9,0.682,0
10784.8,53,7.0,2,232946.02,195.9,0.978,0
14061.3,84,1.5,2,89449.04,285.9,0.918,1
958.9,192,1.0,0,50963.36,178.5,1.056,0
7058.6,113,1.8,0,59973.21,283.3,1.047,0
7784.6,28,9.6,1,276609.09,284.4,1.097,0
15361.4,114,8.1,0,229496.39,182.8,0.839,0
5439.6,47,2.2,0,77031.28,186.9,1.05,0
12017.8,103,6.5,0,179848.06,338.3,1.027,0
10158.5,133,6.5,0,183480.29,297.3,0.981,0
7313.4,84,1.0,0,46061.83,289.2,1.115,0
7629.9,29,4.9,0,150484.25,273.0,1.168,0
10101.5,14,7.4,0,209582.26,302.9,1.023,0
2566.8,150,2.7,0,90563.9,302.9,0.797,0
16647.4,178,8.7,2,268081.74,211.7,1.139,1
6334.5,45,6.9,0,189412.04,248.6,0.977,0
9058.1,12,1.1,0,43207.52,233.7,1.066,0
24886.0,25,8.7,2,281862.69,294.4,0.995,1
16810.8,55,1.2,1,65167.05,270.1,0.805,0
4775.8,132,9.0,0,243082.37,335.9,0.916,0
793.0,12,4.0,0,113095.32,276.7,1.104,0
14412.2,162,7.3,0,195721.33,262.2,0.868,0
9284.2,150,8.1,1,240543.69,309.0,0.965,1
12060.8,160,3.5,1,131844.81,309.5,1.126,0
16492.2,35,4.2,0,124845.59,333.4,1.107,0
17990.1,139,5.6,1,177764.85,272.3,1.207,1
8178.5,77,6.2,0,184524.47,383.3,0.996,0
9999.5,33,3.6,2,146784.59,315.5,1.071,0
13447.5,83,9.9,0,268158.97,385.7,1.024,1
13964.5,76,7.6,0,215967.49,265.1,0.785,0
11990.7,25,3.5,3,164954.51,396.1,1.13,0
23352.0,110,6.8,1,204258.09,302.9,0.991,0
13873.7,73,4.9,0,141623.74,198.5,1.004,0
16353.1,58,8.7,1,258645.96,202.9,1.063,1
12596.8,56,4.0,3,174064.95,242.2,0.997,0
5411.7,93,2.7,1,113024.0,241.5,0.815,0
7043.8,54,1.4,0,53977.62,280.4,0.815,0
4631.7,15,9.9,0,269958.39,365.5,0.98,0
19138.7,32,4.2,2,164074.59,279.4,0.936,1
3445.6,74,3.0,1,114640.57,199.6,0.964,0
9747.9,51,5.4,0,152541.56,286.3,0.876,0
8466.3,57,3.6,1,128223.87,235.9,0.903,0
8325.8,36,3.1,0,97341.69,239.0,0.891,0
8792.3,36,6.5,1,208591.34,248.8,0.929,1
25818.1,104,1.7,1,78346.15,238.0,0.967,0
2418.6,82,5.6,2,195395.62,182.3,1.106,0
21727.9,40,4.5,0,132206.49,265.7,1.129,0
9267.5,56,5.8,0,174056.47,364.4,1.16,0
17324.3,120,3.9,1,138869.02,308.0,0.982,0
11196.5,31,6.1,0,176323.16,188.6,0.929,0
4979.5,130,1.7,1,81996.39,108.1,0.835,0
22895.8,66,4.4,1,145453.96,279.8,1.039,0
20935.6,57,3.1,0,103795.88,294.7,0.985,0
5246.2,26,4.9,0,141690.83,294.5,1.011,0
15048.4,300,4.6,0,144048.02,266.8,1.026,0
7258.8,98,6.7,0,187929.63,197.9,1.133,0
3561.8,14,6.7,3,243782.32,359.8,1.057,0
6345.2,85,4.7,1,156121.27,252.5,1.037,0
22149.4,149,2.6,0,99307.2,228.8,0.895,0
17565.5,89,6.2,0,170807.12,289.6,1.182,0
8857.8,122,9.7,1,278686.12,229.7,0.994,0
22208.1,50,2.7,2,118210.46,192.0,0.984,0
20040.2,45,1.6,1,72445.69,230.8,1.052,0
6352.0,60,3.4,0,106295.86,274.5,0.908,0
25245.1,77,4.7,1,153949.22,338.5,1.082,1
8412.8,51,3.8,2,148294.7,151.7,1.196,0
9158.6,65,8.5,0,231464.87,285.4,0.931,0
2471.5,32,5.4,0,156196.69,310.5,1.008,0
7169.5,20,3.2,3,147293.37,284.4,0.942,1
9794.7,41,9.6,1,271050.24,298.1,1.042,0
12805.3,209,2.1,1,84861.58,344.8,1.069,0
4991.7,156,2.1,1,91140.78,316.5,1.053,0
6549.0,87,3.2,3,154574.44,236.2,1.096,0
25554.5,23,1.7,0,62351.64,317.4,0.834,0
19297.1,69,7.8,0,216605.46,269.7,1.078,0
21318.2,81,3.8,2,153093.57,307.0,1.019,0
10305.5,48,7.6,0,201303.66,185.0,1.242,0
13030.0,162,7.9,1,234000.41,249.5,0.973,1
15241.4,31,3.1,2,135367.35,296.2,1.216,0
25346.3,104,5.7,0,156541.24,252.4,1.138,0
3503.4,30,5.7,0,154812.47,292.0,1.118,0
7645.1,33,8.8,0,244717.39,340.6,1.009,0
12337.8,69,1.2,1,64379.76,243.6,1.189,0
11239.1,11,3.9,1,138588.86,313.1,0.889,0
6493.8,83,8.9,1,261791.41,198.3,1.082,0
14488.9,52,3.1,0,96821.22,305.6,1.23,0
7842.3,66,2.2,0,78965.21,162.1,0.962,0
10750.7,44,6.2,1,193316.21,271.8,1.064,0
14117.9,160,3.8,0,113324.14,269.9,0.885,0
8082.2,128,5.2,1,163933.03,363.3,1.234,0
16737.4,103,8.4,1,254845.4,230.9,0.964,0
18494.0,35,5.7,1,175159.92,140.3,0.989,0
6659.2,111,5.6,1,184593.72,291.5,0.929,0
7806.3,90,3.5,1,118280.85,199.3,0.953,0
5518.2,275,8.1,2,261624.68,263.6,0.969,1
10606.1,23,7.7,0,215370.63,220.4,1.054,0
12800.1,62,3.1,0,98247.95,247.6,0.976,0
8580.1,45,3.9,1,138411.12,131.2,0.732,0
12590.1,92,8.1,1,246372.42,156.2,1.063,0
7674.3,21,4.2,1,146532.93,282.9,1.215,0
7835.1,116,4.6,0,144230.67,251.3,0.824,0
13191.3,20,4.3,1,155644.65,191.3,1.049,0
8170.2,93,2.5,1,107078.32,226.9,1.348,0
10259.6,56,4.1,2,161146.98,289.4,0.96,0
13466.5,38,8.2,0,223832.95,243.3,0.999,0
12482.4,31,5.4,0,157110.45,286.1,0.927,0
7744.4,44,5.1,0,151043.26,207.5,1.142,0
19559.5,58,2.4,1,92449.01,292.9,1.11,0
3360.1,72,2.6,1,102462.97,245.7,0.9,0
613.8,79,1.4,0,49759.51,282.9,1.033,0
14849.5,63,1.1,0,45631.87,277.5,0.915,0
12338.7,55,5.4,1,174567.98,235.8,0.918,0
5012.6,187,4.7,1,154320.67,238.7,0.911,1
11405.1,112,3.5,2,140073.61,250.9,0.946,0
7076.3,23,9.9,0,269782.33,301.0,0.922,0
14230.3,48,4.6,0,134118.82,363.7,1.01,0
775.1,67,8.1,0,222645.37,212.7,1.194,0
9078.3,39,2.9,1,110488.19,318.0,0.916,0
7524.0,58,3.2,0,102345.59,244.1,0.906,0
16773.0,25,6.1,1,182796.62,253.8,1.056,1
2547.9,76,1.0,1,64075.05,277.1,0.94,0
10966.6,226,1.2,0,56949.86,232.8,0.899,0
14745.1,79,2.3,1,82097.11,238.5,1.027,0
27971.1,79,3.0,1,111336.37,372.3,0.994,1
7819.1,63,5.8,0,164416.18,265.1,0.952,0
12929.5,29,7.2,0,193738.81,289.7,1.11,0
2689.9,199,3.8,0,107263.76,369.2,0.955,0
10630.4,85,3.2,1,114601.38,367.3,1.134,0
20365.0,103,8.4,0,227180.28,249.4,1.038,0
28122.5,55,2.5,0,85083.39,213.5,0.824,1
13649.7,105,7.1,0,194689.17,195.5,1.046,0
3344.3,198,9.4,0,257107.62,189.4,0.947,0
22197.3,159,3.1,2,134380.43,234.4,0.848,0
3368.0,1,1.8,0,68139.36,193.9,1.0,0
4668.4,152,9.8,1,281666.46,256.2,0.941,0
23253.9,35,3.4,0,105138.38,217.0,1.264,0
10163.8,37,3.5,1,130516.92,239.8,0.952,0
7258.8,25,5.4,0,160236.12,254.0,1.027,0
15912.3,34,3.1,0,105447.32,240.8,0.899,0
11776.2,94,9.9,1,280942.15,196.9,0.981,1
19345.4,78,1.4,1,68262.1,281.3,1.067,0
12102.8,108,5.1,0,148268.06,333.8,1.302,0
12268.2,72,5.9,0,166724.49,332.4,1.03,0
18960.4,35,5.2,0,139756.24,311.4,0.816,0
10078.8,114,5.7,2,200255.88,243.7,1.184,1
5855.2,59,9.9,3,317017.51,222.1,1.112,0
16436.7,116,8.9,0,242402.63,302.3,0.667,0
8872.2,85,3.8,2,151726.66,279.6,0.816,0
12681.9,77,6.0,0,167066.57,302.3,0.945,0
2220.5,220,1.0,1,61603.95,370.8,0.887,0
9826.6,15,4.7,0,140425.88,258.7,0.989,0
7598.4,16,2.5,0,73099.39,214.6,0.935,0
2160.8,44,7.4,1,216746.37,228.3,1.114,0
10018.7,117,3.0,3,135961.51,268.4,1.128,0
10227.8,49,7.7,1,228386.97,225.7,0.855,0
13225.1,60,3.8,0,123341.02,304.8,1.244,0
20173.3,17,9.3,1,265706.75,302.1,1.174,0
18369.1,114,5.0,1,163801.97,337.4,0.655,0
7948.0,18,8.6,0,233591.21,337.8,0.892,0
11926.1,55,6.7,2,217253.91,108.6,0.863,0
14345.7,11,9.8,0,261503.49,212.9,0.884,0
8095.6,130,7.7,0,202093.31,266.5,0.699,0
3612.9,17,7.5,0,210881.21,192.8,1.02,0
9362.1,52,3.4,0,111986.45,256.6,0.905,0
20648.8,45,5.5,1,170175.8,213.6,1.066,0
3477.8,103,3.6,0,111083.55,235.2,1.284,0
5441.0,80,1.2,1,72865.1,360.4,1.2,0
6282.2,213,7.4,2,245560.59,333.8,0.923,0
5485.1,23,3.1,1,119562.51,261.8,0.994,0
15952.8,152,4.6,1,159939.44,207.3,1.083,1
7057.9,172,3.6,0,102106.61,280.7,1.222,1
16197.7,208,2.8,0,86341.19,131.7,1.009,0
10959.0,73,1.6,1,77512.49,300.7,0.862,0
2844.4,27,4.0,1,142492.6,295.1,1.08,0
8210.2,97,1.7,1,85997.17,190.5,0.849,0
18678.9,19,5.9,0,166683.46,341.4,0.852,0
11708.0,142,1.2,1,69909.79,225.4,1.122,0
8615.9,67,9.5,1,276422.59,206.2,1.151,0
20787.8,90,9.7,1,271479.0,271.8,1.197,1
5066.2,207,3.7,0,110128.58,182.1,1.188,0
7230.4,79,3.3,2,128836.83,209.4,1.084,0
17696.5,27,1.9,0,66634.6,282.2,0.942,0
15765.0,67,9.1,2,284219.02,234.1,0.831,0
4766.1,46,6.3,0,177375.73,345.9,0.986,0
14064.5,85,6.5,0,179804.41,167.9,0.965,0
6981.1,54,9.1,0,248222.04,266.9,0.977,0
2068.4,42,9.2,0,249934.93,321.1,0.991,0
8725.1,69,8.5,0,227574.65,308.7,0.948,0
29125.6,26,8.0,2,248179.64,219.4,1.036,0
18861.5,65,8.9,0,238532.47,370.6,0.874,0
10360.2,100,8.9,1,261470.78,148.7,1.055,0
3310.3,179,4.3,1,145479.63,258.5,0.839,0
2128.5,47,9.8,0,264993.54,316.0,1.042,0
10979.9,235,7.4,1,223514.75,333.7,0.953,1
13530.8,91,4.3,3,188151.65,206.5,1.051,0
16059.3,56,5.0,0,141034.15,269.2,1.19,0
15015.1,61,7.2,1,221436.85,308.2,0.746,1
15755.3,71,4.2,0,135231.55,250.1,0.967,0
12577.3,52,8.4,2,259506.47,188.7,1.043,0
20536.1,43,2.3,0,79897.3,157.2,0.958,0
7588.5,83,9.2,1,264555.5,220.9,1.011,0
10879.8,15,3.7,0,108622.51,227.0,1.018,0
2853.9,37,2.4,0,90123.95,214.6,1.184,0
7482.7,115,8.7,2,276810.67,371.9,0.82,0
18570.2,12,3.2,1,115026.21,293.5,0.788,0
15467.3,93,8.6,1,257863.18,242.9,1.036,0
1464.5,77,3.7,1,134127.16,246.8,1.16,0
30338.0,45,9.4,0,255424.74,250.4,1.144,1
11726.3,53,3.0,0,94948.44,295.7,0.941,0
11859.4,69,1.6,1,77995.88,195.3,0.854,0
7170.4,96,9.4,0,254869.47,202.6,1.052,0
8237.4,90,2.5,2,114097.7,258.5,1.07,0
11647.9,146,9.5,1,272673.47,94.5,0.83,1
14964.8,87,8.4,1,248239.69,211.6,0.913,1
12928.6,163,1.7,0,61602.7,313.8,1.04,0
7551.6,14,5.0,1,159493.92,307.3,1.001,0
5798.8,144,1.7,1,88252.03,163.5,1.149,0
5526.8,57,4.0,0,121390.48,253.4,1.036,0
19391.2,80,4.2,2,158572.29,180.6,0.836,0
18086.1,108,6.4,0,185434.06,214.2,1.04,0
14176.9,32,9.8,1,280758.18,222.2,0.825,1
19312.3,61,2.5,0,80583.11,299.3,1.053,0
9869.7,154,4.0,1,132015.72,316.1,0.964,0
17209.9,178,6.3,0,176192.16,229.2,1.271,0
14604.3,45,2.5,1,105252.1,169.2,1.05,0
17474.4,103,7.4,1,226090.21,151.6,1.146,0
5139.1,53,4.6,1,155704.12,327.7,0.977,0
1255.6,20,9.5,1,277709.98,242.8,0.94,0
12471.7,171,6.7,0,184820.57,246.9,1.068,0
8535.1,32,4.3,0,134861.32,190.6,0.93,0
1747.5,285,7.5,1,237376.49,314.6,1.033,1
21147.8,25,8.5,1,251283.33,296.1,0.904,0
18114.7,142,8.2,1,243209.89,233.7,1.216,1
13122.9,137,3.4,1,112894.26,203.7,1.007,0
6047.5,53,4.8,0,138963.86,270.4,0.91,0
2749.6,88,5.1,0,143067.64,148.2,0.943,0
1723.9,54,4.5,2,174581.08,288.8,1.118,0
7446.4,38,3.8,0,121754.14,241.2,1.023,0
15888.2,98,7.8,2,244036.56,270.5,0.896,0
8593.0,124,1.1,0,45413.31,257.4,1.149,0
14278.5,42,3.6,0,111897.58,310.6,1.01,0
14692.9,171,2.3,1,102304.76,314.4,1.034,0
15755.4,86,2.2,0,79912.72,322.3,0.908,0
2358.1,72,3.5,0,113694.21,265.8,0.963,0
6426.4,73,7.9,1,233658.08,255.1,0.986,0
14125.1,168,9.7,1,287703.42,219.3,0.885,0
23734.2,58,5.6,0,152260.39,224.8,0.713,0
20076.5,60,4.1,3,178050.84,280.9,1.169,1
12723.5,166,8.5,0,231827.46,260.9,0.83,1
21274.3,174,1.6,1,86301.59,332.9,0.906,1
12666.0,136,1.8,1,81098.51,245.9,0.93,0
3403.0,27,4.1,2,162586.94,173.6,1.206,0
15601.9,232,5.0,1,174251.03,268.8,0.957,1
20466.6,81,8.2,0,224065.83,315.6,1.038,1
27880.7,70,9.3,3,309358.66,290.7,1.09,1
7308.9,136,5.8,1,182355.84,288.3,1.166,1
4755.8,94,5.5,1,171360.11,320.6,0.917,0
17238.6,54,2.9,1,108531.94,272.6,1.071,0
13634.2,189,5.1,1,167102.64,161.2,0.912,1
12920.0,70,9.3,1,268223.72,310.5,0.789,1
21442.1,80,4.5,0,134340.7,276.8,0.982,0
17200.2,188,2.9,1,106582.83,252.4,0.911,0
14389.2,131,4.0,1,144100.87,186.5,1.205,0
7929.0,110,5.6,0,164424.84,212.0,1.184,0
16411.0,53,6.4,0,174158.11,149.3,1.135,0
4612.0,97,4.9,3,194134.0,227.7,1.016,0
12644.6,101,7.8,0,212516.36,223.8,0.996,0
10446.6,99,6.3,2,211347.75,252.5,1.04,0
3272.8,72,7.0,1,216499.93,353.7,0.996,0
13657.4,42,8.8,0,235771.21,317.4,0.925,0
7319.5,143,8.8,3,290833.24,262.0,0.94,0
13463.6,51,2.8,1,107286.63,214.6,1.092,0
5554.8,77,6.6,1,205388.07,190.9,1.255,0
17298.3,8,7.4,1,214057.37,324.1,1.02,0
25802.9,128,2.3,3,133683.97,183.0,1.002,1
4613.2,37,8.6,1,241778.57,189.9,0.921,0
5549.7,101,2.6,3,139530.87,413.9,0.788,0
4046.7,28,8.2,1,239832.26,248.1,1.077,1
9328.6,66,2.5,1,90767.03,384.5,0.887,0
13341.8,61,7.7,0,216633.53,238.7,0.784,1
15842.3,37,2.3,0,76005.23,334.8,1.187,0
12497.4,87,4.4,0,124066.74,276.0,1.126,0
15565.8,24,2.3,0,78827.85,218.1,0.798,0
10218.9,119,3.4,0,111097.74,206.4,1.298,0
7262.8,124,9.9,3,314386.78,126.5,0.814,0
5648.2,40,2.0,0,74164.97,200.0,0.815,0
9546.2,167,4.7,1,146599.99,301.2,0.776,0
5746.2,67,7.1,0,187054.36,255.4,0.945,0
13107.6,35,1.9,0,64621.65,225.7,1.151,0
5811.2,18,2.0,1,87112.5,252.9,0.8,0
7787.6,3,2.3,0,82348.6,316.9,0.916,0
19335.6,161,6.8,2,223667.02,176.8,1.042,1
20381.3,45,9.2,0,249365.17,280.5,0.935,0
20023.0,58,8.4,1,245732.73,169.9,1.001,0
10323.5,54,9.8,1,294863.56,92.7,1.114,0
7457.3,138,6.2,0,172946.81,222.8,0.928,0
14283.9,105,9.7,0,258376.5,230.7,0.884,0
5896.0,81,3.7,0,112065.48,240.0,1.05,0
16288.5,25,4.8,3,192621.92,253.5,1.002,0
7020.5,193,4.6,1,142216.01,291.2,1.09,0
9300.0,107,1.4,2,86990.85,215.0,1.108,1
16495.4,108,8.5,0,225153.16,179.4,0.765,0
2645.3,28,1.2,0,46885.24,324.2,0.904,0
7219.6,33,7.6,2,253344.76,335.5,0.934,0
13272.2,79,4.7,0,125723.63,271.7,0.95,0
14956.7,81,1.1,1,57798.6,287.0,1.207,0
13579.4,37,3.6,0,112867.52,319.2,0.666,0
9227.4,29,4.1,0,118678.69,319.8,0.941,0
17444.0,50,9.7,0,266904.61,187.0,0.873,0
5518.6,60,6.9,0,199482.41,245.2,1.122,0
5354.2,26,5.9,1,176058.99,159.6,0.895,0
13196.4,109,2.1,2,102951.46,275.9,1.184,0
5092.1,113,4.5,0,142293.08,295.5,0.992,0
26296.4,102,1.3,1,73325.07,177.1,0.967,0
7356.6,27,7.9,1,227334.0,299.0,0.927,0
17260.1,49,2.5,0,77089.88,316.6,0.954,0
4483.7,122,6.3,0,182288.46,349.4,0.779,1
23241.2,85,7.3,1,219908.45,250.3,0.819,0
10759.4,168,4.3,0,128624.51,288.4,0.927,0
7226.0,154,6.7,0,184302.98,339.1,1.088,0
8829.3,74,7.9,2,250663.34,188.9,1.12,0
6482.4,49,2.7,0,91880.94,251.4,0.791,0
9284.0,118,6.4,1,202191.05,182.5,1.113,0
4677.9,126,7.6,0,202607.43,262.6,1.028,1
7378.2,136,4.2,0,123009.62,246.2,1.078,0
17073.1,84,2.5,1,104098.33,221.5,0.986,0
12094.3,44,3.6,0,95152.9,296.9,1.117,0
5441.5,101,9.4,1,261866.92,214.3,0.91,0
9483.6,104,4.2,0,133913.72,236.1,0.981,0
20512.2,116,2.0,3,123189.09,327.0,0.868,0
7937.1,52,1.7,0,62847.82,381.1,0.811,0
5053.7,14,2.6,1,107289.55,345.9,0.597,0
14643.7,100,2.1,1,81758.53,275.8,0.906,0
1840.6,22,5.5,2,193262.98,304.0,1.002,0
8954.5,123,4.1,2,164341.27,277.6,1.102,0
21519.7,82,8.6,0,232177.32,138.6,1.15,0
9317.3,47,8.9,2,287410.45,162.9,1.286,0
18036.8,164,5.3,1,178233.22,242.9,0.944,0
5005.0,58,9.0,0,251629.54,375.3,0.924,0
9094.0,83,5.1,0,148101.21,188.5,1.426,0
8567.2,51,6.8,0,188887.51,303.8,1.007,0
14192.2,77,2.5,1,97218.3,185.1,0.874,0
11116.0,105,1.5,1,74490.96,314.7,0.905,0
23129.7,54,2.4,0,86091.8,293.5,0.92,0
7657.7,66,3.3,0,95018.97,184.2,1.08,0
11035.7,122,7.8,1,233050.78,267.0,0.972,1
8769.2,15,2.6,1,105886.32,299.3,0.961,0
10558.5,126,2.2,0,70237.06,273.8,1.117,0
9990.3,142,9.3,1,271431.92,331.6,0.963,1
5857.1,35,7.2,3,258124.11,303.0,0.959,0
16544.0,18,5.3,3,208136.68,370.9,0.9,1
6875.2,28,1.9,0,63928.84,355.1,1.127,0
6559.5,38,8.7,0,231969.88,289.9,1.115,0
3423.1,30,2.0,0,63583.84,309.5,1.04,0
7517.5,110,6.5,0,182147.75,247.3,0.988,0
6816.7,69,7.0,1,215488.4,285.0,1.145,0
2170.9,92,4.6,1,152625.29,300.3,0.811,1
9259.5,135,9.2,0,246048.83,227.3,1.149,0
22555.4,118,1.5,1,77023.02,351.8,1.057,0
3910.6,187,8.4,1,246454.19,237.1,0.867,1
10442.6,151,6.0,2,201053.41,278.4,0.788,1
9123.7,64,6.5,0,176762.63,249.1,0.922,0
15305.5,101,9.9,1,283530.97,348.2,0.986,0
15952.9,191,6.2,0,174140.69,177.4,1.106,0
31842.1,58,8.2,1,240480.34,183.3,1.092,0
12356.2,106,2.4,0,87361.92,224.4,1.068,0
6237.6,224,8.3,1,247094.15,237.4,1.102,1
7382.4,114,7.8,2,253393.02,263.3,1.167,0
7874.7,36,9.7,1,278165.71,183.3,1.241,0
7000.3,19,9.4,1,275781.1,275.1,0.934,0
25661.6,41,2.9,3,144739.27,182.3,0.993,1
15520.0,67,5.2,0,159095.49,268.1,0.858,0
3165.3,213,9.2,0,257675.67,331.4,0.995,0
14121.3,139,6.8,0,182693.25,311.5,0.899,0
5152.5,57,5.2,0,144729.77,239.1,1.183,0
15861.9,37,2.0,1,95509.8,223.5,0.995,0
19643.1,37,4.2,1,141007.06,414.2,0.856,1
9226.0,250,7.0,0,196713.31,301.4,0.922,0
7327.1,33,8.0,0,217671.67,299.2,0.952,0
23449.5,125,5.0,1,149743.42,320.7,0.831,0
6718.9,121,1.5,1,69713.28,294.2,1.007,0
6265.7,63,6.7,1,207127.39,293.8,1.149,0
5586.6,31,9.3,0,252121.8,281.4,0.805,0
10135.4,102,5.5,0,155165.61,279.5,1.049,0
12334.6,203,9.4,0,253693.2,243.4,0.713,0
18165.3,28,4.2,1,136634.09,255.9,1.091,0
14491.8,80,9.0,2,273655.83,351.9,0.876,0
14358.1,117,8.1,2,248195.24,311.5,1.171,1
21325.3,195,9.7,1,279833.75,211.3,1.119,1
5406.9,15,8.1,0,227875.13,316.3,1.057,1
3737.6,108,3.9,0,121835.2,256.2,0.979,0
14899.9,193,9.1,1,271049.12,216.1,0.888,1
9848.1,126,7.0,1,203702.93,285.6,1.037,0
18202.3,49,2.5,1,97148.78,209.4,1.007,0
10415.6,82,1.4,1,75740.55,206.4,1.048,0
7166.0,138,4.3,0,127476.91,337.6,0.887,0
15024.1,144,8.1,2,256091.7,187.3,1.175,1
11206.4,125,6.6,1,206284.66,272.7,1.2,1
10421.1,87,5.7,2,208783.02,313.5,0.95,0
35109.2,71,1.0,0,37543.3,211.4,1.002,0
20422.8,150,4.9,0,150455.69,326.8,1.01,0
16119.1,103,2.4,2,114651.49,298.1,1.019,0
11413.7,84,5.1,1,165886.14,467.3,0.902,0
10838.8,45,9.9,0,267226.79,270.2,1.069,0
8804.1,43,8.9,1,255072.07,373.8,0.862,1
12102.3,73,3.8,1,133715.33,189.2,1.034,0
7783.5,113,6.3,0,181063.71,214.2,0.75,0
4632.8,108,5.5,2,190916.45,328.1,1.081,0
10344.2,104,2.2,1,81744.11,228.4,1.032,0
12682.2,81,9.9,0,268439.97,233.6,0.922,0
18226.2,142,4.8,1,164633.95,374.7,1.054,0
6289.8,159,5.6,2,194249.14,302.6,1.198,0
10890.4,33,6.8,1,205859.24,294.5,1.201,0
14427.6,51,2.7,0,92246.98,279.2,1.077,0
14244.1,247,3.0,0,93839.13,285.1,1.067,0
24952.7,70,2.7,1,104336.55,156.9,1.144,1
8910.7,71,4.5,0,130615.6,271.8,1.117,0
5941.0,43,2.8,0,87936.76,220.1,0.89,0
11318.4,144,9.3,2,288805.49,322.9,1.052,0
9198.7,284,7.4,0,207320.81,219.3,0.963,1
8223.5,43,9.1,1,270907.39,228.4,1.235,1
7541.1,150,8.6,1,242992.66,179.9,1.09,0
12711.8,38,7.3,1,218823.99,299.6,0.972,1
6883.8,136,3.2,0,106503.19,347.3,0.978,0
16111.1,39,6.5,2,217477.06,207.7,0.814,0
15685.3,14,2.7,1,110465.82,221.4,1.021,0
13378.2,245,2.2,1,93761.36,321.3,0.929,0
5400.4,56,6.7,0,194263.98,257.6,1.027,0
12381.2,24,6.6,1,204998.05,274.1,1.35,0
18902.7,87,2.4,2,122135.32,292.7,0.997,1
16762.9,114,4.2,1,143876.21,246.5,0.825,0
15463.7,154,1.6,1,83494.32,238.9,0.952,0
10793.8,67,7.4,2,250791.49,205.4,0.996,0
10509.2,65,9.9,0,270605.96,199.5,0.959,0
20606.6,56,7.7,0,216231.55,147.1,1.031,0
12595.5,82,8.6,0,231898.11,269.8,0.996,0
12686.7,122,5.3,2,188188.04,269.8,1.055,0
40682.8,97,1.9,2,96041.61,288.0,1.033,1
8792.4,55,7.5,0,211041.0,313.2,1.195,0
2010.1,79,3.3,1,124869.9,273.8,1.087,0
9592.7,30,4.5,1,144678.15,176.7,1.141,0
9935.2,69,7.3,3,266009.23,218.9,0.912,0
12487.7,62,9.1,1,264669.87,200.7,1.084,1
14168.0,154,5.4,1,177307.98,202.3,1.087,0
2328.1,87,9.7,3,313937.94,294.0,0.873,1
14333.1,69,5.7,1,178808.52,264.1,0.937,0
10296.1,76,2.1,2,94752.44,206.8,1.031,0
9040.8,69,5.7,2,197699.05,304.0,1.029,0
3269.4,35,8.7,0,233246.77,247.6,1.047,1
22969.8,121,5.8,0,169961.72,215.6,0.995,0
8154.8,10,7.7,1,227384.65,284.8,1.036,0
15580.0,55,5.9,0,165207.17,342.5,0.972,0
6229.9,45,5.9,2,203820.31,222.0,1.002,0
12802.8,56,3.6,1,131526.4,203.8,1.106,0
9128.8,119,2.8,2,127052.11,286.9,0.957,1
15313.8,70,3.5,0,105854.92,270.7,1.106,0
8943.1,77,5.0,2,182914.24,234.3,1.053,0
6041.4,115,8.3,1,246904.9,223.8,1.179,0
10574.8,110,8.5,2,265362.78,269.0,1.037,0
10262.7,105,2.5,0,70528.8,190.3,1.09,0
12321.3,77,6.0,0,176201.9,235.3,0.556,0
17907.6,149,4.7,1,153613.68,218.4,0.874,0
5170.6,43,6.1,0,177214.98,205.0,1.034,0
17407.3,69,6.8,2,229430.4,275.0,1.115,0
4642.6,57,3.5,0,101232.52,371.3,1.046,0
14985.7,60,9.3,1,267196.11,167.1,0.954,0
15248.5,39,9.4,0,247295.5,311.9,0.872,0
7889.8,130,1.9,0,61604.2,265.7,0.972,0
6438.4,112,7.3,0,202091.36,80.0,1.063,0
6218.9,68,1.3,0,54818.24,238.2,1.04,0
11168.8,101,1.4,1,80225.75,465.8,1.106,0
15800.9,135,9.6,0,260105.17,137.1,0.984,0
9767.9,190,7.3,0,195435.81,331.2,1.016,0
1827.2,28,3.9,0,118342.94,285.2,0.817,0
7568.5,71,7.0,1,213451.23,205.8,0.912,1
7401.5,159,8.6,0,234907.15,289.8,1.151,1
14114.2,255,8.8,3,295917.04,285.6,1.081,1
14524.9,95,1.2,0,60123.19,256.3,1.119,0
11669.0,128,8.4,1,249961.96,241.3,0.945,0
17425.2,6,8.7,0,229544.0,236.5,1.191,0
18142.1,98,6.4,2,215532.8,278.0,1.039,1
7850.9,66,5.3,2,181193.11,291.2,0.918,0
6129.3,120,2.0,0,72595.37,318.8,1.051,0
10178.7,197,3.2,0,99017.45,250.4,1.092,0
11655.5,77,5.4,0,149032.23,281.5,1.066,0
7606.7,74,8.8,0,238244.78,182.6,0.916,0
46030.0,51,8.2,1,243326.54,155.9,1.004,1
22245.7,10,5.5,0,165816.0,234.1,1.125,0
7167.7,54,8.1,0,213869.89,190.4,0.951,0
5317.6,26,7.9,0,217949.17,259.5,1.014,0
6806.2,28,6.2,0,176216.35,284.8,0.877,0
18319.6,99,3.0,0,93013.07,265.1,1.111,0
18563.9,32,4.1,1,139702.65,229.0,0.931,1
22393.2,81,2.5,0,76902.13,209.1,1.213,1
6011.5,237,1.1,1,66537.23,302.6,1.103,0
14082.8,59,1.7,0,60885.66,325.0,0.99,0
6377.9,29,7.8,0,213005.16,260.6,0.766,0
25012.4,203,1.3,2,92649.91,213.9,0.994,0
6147.6,38,4.6,0,138665.12,305.0,0.721,0
4520.1,56,9.9,1,290759.45,185.1,0.941,0
5115.9,143,8.2,1,239265.32,196.2,1.226,0
10602.5,34,7.8,0,222134.92,298.6,0.978,0
15676.6,53,3.5,0,101814.14,163.8,0.927,0
15116.7,32,6.8,0,186722.64,183.5,0.953,0
5264.7,142,5.5,0,147580.64,332.4,1.049,0
8409.5,31,6.6,1,196621.74,162.0,1.013,1
7741.0,108,4.9,0,149470.74,240.5,1.252,0
4766.9,72,5.8,0,159839.65,365.2,1.055,0
7626.9,50,9.9,1,287436.02,295.7,1.024,0
21876.3,71,4.0,0,110249.59,198.1,0.987,0
4328.9,57,2.9,0,93069.13,281.2,0.986,0
12107.9,43,5.0,0,131135.2,285.4,1.196,0
22149.9,16,5.7,1,176952.88,193.9,1.085,1
21535.1,33,1.8,0,66805.54,291.5,0.845,0
25642.6,87,8.3,1,248796.4,339.4,1.091,1
12787.3,62,4.8,2,178468.78,354.4,1.121,1
13864.0,106,4.7,0,147490.85,287.0,1.245,0
7716.2,81,6.9,1,209833.09,308.9,1.008,0
4262.5,7,8.0,0,220620.66,205.9,0.969,0
9758.0,99,9.9,0,267161.07,363.6,1.138,0
19552.1,29,2.6,0,89703.96,207.1,0.981,0
1801.1,76,4.1,0,124798.35,219.5,1.073,0
7936.5,21,2.5,0,83395.31,234.8,1.244,0
14624.3,138,8.9,0,252307.21,228.5,1.036,0
10687.2,122,5.9,1,182315.69,190.1,1.087,0
20886.9,64,8.7,0,240612.16,243.0,0.974,0
18459.2,119,9.9,0,266871.2,351.7,0.803,1
3886.1,35,6.0,0,160341.54,222.2,1.119,0
11216.9,48,2.1,0,71155.83,225.0,1.064,0
6582.2,136,4.3,1,148538.89,344.6,1.119,0
6527.5,4,1.3,1,70966.36,140.5,0.887,0
4108.3,66,8.6,0,230213.03,308.9,0.898,0
12313.9,95,1.2,1,67036.44,247.0,1.053,0
21124.4,54,6.3,0,167033.61,289.4,1.001,0
12947.3,159,2.0,1,91028.88,278.2,0.855,0
3922.1,187,1.1,1,58492.91,343.3,0.876,0
10333.6,99,3.3,1,124228.46,192.0,0.97,0
14301.9,30,6.0,2,206109.33,179.6,0.94,0
9881.1,121,1.7,1,69789.05,281.6,0.861,0
12815.4,230,6.5,2,218100.46,192.5,0.899,1
6931.4,79,7.0,0,194550.95,308.8,0.992,0
9199.9,68,9.7,2,294821.3,286.2,1.01,0
8856.6,37,9.1,0,251227.35,280.4,0.864,0
23248.2,91,6.1,2,198078.02,219.6,1.099,1
5342.4,70,8.1,0,217539.3,258.0,1.057,0
2019.6,9,4.3,0,125887.28,245.9,1.017,0
22442.0,116,6.3,1,203506.91,362.0,1.133,0
11441.3,27,4.6,0,141345.8,243.4,1.074,0
4599.1,255,4.0,1,136345.23,220.1,0.801,1
17573.6,82,7.5,0,205204.21,321.3,0.825,0
14797.9,65,3.7,0,118446.42,203.3,1.101,0
25316.5,79,4.4,1,153215.8,369.5,0.881,1
11974.8,76,4.3,2,162671.45,164.5,1.061,0
35163.3,57,8.8,4,317355.37,367.5,1.048,1
9934.2,19,2.5,1,106870.19,260.5,0.977,0
14813.6,161,4.4,0,127982.99,235.4,0.857,0
16021.1,79,9.0,0,246287.33,364.7,1.004,0
46657.0,143,1.1,1,57736.37,244.4,0.863,0
8131.2,22,9.5,2,296915.62,198.0,1.085,0
7970.6,42,9.1,2,284350.89,256.4,1.175,0
16205.2,53,4.8,2,173042.48,297.9,0.959,0
4320.6,30,6.9,1,204507.3,255.4,1.028,0
6553.6,116,9.9,0,262403.2,242.5,1.134,1
9768.6,63,6.0,0,176849.96,241.3,0.965,0
24883.5,90,1.9,0,72679.1,294.9,0.923,0
16211.4,47,8.7,2,286191.65,190.2,1.074,0
11174.9,146,2.2,0,69157.03,287.0,0.825,0
7660.9,125,3.3,1,121838.75,351.5,0.802,0
30339.4,113,8.9,0,238890.88,345.1,0.799,1
10292.9,82,3.3,0,96503.77,348.7,0.973,0
6549.4,161,7.7,1,232661.47,208.0,1.009,0
33525.2,125,5.0,2,190099.75,360.6,0.926,1
4464.2,71,7.8,1,234689.9,251.2,0.865,1
21486.4,51,3.1,0,100451.72,284.7,1.036,0
10761.7,62,4.8,0,147081.47,260.9,0.901,0
16189.5,102,3.9,0,114607.39,221.4,1.065,0
14584.4,21,3.2,0,97303.59,269.5,1.156,0
16058.1,41,3.8,1,140467.98,307.5,1.154,0
35195.9,160,3.9,0,115476.35,294.2,1.049,0
32252.3,138,9.6,1,286445.15,284.0,1.026,1
6780.5,63,5.8,0,166570.84,211.1,0.956,0
14270.2,359,5.2,2,185954.47,250.8,1.035,1
2991.5,121,5.5,1,179639.33,275.5,1.095,0
17041.3,79,10.0,1,284400.37,164.1,1.129,0
19304.0,140,6.9,0,190067.22,296.2,1.165,0
2044.2,49,7.3,0,198665.46,285.3,0.955,0
10523.4,43,3.8,1,128934.48,346.0,1.142,0
16172.8,69,5.2,3,200543.16,234.0,0.948,1
13128.8,77,2.7,0,88589.61,256.0,1.081,0
4530.1,44,7.2,0,198791.56,259.8,0.988,0
4890.0,173,4.1,1,140462.24,301.0,0.89,0
9787.2,59,7.7,1,226683.88,233.4,1.206,0
8130.5,17,2.9,1,117694.26,334.8,1.145,0
8623.3,82,4.6,3,197799.08,246.6,0.833,0
4086.0,66,5.2,2,186406.63,273.8,1.037,0
10873.1,130,2.5,3,136727.56,217.1,0.961,0
24990.0,49,1.6,1,84303.26,190.9,1.05,0
4670.5,116,3.9,1,140779.22,253.0,1.066,0
9295.2,90,5.9,1,189687.37,208.7,1.1,0
15164.0,145,6.9,2,232842.69,198.8,0.88,1
3391.2,82,4.8,0,135517.37,257.8,0.777,0
10938.6,42,5.5,1,171893.36,179.7,1.095,0
18976.8,93,5.9,2,213121.99,240.7,0.87,1
5403.9,33,5.6,1,178407.95,261.6,0.957,0
11579.4,12,1.8,0,65247.27,324.2,0.996,0
18211.8,44,4.6,0,143107.13,251.8,0.974,0
34196.6,151,2.8,3,141759.23,283.5,1.093,1
11228.3,217,5.8,0,167519.22,183.8,0.816,0
6651.5,21,7.8,1,243243.73,185.1,0.874,0
2646.1,135,6.2,1,190627.32,311.8,0.933,0
6688.8,196,3.0,0,88007.34,217.8,0.967,1
3913.2,33,2.9,0,86986.79,200.8,0.827,0
26118.7,175,1.3,1,69158.88,199.3,1.075,0
17592.5,27,4.8,3,191090.28,239.4,0.843,0
4889.1,70,4.9,0,144343.76,298.3,0.853,0
6400.7,97,3.1,1,116405.3,129.0,1.097,0
11117.5,35,7.9,2,261915.3,417.7,0.959,0
18896.5,168,4.5,1,149695.87,263.9,1.13,0
14290.7,75,7.0,2,233477.68,207.8,0.621,0
13500.4,127,6.8,2,225523.3,250.1,0.917,0
12038.8,37,6.4,1,202605.43,201.7,1.122,0
5078.1,225,9.2,4,317496.01,270.4,0.918,1
11205.1,105,1.1,1,64673.73,211.6,1.067,0
10408.2,102,1.6,1,84843.34,268.3,0.909,1
3872.2,96,7.5,1,229218.03,230.8,1.053,0
25755.7,103,4.2,0,129762.1,295.3,0.962,0
7261.1,120,9.9,1,283267.7,363.2,1.232,1
3951.3,59,2.9,3,155321.53,217.3,1.018,1
8063.8,26,2.7,1,101439.94,257.0,0.921,0
9070.8,27,6.3,1,192636.2,299.8,0.881,0
10218.3,79,3.5,2,143581.19,333.2,1.076,0
8976.7,199,4.1,1,146693.95,282.6,1.133,0
10573.7,69,9.3,0,249131.42,215.0,0.894,0
11674.0,155,1.2,2,80536.17,187.7,1.156,1
11318.5,71,5.8,1,189180.65,276.2,1.088,0
13442.4,185,4.0,0,117000.1,300.3,1.008,0
13912.3,102,4.1,0,128654.88,291.2,0.991,0
14115.4,92,3.2,0,97415.84,298.9,1.178,0
16171.7,146,2.2,1,92380.02,183.5,1.045,0
6753.3,101,1.3,0,60983.38,225.8,1.021,0
6915.0,116,9.9,0,274092.88,250.5,0.918,0
18945.4,78,6.9,0,201178.82,274.7,0.993,0
8220.4,96,8.0,1,235855.23,276.6,1.236,0
9875.3,29,1.6,0,61373.76,280.4,0.987,0
9344.6,167,1.1,1,68968.17,142.0,1.186,0
33507.5,170,6.4,1,201686.76,180.7,0.731,1
6012.2,61,7.5,1,226230.38,263.0,0.938,0
5936.5,73,4.6,1,159576.98,269.2,1.094,0
10595.8,222,4.5,0,126358.28,250.6,1.074,0
9508.5,62,4.5,1,155345.98,284.2,0.881,0
4856.5,124,2.4,0,80656.07,299.5,1.182,1
10077.2,88,7.8,0,229580.54,193.4,1.42,0
10771.7,23,2.9,1,111304.68,156.4,1.236,0
7703.9,104,3.9,0,112366.24,236.2,1.159,0
9712.8,25,7.0,0,195310.59,300.0,0.873,0
6404.2,164,1.0,1,58068.0,275.3,1.077,0
4864.7,67,7.9,6,331999.44,243.0,1.013,0
8181.1,30,9.1,0,245693.58,333.8,1.08,0
5397.3,131,1.5,0,56113.37,387.6,0.848,0
4223.5,24,6.3,1,196249.28,303.7,1.06,0
2563.8,25,4.7,2,168803.8,354.6,0.952,0
12159.6,229,1.7,1,77196.87,170.0,0.957,0
8008.9,149,7.1,1,209691.79,267.6,1.001,0
19008.2,81,6.5,2,208566.73,228.4,0.816,0
8433.7,106,6.8,0,188979.03,301.8,1.144,0
12125.1,38,8.3,2,261499.58,186.1,1.076,0
7031.2,87,3.6,1,122635.79,257.8,1.0,1
10399.2,33,7.1,2,235818.53,222.2,0.836,1
2580.1,32,7.7,1,234695.68,308.4,0.852,0
8104.6,135,2.5,0,84923.22,230.0,1.117,0
6038.0,56,9.6,0,261042.98,166.6,0.923,0
17927.6,50,4.1,1,148560.74,288.0,0.891,0
11673.0,100,7.4,1,221603.98,311.6,0.821,0
16534.8,48,7.8,0,219884.63,206.7,1.005,0
20177.9,66,5.5,0,172085.1,300.2,0.896,0
7691.3,209,2.2,4,151370.43,266.2,0.923,0
11382.1,25,3.5,0,102478.39,265.9,1.116,1
5059.0,189,3.1,2,129356.87,129.3,0.999,0
13198.2,379,5.7,1,174643.53,328.9,0.818,1
14311.4,26,3.4,2,142634.51,281.2,0.942,0
12682.4,30,5.9,1,181769.27,276.6,1.033,0
7685.8,112,3.6,1,128654.26,285.1,1.048,0
27087.8,10,1.0,1,54017.68,274.7,1.216,0
10754.8,83,4.3,1,154132.99,349.2,1.08,0
43628.3,43,6.5,0,180383.06,326.2,1.022,0
5079.6,168,8.0,0,222121.95,232.9,1.127,1
15087.2,59,1.3,1,66994.29,424.3,1.093,0
18227.1,92,3.3,0,98986.8,306.2,0.644,0
5148.8,122,9.9,2,308977.12,377.0,0.915,0
9074.8,106,3.4,0,103974.28,273.5,0.984,0
3893.6,77,8.0,1,232624.73,267.2,0.81,0
20607.9,126,5.6,1,179996.12,185.5,0.892,1
10014.2,22,2.1,1,94610.05,153.6,1.103,0
6055.9,148,6.8,0,189265.2,261.1,0.95,0
18359.3,62,9.7,0,255710.92,239.6,1.059,1
10580.0,116,9.0,3,305835.16,284.1,1.03,0
16963.9,75,7.2,1,223053.86,218.9,1.129,1
13682.0,50,5.6,2,192347.93,303.3,0.965,0
5520.1,71,3.9,0,115095.46,314.4,1.14,0
7521.3,94,4.2,1,143362.35,364.2,1.141,0
6167.5,104,4.1,1,147446.4,402.1,0.872,0
4842.4,95,9.3,1,272796.21,305.2,1.054,0
3177.9,47,2.9,1,116829.88,381.2,0.984,0
30083.3,36,4.4,0,128434.75,286.4,0.944,0
12546.9,38,4.9,1,165661.55,276.7,1.191,0
13632.5,65,4.7,0,142224.47,200.8,1.026,0
19508.7,115,1.0,0,48923.41,265.5,0.848,0
7473.1,120,3.4,1,115733.83,240.9,1.049,0
4104.0,52,5.5,2,196545.51,203.1,1.01,0
16130.3,78,7.8,1,235219.51,167.2,0.897,0
4592.6,24,6.1,0,187566.38,258.7,1.102,0
15914.3,59,4.5,0,134538.23,193.9,1.063,0
3656.1,51,7.0,2,227190.29,251.4,0.811,1
4361.7,43,7.0,1,216571.92,308.2,1.043,1
7003.2,83,3.2,1,116157.13,206.6,0.916,0
15576.7,213,1.9,0,68409.85,185.9,1.016,0
25119.3,80,8.2,0,218235.21,180.2,0.906,0
13619.9,155,5.8,0,168247.03,219.8,1.057,0
7182.0,135,2.6,1,95885.44,222.4,1.078,0
17787.1,53,3.4,0,105607.65,180.4,0.943,0
3574.6,126,7.9,1,233665.16,316.8,0.929,0
5722.8,221,6.9,1,209197.95,293.9,0.978,0
11194.9,30,9.5,0,260096.21,168.5,1.042,0
16430.7,135,5.2,0,143404.82,196.5,0.946,1
9360.9,74,1.5,1,80350.21,310.7,0.986,0
8751.9,47,7.3,0,200777.49,181.4,0.819,0
9072.7,100,3.3,0,108897.16,202.7,1.019,0
19411.2,101,3.9,0,112467.04,247.4,0.922,0
6437.5,288,2.8,0,90053.8,214.2,1.031,0
5465.7,49,3.8,0,114221.25,385.6,1.054,0
8984.4,80,8.5,0,237576.56,287.2,1.099,0
20925.1,79,6.2,1,199733.6,276.4,0.984,0
6926.5,49,2.0,1,93346.15,257.2,0.925,0
9055.1,39,6.3,0,181315.01,311.9,1.176,0
3531.0,58,6.7,2,220238.65,276.9,1.125,0
9290.0,72,9.0,0,244386.14,230.6,0.985,0
12192.6,37,8.7,0,244779.1,161.5,1.125,0
4597.5,140,1.6,0,56446.56,221.9,1.076,0
19431.6,108,8.8,3,293500.0,239.8,1.203,1
12100.2,31,1.5,1,62486.0,288.6,1.084,0
7629.5,57,2.4,1,92225.35,315.8,1.043,0
12153.5,84,2.0,1,86716.02,260.0,0.955,0
14084.5,122,2.6,1,104457.22,265.1,1.035,0
2841.2,72,8.2,1,246154.83,188.2,0.902,0
12429.0,118,7.2,1,206672.36,208.5,1.117,0
20514.2,96,7.2,0,210674.13,151.5,0.911,0
6378.1,126,9.3,2,287236.49,223.1,1.073,0
7733.4,44,4.5,0,131763.04,279.6,0.982,0
8555.8,110,1.0,2,76536.33,299.5,1.086,0
16535.3,74,6.8,2,217824.95,219.6,1.098,1
5157.6,152,8.8,0,245114.34,324.0,1.066,0
13712.3,43,9.8,1,284989.14,348.2,0.994,0
8656.0,97,4.3,0,127449.88,312.0,1.074,0
25773.2,81,8.4,1,248769.54,331.4,0.864,0
8970.5,69,8.6,1,255574.95,204.8,1.171,0
1781.2,59,2.3,1,98071.16,173.6,1.117,1
15199.1,62,6.7,3,238169.44,315.0,0.864,0
13311.9,204,2.6,0,87011.13,342.8,1.173,0
11799.1,68,5.0,1,163131.55,359.9,0.771,0
20202.1,195,8.9,0,236264.0,159.7,1.076,1
3163.3,69,8.1,0,225222.91,263.1,0.893,0
5780.2,86,6.1,0,167722.3,192.1,1.005,1
10367.3,77,8.3,0,221150.18,249.4,1.059,0
11429.5,202,2.4,0,83959.69,310.9,1.14,0
9471.6,130,2.8,0,85092.78,282.4,1.008,0
3570.6,55,2.9,0,86634.75,171.9,0.961,0
7781.4,25,8.0,0,216728.27,248.9,0.871,0
24775.8,56,9.0,1,259133.04,228.5,1.022,0
4988.9,170,6.1,0,183463.45,315.3,0.847,0
10229.4,32,9.6,0,260544.83,216.2,1.09,0
13741.8,26,7.6,0,212017.5,269.7,1.025,0
16264.4,48,6.1,1,195719.15,240.8,1.055,0
15157.5,37,6.5,1,201600.71,366.6,1.125,0
7425.7,41,8.6,0,242428.46,301.7,1.072,0
5763.7,16,1.8,0,69302.7,252.7,1.154,0
25887.1,87,2.5,0,85685.59,237.9,0.93,0
17168.7,99,3.4,0,105744.29,259.6,1.011,0
10818.9,67,9.1,2,287752.54,391.4,0.892,0
22148.8,25,9.5,0,247006.26,295.3,0.842,0
3523.3,48,4.2,0,124755.3,278.8,0.931,0
4121.8,97,9.3,0,251652.3,301.3,0.992,0
1827.7,106,5.9,2,204073.64,294.6,1.073,0
11352.7,17,5.3,2,193145.32,299.9,0.992,0
11672.2,79,8.5,0,231786.23,301.1,1.079,0
3849.6,45,5.9,0,163659.66,201.2,1.248,0
16819.9,75,5.1,1,153777.46,182.1,0.878,0
2464.8,27,1.1,2,83955.24,301.8,1.067,0
12833.4,19,1.1,1,70748.83,282.1,0.897,1
14551.7,66,6.6,0,185642.29,227.4,1.113,0
11272.8,70,1.7,1,80599.61,218.9,1.084,0
3464.3,40,7.6,1,228400.15,290.8,0.812,0
20082.4,185,6.6,0,188318.18,290.5,0.932,0
7583.8,44,5.1,0,149543.52,170.0,1.288,0
7599.2,44,7.4,1,222499.83,262.7,0.83,0
6671.3,77,9.9,0,261089.89,252.4,0.842,0
15455.4,71,3.2,1,114301.31,244.1,1.072,0
7358.2,44,6.0,0,170988.87,194.8,0.998,0
4669.8,98,8.6,1,258348.73,218.5,0.843,1
17930.4,98,1.2,1,66696.33,241.0,1.088,0
10082.8,78,2.8,0,91544.36,148.5,1.105,0
18283.0,87,5.7,0,159839.91,323.3,0.803,0
10535.9,74,6.0,0,169336.88,255.8,1.251,0
6380.6,71,1.8,2,101877.8,225.3,1.121,0
2768.6,27,4.7,0,140322.99,199.1,1.04,0
11381.4,81,5.7,0,153499.4,274.9,0.897,0
8567.3,132,4.8,1,153393.18,158.8,0.92,0
15820.8,87,7.3,0,203135.42,303.4,0.873,1
7142.8,61,7.9,0,221818.59,308.6,0.825,0
13058.9,128,5.1,2,179057.76,220.5,1.028,1
10279.3,87,4.8,0,132111.75,123.9,0.977,0
6019.4,44,7.3,2,244856.7,224.0,1.11,0
7508.7,128,6.0,0,169972.75,241.4,1.069,0
4056.1,53,8.8,2,276947.11,252.3,1.06,1
26886.4,34,5.3,0,152424.12,367.1,1.01,0
12896.1,40,6.2,2,202435.65,280.3,0.902,1
3863.2,50,2.2,0,78892.6,362.0,1.083,0
26124.5,26,8.5,0,239141.85,307.6,1.031,0
4942.3,161,4.8,2,179689.72,283.7,0.983,0
7064.7,19,7.5,1,218485.54,267.6,0.95,0
8954.7,106,4.9,0,139091.01,141.9,0.978,0
10429.4,90,1.0,0,35228.28,136.2,0.881,0
15581.7,86,4.6,0,139368.97,305.3,1.153,0
2285.9,98,2.3,0,87119.47,255.4,0.794,0
10528.5,66,4.6,1,148567.77,322.1,1.019,0
8672.0,106,3.9,1,142720.84,166.0,1.007,0
11502.5,70,2.8,0,91832.06,279.3,1.051,0
8409.0,57,2.1,1,87635.27,287.6,0.942,0
7721.6,28,7.6,0,202025.02,221.8,1.026,0
9595.2,92,7.8,1,227044.11,196.1,1.14,0
25327.5,93,3.4,0,103458.47,197.7,0.927,0
7816.2,74,5.5,0,154936.91,217.6,1.14,0
19576.0,121,5.2,1,160842.85,230.3,0.987,0
11216.5,148,4.2,0,130881.99,223.0,1.06,0
10908.7,52,3.5,0,113671.22,278.8,0.844,0
11567.3,109,2.7,2,116104.73,251.0,1.124,0
13716.4,28,8.9,2,280303.88,184.9,1.252,0
8200.8,77,8.5,0,235528.5,292.9,0.886,1
18828.2,66,4.8,0,145812.24,188.8,0.973,0
13735.8,123,7.5,3,252693.1,239.0,1.133,1
4315.4,55,5.5,0,153832.35,198.3,0.875,0
1794.8,153,1.8,2,93696.25,218.6,1.099,0
24896.7,63,8.4,1,247812.4,229.5,0.867,1
11784.0,28,3.0,0,92899.95,232.3,0.919,0
3946.5,20,7.4,1,217909.32,245.9,1.075,0
7809.3,116,5.7,1,199086.99,257.5,1.154,0
17164.1,26,7.2,0,194781.34,322.2,1.102,0
9250.9,100,5.2,0,147982.17,197.9,1.041,0
9767.2,114,7.3,1,226455.21,86.6,0.904,0
15397.1,44,1.3,1,69718.96,195.0,1.007,0
12447.8,89,1.4,1,71908.3,324.8,0.976,0
14313.7,184,9.1,0,248732.33,298.2,1.064,1
15304.9,67,7.7,1,237849.47,211.8,1.004,1
6498.4,22,8.5,1,251705.71,237.4,0.942,0
6902.7,49,5.1,1,159794.21,139.4,1.084,0
5993.8,198,5.1,1,163559.24,207.3,0.971,0
7149.5,120,5.8,2,204905.41,212.0,0.919,0
9538.1,31,3.2,0,97307.88,304.9,1.002,0
9964.1,146,7.6,0,213114.83,249.1,0.909,1
21773.5,151,8.5,0,234231.86,194.1,0.914,1
12101.5,55,9.2,0,243811.86,174.7,1.142,0
9652.7,28,5.7,1,180904.72,309.9,0.855,1
5150.4,138,4.7,1,154482.62,250.7,1.189,0
8519.2,214,8.5,0,224631.49,201.0,1.145,0
25942.1,44,7.8,0,209724.2,318.0,0.848,1
25715.2,116,8.8,0,240113.14,303.6,1.028,1
8454.4,45,6.9,1,207831.36,229.0,1.041,0
3051.0,44,8.9,2,281699.37,186.7,1.016,1
7765.1,89,1.8,2,97888.69,346.5,0.986,0
21905.6,40,7.1,2,244039.5,296.2,0.953,0
9578.3,72,1.8,0,61993.17,250.5,0.907,0
15406.0,154,7.7,1,236046.23,185.0,0.945,0
10256.8,24,6.7,1,201888.77,285.0,1.149,0
3719.1,125,1.1,0,52009.25,196.8,1.19,0
10477.0,84,6.4,0,177310.05,296.0,0.761,0
16573.0,99,2.3,1,109422.53,289.4,1.004,0
7085.3,79,2.3,1,90354.42,216.5,1.008,0
16327.7,167,2.4,0,77599.32,289.6,1.032,0
10873.7,95,5.4,0,157461.56,230.1,0.959,0
15839.0,58,2.0,1,83735.67,319.4,1.081,0
12552.0,85,2.1,1,96142.1,229.8,1.138,0
5384.7,56,3.3,0,115457.13,300.8,1.098,0
8573.4,46,1.0,1,58159.34,414.7,0.722,0
8402.5,145,3.5,0,107900.83,210.9,0.996,0
6870.5,56,6.6,1,202933.71,176.6,0.954,0
11980.3,19,6.4,1,192148.1,263.1,0.958,0
28516.4,99,9.7,2,294487.48,289.3,1.021,0
18841.9,59,2.1,0,60123.76,206.8,0.827,0
20254.6,186,8.8,1,256985.59,253.0,1.236,1
6602.2,110,4.5,1,151942.54,211.3,1.283,0
20441.9,181,4.5,0,133412.1,166.8,1.066,0
24223.0,123,4.1,0,127259.64,274.1,0.96,0
6461.3,147,2.1,1,96708.37,258.4,1.122,0
13366.5,96,5.3,1,170217.83,194.4,0.933,0
13570.9,128,8.1,1,238722.77,206.3,1.168,1
8959.6,42,8.9,2,281022.32,236.2,1.253,1
11424.6,123,9.7,1,289870.37,251.2,0.997,0
13954.5,27,8.1,2,249737.57,172.2,1.097,0
9329.7,72,6.6,0,178535.37,218.0,1.144,0
18343.0,50,5.5,0,151296.35,326.3,0.955,0
4332.4,89,8.9,0,235809.25,294.2,0.965,0
8380.0,55,7.7,0,201918.19,237.9,0.962,0
15580.7,28,2.5,0,80389.18,324.5,1.079,0
26866.3,26,7.1,0,190276.23,247.0,0.978,0
18990.7,30,4.9,1,162847.91,236.4,0.959,0
11286.8,91,6.4,0,185468.44,274.0,1.243,0
9604.2,93,9.1,0,241816.11,270.3,1.002,1
8675.7,55,6.9,2,225970.18,340.6,0.955,0
8707.8,101,9.4,4,328442.98,195.2,1.163,0
2754.2,68,8.8,1,264510.35,301.0,0.953,0
26259.1,97,2.2,1,90997.08,243.3,1.051,0
10042.2,75,1.1,0,43958.83,180.5,1.006,0
6198.3,126,4.5,1,153200.69,278.7,1.018,0
13246.6,41,8.8,1,253247.45,233.0,0.714,0
6524.1,16,3.1,3,147367.6,336.7,1.053,0
17371.6,68,7.2,1,220859.44,209.0,1.101,0
6327.9,81,5.3,0,153876.48,221.5,1.101,0
15983.6,34,7.7,2,244015.93,265.9,1.24,0
8597.7,39,2.5,3,138125.5,154.4,0.897,0
12252.2,108,3.2,0,93662.95,319.3,0.887,0
16672.2,110,3.2,0,94861.77,326.5,1.097,0
7413.3,66,5.9,4,236225.95,300.0,0.916,0
16445.3,21,3.6,2,145306.82,267.0,1.173,0
2851.9,105,8.3,0,228831.63,296.0,1.085,1
23193.8,80,4.1,1,138969.74,274.7,1.079,0
18047.6,51,6.9,1,215512.21,310.7,1.028,0
9834.1,134,9.5,2,295314.76,365.4,0.985,0
19863.8,9,6.5,4,254360.51,252.7,1.088,0
18720.2,73,3.2,1,119722.83,243.5,1.1,0
10379.5,106,8.5,1,255433.74,248.3,1.066,0
10312.8,27,1.1,2,86252.02,187.7,0.988,0
5704.7,25,3.3,1,126574.51,265.4,0.796,0
10714.8,197,4.5,1,154084.15,162.9,0.955,0
3630.4,109,2.8,1,106620.76,331.7,0.974,0
15871.7,168,6.4,0,179086.1,337.0,1.077,0
16065.5,128,6.0,2,212508.24,208.1,1.21,1
2886.4,92,4.7,0,139833.13,195.5,0.84,0
21967.2,212,3.6,0,108354.65,312.7,0.944,1
7003.1,85,4.9,2,174815.01,167.6,0.928,0
41794.8,69,3.6,1,128221.03,205.0,0.898,1
11883.5,128,3.0,0,99608.72,195.9,1.062,0
22086.5,136,4.2,4,190710.98,281.3,1.08,1
5581.8,100,6.4,0,176843.92,282.2,0.994,0
8586.1,51,6.8,0,189768.2,271.5,1.086,0
7389.5,128,3.7,1,131617.56,249.7,1.329,0
3581.3,50,9.5,0,245510.16,295.2,1.073,0
4342.4,77,3.4,0,100461.53,258.5,0.772,0
9604.9,39,7.4,1,220589.17,346.9,1.056,0
12982.9,41,1.7,0,58878.63,315.0,1.06,0
5184.5,12,7.0,2,232428.72,208.7,0.904,0
8262.0,67,5.1,1,159795.09,233.7,1.031,0
6502.1,93,6.1,2,210057.42,242.7,1.076,0
9995.6,208,2.7,1,96238.93,197.2,1.01,0
15191.0,47,4.9,2,175784.63,320.5,1.154,0
11052.5,79,7.9,0,212146.33,302.3,1.041,0
7188.5,70,7.9,2,251121.44,238.5,1.0,0
18375.0,96,3.1,0,98558.05,282.8,0.83,0
12739.9,61,4.2,0,125487.18,228.7,0.828,0
11245.2,110,1.0,1,61714.24,311.6,0.866,0
5229.1,37,1.8,0,67230.82,245.1,1.083,0
17298.6,74,2.1,1,96121.76,136.1,0.95,0
13483.7,93,3.6,1,121537.94,178.7,0.875,0
13888.2,140,7.8,0,215779.77,331.6,0.986,0
9046.6,112,5.6,1,171171.9,245.1,0.991,0
8076.2,73,8.1,3,278563.33,277.9,0.907,0
26333.5,41,7.8,2,239827.19,246.2,1.034,1
8000.0,223,6.3,1,187843.9,169.8,1.197,1
4536.6,45,5.5,0,157959.94,190.5,0.88,0
11578.9,29,9.4,1,271223.94,320.4,1.051,0
10327.4,49,6.1,0,178815.19,317.8,0.856,0
18839.9,25,5.3,0,158746.97,173.7,1.166,0
9470.4,92,8.8,1,260577.62,327.8,0.862,0
14916.1,73,1.6,1,82632.49,226.0,0.778,0
22803.8,63,6.9,1,201890.13,268.4,1.043,0
13033.0,68,2.0,1,90288.89,256.3,0.885,0
5408.1,51,8.4,1,242805.57,295.5,1.254,0
2781.7,15,8.1,0,227562.81,306.9,0.852,0
13246.1,129,5.5,0,154334.33,234.6,0.815,0
8350.6,54,6.9,2,233481.21,323.1,1.022,1
12043.3,26,8.0,1,240281.61,340.4,0.731,0
10373.8,19,5.3,1,172134.44,280.3,0.817,1
4469.4,158,9.2,4,315325.14,195.8,0.879,0
9438.2,58,4.9,0,137508.92,285.6,0.871,0
5204.3,57,9.0,0,251589.51,228.8,0.918,0
7624.8,99,6.2,0,180543.95,238.0,0.919,0
17266.7,51,4.8,0,136031.81,203.8,0.89,0
10860.1,24,1.0,1,57608.39,343.8,1.104,0
14409.8,47,3.7,1,125761.47,253.6,0.986,0
11382.4,85,8.8,1,268399.96,340.2,1.001,0
8716.6,47,4.9,2,182747.41,303.0,0.994,0
12063.1,40,4.8,0,142395.28,212.2,0.989,0
3188.5,33,5.4,0,152106.07,213.4,1.012,0
15902.9,93,3.6,1,134347.91,249.4,1.062,0
6084.4,84,5.4,2,192320.58,257.4,1.132,1
13900.4,101,4.4,2,156717.76,234.3,1.12,0
8506.3,63,9.2,0,238435.21,325.3,1.305,0
4471.4,54,6.1,1,197375.23,265.0,0.903,0
6791.2,41,8.5,2,263892.4,276.1,0.918,0
13941.4,59,7.2,1,208915.35,195.3,1.093,0
31080.3,20,2.9,0,100094.1,152.4,0.892,0
9983.1,88,8.8,0,247845.74,312.0,1.004,0
29047.8,55,1.8,0,66676.01,200.0,1.275,0
3182.2,138,5.0,0,134465.88,243.0,1.213,0
8912.2,70,3.2,3,147037.74,254.8,0.892,0
9987.9,14,5.8,0,163172.32,267.6,0.842,0
14357.8,81,3.7,0,120373.83,230.1,0.754,0
6962.4,227,7.5,0,210150.3,210.0,1.003,1
12713.7,93,9.4,0,251015.67,228.4,0.95,0
9185.0,117,7.4,1,227009.94,156.4,0.988,0
20351.7,147,4.2,0,122953.2,284.5,0.964,0
11585.1,38,6.4,1,190898.14,291.1,0.957,0
39856.3,65,9.0,1,265188.44,284.5,0.945,1
9229.8,40,3.4,0,112787.09,266.0,1.007,0
19617.5,109,2.1,0,67052.64,324.4,1.142,0
23129.7,40,2.2,0,70904.5,330.7,0.711,0
1356.6,63,5.5,0,152155.07,321.7,0.958,0
15788.8,115,7.6,0,206934.32,255.9,0.872,0
4408.5,108,6.9,0,192485.94,251.6,1.062,0
9026.3,80,5.1,1,164854.87,263.7,0.948,0
4916.1,148,7.6,0,209264.27,220.1,1.138,1
20550.5,114,6.7,1,201161.68,270.4,1.12,0
7223.5,48,6.7,0,190929.68,263.3,0.897,0
3041.6,25,2.8,0,78886.76,312.8,1.033,0
11750.4,37,3.8,1,128122.52,342.4,1.136,1
22267.2,119,4.1,2,154246.76,275.9,0.961,0
4961.6,92,8.3,0,222551.57,300.2,0.997,0
16974.4,149,8.0,2,254817.27,259.2,0.922,1
2435.6,98,3.3,0,103196.23,305.8,0.971,0
23156.7,116,1.5,2,90542.1,310.8,1.037,1
13182.8,87,7.9,1,232109.69,344.3,1.071,0
4604.4,46,4.7,1,149780.74,144.9,1.09,0
16103.3,45,3.0,0,100010.96,294.4,0.99,0
7487.1,37,2.1,0,69759.93,243.9,0.901,0
5708.9,46,1.1,1,59858.56,288.2,0.954,0
7383.4,151,4.8,0,140000.02,289.8,1.143,0
15187.2,107,4.1,1,134770.08,212.2,1.171,0
5466.4,64,7.3,0,200003.72,159.6,0.983,1
1737.3,94,9.8,0,269600.88,279.7,1.033,0
7627.9,93,2.9,0,98909.83,236.3,1.011,0
21024.4,159,3.2,1,118044.17,301.1,1.007,0
20866.9,60,4.0,1,135749.37,249.8,0.725,0
7376.7,84,5.2,1,167946.93,304.0,0.855,0
7208.8,116,7.3,1,221319.65,279.9,1.086,0
6924.3,46,4.2,1,141239.86,174.9,1.022,0
6727.5,167,1.9,2,107546.5,260.6,1.121,0
7030.6,113,7.6,0,212922.2,260.0,0.984,0
12086.1,37,8.2,1,231475.66,240.4,0.854,0
21309.7,201,3.2,0,104059.03,293.2,0.984,0
5460.2,148,2.2,0,81066.13,207.2,1.12,0
6168.7,104,5.8,0,170057.37,352.5,1.032,0
12906.0,16,2.9,0,92158.75,177.3,0.802,0
15688.3,52,4.4,1,158377.27,175.7,0.883,0
3629.7,80,8.0,0,217742.97,295.2,0.921,0
25742.7,84,3.0,3,140350.19,389.0,0.824,0
8535.5,76,8.3,1,236900.21,222.6,0.948,0
3889.4,30,7.1,2,232974.86,287.5,1.107,0
3499.1,62,3.0,1,115953.63,325.1,0.877,0
3343.4,66,5.7,0,160189.51,246.5,1.098,1
19405.4,14,6.5,1,211300.65,228.6,1.058,0
10913.8,104,2.8,0,84134.82,337.3,0.94,0
19505.8,178,2.3,1,77950.94,280.3,1.04,0
9704.5,69,5.8,1,192635.76,293.1,0.945,0
19198.1,105,7.2,0,194627.67,184.3,1.069,0
9557.0,38,5.2,0,144964.28,286.6,1.261,0
14322.9,91,1.6,1,81819.18,317.4,1.24,0
10110.3,92,9.3,1,269882.26,289.3,0.732,0
9204.6,138,7.3,2,236495.71,291.7,0.957,0
5830.0,155,6.6,2,219038.66,357.3,0.937,0
15466.3,104,6.8,0,185455.06,293.8,1.076,0
4977.8,47,4.6,0,138653.86,331.4,1.119,0
15451.5,46,9.9,0,264040.03,307.8,1.087,0
11211.2,154,2.2,2,115651.41,226.4,1.05,0
15689.1,22,7.7,0,211557.57,275.4,0.882,1
11792.7,32,4.8,0,134649.11,294.8,1.16,0
20389.9,52,8.9,2,276398.04,122.8,0.94,1
13523.6,99,7.5,2,242453.85,271.3,0.825,0
11353.1,175,6.1,0,167922.86,332.6,0.791,1
1567.0,184,9.4,2,294160.99,204.7,0.966,1
20856.7,10,9.2,0,251855.61,194.2,1.125,0
3315.0,89,1.5,0,49639.29,280.5,0.877,0
4155.9,72,2.7,1,109074.77,191.2,1.078,0
16540.5,41,7.1,1,218593.21,328.0,0.915,1
10673.9,9,9.3,0,250411.62,229.1,0.93,1
3424.6,72,4.9,2,172488.64,300.7,0.819,0
7202.2,31,1.3,0,55222.17,205.3,1.097,1
20238.7,97,6.8,1,205092.47,381.2,0.932,1
11584.0,76,2.8,1,97770.84,392.5,1.033,0
10833.3,17,6.0,1,186055.3,327.6,0.993,0
6637.3,64,4.5,0,134257.13,219.0,0.974,0
16877.0,24,6.0,1,184564.24,255.8,1.006,0
9882.4,86,9.4,2,283094.84,141.4,1.069,0
15106.7,110,5.4,2,188516.83,338.4,1.114,0
6190.8,56,1.3,1,71223.09,267.1,0.896,0
31174.7,149,6.2,0,179003.72,254.7,0.89,1
22330.7,87,3.9,0,124933.94,205.9,1.251,1
11510.4,75,8.0,1,233642.8,319.2,0.988,0
13030.0,76,5.2,0,149355.88,292.3,1.062,0
7247.0,64,7.7,3,265798.38,262.7,0.895,0
15803.1,63,9.2,1,266092.6,285.8,0.87,0
1877.0,31,4.3,1,135904.78,375.9,0.914,0
25520.6,169,9.9,1,284562.2,205.4,0.953,1
15276.3,64,2.3,1,104797.78,184.5,1.02,0
5383.8,184,6.8,1,203909.54,213.1,1.261,1
25171.1,109,1.3,0,51081.48,332.1,1.058,0
29678.1,68,2.9,0,107441.32,276.8,0.887,0
13444.5,80,6.7,0,191259.23,213.8,0.965,0
6261.2,110,1.4,2,87799.35,291.6,0.901,0
10936.2,130,1.9,0,62121.56,230.2,0.773,0
14579.1,74,3.6,1,125352.59,270.5,0.995,0
12795.8,123,6.2,0,165854.44,288.4,0.851,0
5384.3,108,1.1,2,81579.52,223.5,1.086,0
14426.9,111,5.3,1,176903.22,151.0,0.966,1
20106.1,124,6.6,2,225516.82,274.5,1.023,0
4527.0,50,4.6,1,151073.9,248.4,0.942,1
4919.0,158,1.6,1,80933.13,222.8,1.089,0
7053.4,92,6.5,0,185325.6,274.8,1.181,0
9328.1,130,6.5,1,201816.04,297.4,0.878,0
17122.6,74,5.6,0,160422.78,129.2,1.007,0
19981.0,86,7.2,1,214842.6,266.4,1.147,0
6079.9,50,2.9,1,112409.51,252.9,1.239,0
12024.4,35,7.1,3,249174.96,237.6,1.098,0
19529.0,66,2.5,0,80571.37,299.1,1.015,0
32163.2,113,4.5,2,172875.14,147.9,1.055,1
11987.1,51,1.6,0,66602.62,83.5,0.902,0
12380.4,22,8.4,0,226737.34,163.2,0.868,0
13492.7,142,5.8,1,185486.58,302.6,0.985,0
8722.8,32,9.7,1,279129.03,231.3,1.006,1
11446.4,91,9.5,2,283080.1,245.2,0.972,0
2290.0,197,10.0,1,294010.44,362.3,1.025,0
7272.9,365,1.9,0,69931.2,286.0,0.989,1
14297.2,68,6.5,1,194873.16,321.1,1.156,0
5842.1,144,4.7,2,174491.7,256.0,1.078,0
17351.0,91,5.8,0,169895.18,130.6,0.803,0
2984.0,39,3.8,1,128760.86,246.5,0.944,0
16971.5,64,1.4,2,91870.17,210.2,0.977,0
16945.5,54,7.4,2,241264.06,211.6,1.187,0
32484.0,140,9.7,2,292396.38,283.5,0.942,1
8505.7,192,5.8,1,179748.41,127.2,1.094,1
10679.6,58,4.0,0,120144.85,218.1,0.818,0
24139.0,23,9.4,0,256804.98,233.5,0.949,0
22428.2,84,4.3,0,127216.81,298.7,1.087,1
18813.1,41,9.2,0,256769.73,384.8,1.093,0
13054.3,34,8.7,1,261344.48,133.7,1.186,0
23773.9,47,5.8,0,165499.99,265.9,1.075,0
38904.3,45,7.1,0,192457.61,239.4,1.105,1
15069.8,97,7.3,1,223549.8,274.9,0.961,0
10992.1,111,6.8,1,201653.11,416.8,1.027,0
16115.8,90,2.4,0,76694.93,175.7,1.07,0
11886.6,40,7.2,0,198184.65,223.9,1.126,0
8981.4,41,1.0,0,42199.96,336.5,0.953,0
17393.0,72,7.4,0,206503.22,286.6,1.006,0
7736.6,60,6.0,1,190225.53,307.8,1.038,0
14892.5,76,3.3,1,115446.67,234.1,1.111,0
3535.7,95,8.2,1,246585.35,318.2,1.051,0
26157.0,71,4.6,1,154143.66,313.8,0.875,0
6382.4,106,5.4,2,182363.64,281.3,1.071,0
4101.5,86,1.2,0,62261.24,378.7,1.226,0
21996.5,109,4.6,1,152365.65,276.3,0.845,0
24317.0,33,2.5,1,98032.16,285.5,1.236,0
12898.0,20,3.5,0,103462.45,233.5,0.953,0
10057.4,39,3.3,1,115776.82,286.4,0.907,1
8635.8,135,1.4,1,74574.14,277.5,0.941,0
12487.6,86,5.1,0,143845.35,300.2,0.991,0
10405.4,50,5.7,0,161833.06,282.4,0.997,0
9638.8,45,6.1,2,203851.25,283.3,1.012,0
5928.0,113,5.2,0,155020.23,234.9,0.788,0
4805.8,87,8.8,1,259427.28,300.8,1.066,0
11248.3,29,1.3,0,49870.76,271.0,1.182,0
12262.5,29,6.5,0,172058.58,240.5,0.808,0
6630.2,106,8.8,2,270403.98,213.0,1.026,0
7269.1,49,1.4,0,49604.27,310.2,0.867,0
12245.0,24,5.5,0,153518.32,309.9,0.859,0
5822.0,23,6.3,0,185122.57,253.1,1.11,0
19224.3,97,2.7,3,143327.83,183.3,1.239,1
14550.4,51,3.3,1,118979.26,349.6,0.996,0
6589.0,118,8.1,2,259589.42,339.5,1.098,1
14123.9,78,6.1,0,177493.43,403.5,0.706,0
5920.1,57,3.8,0,119455.58,147.4,0.877,0
16990.4,75,7.9,0,221192.02,243.4,0.841,0
6080.4,208,7.7,1,230795.25,215.8,1.137,1
9936.3,38,4.1,2,162366.28,152.9,1.148,0
11661.2,147,5.4,2,177002.09,263.5,1.122,1
24110.5,107,7.0,0,198906.3,275.0,1.053,0
6348.7,52,4.1,1,139143.27,255.5,0.839,0
6174.4,107,6.7,1,201214.29,162.9,0.882,0
3705.7,84,3.3,4,175365.65,296.9,1.299,1
28119.8,70,3.6,1,131647.47,188.7,0.842,0
10895.6,60,3.8,2,163310.11,322.7,0.849,0
19487.2,130,9.4,1,274642.62,319.5,0.982,0
7353.8,77,8.5,0,230326.71,283.5,1.139,0
7805.9,40,6.1,3,225919.27,235.6,1.193,0
10369.5,73,6.1,0,174577.01,268.6,1.054,0
10558.8,24,1.5,0,45664.84,223.2,1.035,0
15781.6,49,6.8,0,192572.02,297.9,0.997,0
11087.8,105,4.0,0,123287.0,344.8,0.961,0
8417.8,36,6.5,1,199593.08,337.9,1.05,0
28414.9,252,8.6,1,251039.86,261.6,0.965,1
5872.9,13,1.4,0,48129.4,344.7,1.245,0
6372.1,59,6.5,0,177529.26,280.3,0.834,1
5930.1,111,6.1,1,186297.09,120.3,0.844,0
16134.2,25,2.9,1,111724.2,338.0,0.981,0
13872.5,113,6.8,1,212116.44,271.1,0.852,1
9664.3,108,6.0,0,176853.28,288.0,1.156,0
5723.7,62,7.9,1,237429.82,236.2,1.05,0
11631.2,41,2.0,0,61256.56,340.4,1.115,0
17432.2,76,5.0,0,151383.6,215.7,0.911,0
24667.1,105,10.0,0,263765.49,335.0,0.804,1
7148.9,43,7.2,0,200007.35,201.0,1.044,0
9643.4,70,7.2,0,194880.05,276.1,1.057,0
13794.3,26,3.9,0,115583.42,342.9,1.159,0
8363.8,122,1.8,0,69375.65,349.2,1.006,0
4157.3,188,9.5,1,277901.91,311.3,1.052,1
9673.5,55,1.9,0,64662.94,327.0,1.126,0
4553.8,47,9.9,0,271705.49,315.6,0.985,0
18285.3,138,2.1,2,118556.27,235.1,0.984,1
8793.3,136,2.5,1,101763.37,291.2,0.854,0
10272.5,115,3.8,1,129276.27,277.1,1.034,0
6485.0,32,5.6,1,182660.62,325.7,0.886,0
10516.8,7,8.1,1,236027.9,329.7,1.129,0
21387.6,68,9.7,1,281198.08,263.4,1.058,1
19419.9,97,4.2,1,141332.4,254.4,0.846,0
5067.4,55,1.2,1,75928.44,323.1,0.915,0
948.2,135,6.6,2,219939.67,249.1,1.015,0
9719.9,48,7.4,2,238018.08,328.6,0.845,0
8831.4,20,4.6,0,132074.14,268.6,1.069,0
8493.6,55,2.7,0,73749.28,227.3,0.958,0
7450.7,92,3.8,1,130230.47,237.2,0.927,0
4985.3,36,6.9,1,212017.91,90.1,1.247,0
33733.4,86,5.4,0,154483.05,256.3,0.944,1
28105.6,68,7.7,3,261150.45,298.4,1.17,1
8264.3,186,3.0,2,133643.1,413.1,1.159,0
11533.0,125,8.6,0,234415.7,223.0,1.165,0
18470.2,267,2.4,1,107911.94,239.5,0.899,0
11510.3,30,4.0,2,151849.41,219.9,0.964,0
7846.8,151,6.3,1,195954.78,214.0,1.123,0
4213.0,15,7.6,1,227687.82,294.9,0.978,0
10746.7,131,3.4,1,120357.5,236.6,0.937,0
4604.0,20,9.5,2,298367.15,216.6,1.146,0
20574.7,112,7.4,2,239852.72,284.2,0.979,0
10457.2,87,3.0,0,94774.93,293.1,1.129,0
14442.6,93,7.5,1,226592.0,218.1,1.043,0
8665.5,13,7.3,1,223982.55,325.4,0.965,0
17052.6,107,7.8,0,222193.91,360.1,0.661,1
7049.9,20,9.2,0,247253.64,302.6,0.967,0
12684.1,186,7.4,0,204541.94,292.5,1.091,0
8463.7,46,4.2,0,126378.31,122.7,0.909,0
9282.6,58,8.1,0,224777.09,209.1,0.829,0
18334.1,150,7.3,2,241937.53,177.1,1.029,0
6451.6,78,6.2,0,171451.65,315.8,0.917,0
13198.5,78,4.2,0,123859.56,318.8,0.83,0
21953.1,100,9.3,0,256762.29,286.6,1.167,1
17957.7,38,5.6,2,193793.1,244.9,1.019,0
7183.2,46,6.7,0,187099.2,244.1,1.08,0
14259.8,80,4.7,0,134104.35,491.4,0.901,0
2986.0,194,8.0,1,249268.96,307.9,0.977,0
18685.3,118,4.1,0,122509.26,254.4,1.091,0
38840.4,122,8.3,0,233823.09,289.4,0.955,1
12762.5,158,2.0,2,105493.56,183.2,0.73,1
22563.3,135,7.4,1,225587.15,294.3,0.958,0
4071.7,114,5.3,3,207864.08,244.9,0.99,0
5363.1,67,7.3,0,206898.79,290.3,1.082,0
8645.4,35,5.8,2,204713.04,203.1,1.003,0
9668.5,39,2.2,1,91710.34,369.4,0.941,0
12809.8,143,5.3,1,168842.72,206.9,0.918,1
7205.9,105,9.7,1,284168.71,239.5,1.128,0
11605.1,6,7.8,0,224174.72,193.9,1.134,0
18313.6,76,3.7,1,128567.88,216.4,0.827,0
14229.6,11,9.5,0,254409.28,251.7,1.065,0
8470.6,67,8.0,1,232367.28,263.0,0.833,0
16283.0,137,4.3,2,165852.54,245.5,1.114,0
8243.3,105,6.4,0,181384.57,290.5,1.044,0
11228.4,59,4.8,1,159201.23,401.2,1.13,0
17785.2,84,1.9,1,86363.14,248.3,1.067,0
9512.2,46,8.3,1,246309.73,230.0,0.8,0
4557.4,28,2.7,2,124666.09,342.6,1.032,0
11041.6,44,5.1,1,168748.15,203.1,1.146,0
17874.1,129,7.3,0,206763.37,359.0,1.168,0
18802.5,153,9.4,0,258350.04,149.9,0.84,0
5212.7,133,1.6,2,95349.27,320.1,0.928,0
15913.4,124,4.5,2,170238.16,203.2,1.145,1
9166.1,33,6.5,2,215088.72,201.3,1.012,0
23402.5,62,8.0,0,217207.32,283.7,1.098,1
4625.4,67,9.3,2,293481.79,314.8,1.02,0
15742.7,53,1.0,2,77218.3,301.6,0.856,0
8558.1,36,6.6,2,216441.68,218.8,1.057,0
7279.6,87,1.1,2,85797.92,311.9,1.174,0
18235.4,85,8.1,1,243049.89,210.0,0.952,1
19858.4,61,2.3,1,97525.13,244.8,1.009,0
2332.9,175,9.1,0,250206.04,225.4,0.738,0
18419.4,55,2.4,1,89328.69,251.0,0.929,0
10225.8,70,7.9,2,255048.16,227.5,1.012,0
10855.7,25,3.6,0,108605.89,270.8,0.97,0
4445.7,115,6.0,1,186703.27,178.8,0.939,0
15150.1,150,6.5,1,204480.28,295.4,0.871,0
34196.9,22,2.9,1,114821.5,229.8,0.813,0
7571.2,100,3.7,1,126768.55,196.7,1.243,0
20921.9,59,2.0,0,73385.84,321.9,1.098,0
10616.5,119,1.0,1,70719.75,371.6,1.057,0
7767.2,88,3.2,3,152772.52,293.4,0.936,0
3844.0,88,5.6,0,161580.09,274.4,0.905,0
22587.8,84,7.4,0,207472.94,236.7,1.0,0
11409.2,202,8.1,1,237290.52,180.1,0.836,0
8025.4,28,1.6,3,109415.38,294.6,1.021,0
8890.6,11,3.5,1,137094.04,166.2,0.964,0
15846.1,116,7.9,0,217499.55,287.8,1.084,0
8017.0,33,5.3,1,162602.63,156.2,0.813,0
5689.8,121,2.6,0,87991.43,272.2,1.025,0
9941.3,113,4.5,0,136521.11,337.2,0.981,0
9755.5,43,3.4,0,96295.29,281.9,1.049,0
9624.3,302,1.5,0,54130.07,326.4,0.905,0
8084.8,167,7.9,1,238929.0,348.3,0.895,0
21326.8,71,3.6,0,113800.58,262.4,0.826,0
41078.7,86,9.5,1,274415.61,371.2,0.735,1
5221.6,145,9.0,1,258015.55,243.1,1.175,0
2038.5,30,7.4,1,229851.3,201.2,1.24,0
9202.5,101,3.9,1,130635.42,200.7,1.031,0
2251.8,70,3.5,1,136127.66,317.2,1.125,0
3565.1,171,5.3,1,172978.87,245.3,0.894,0
7656.6,18,4.2,1,138572.99,233.9,0.959,0
15780.7,89,9.1,0,246371.24,304.4,0.993,0
9137.2,30,2.1,0,70338.73,166.4,0.943,1
1589.9,102,7.5,2,244659.65,417.5,1.091,0
9063.1,78,6.5,1,200092.41,189.9,1.05,0
9486.0,84,8.3,0,230429.15,296.9,1.074,0
9584.1,125,5.9,1,185008.21,292.6,1.208,0
19571.1,108,6.7,3,240020.62,251.4,0.871,1
17751.5,47,9.7,0,260207.91,326.6,0.861,0
11145.6,13,1.8,3,123965.83,309.4,0.98,0
30544.9,19,1.9,1,92513.74,253.4,1.018,1
7643.0,48,4.5,1,145923.56,297.6,1.127,0
9861.4,85,5.3,1,174129.77,127.8,1.025,0
10508.1,73,2.8,1,114796.03,235.9,0.896,0
3812.7,87,1.7,0,60747.52,293.2,0.77,0
10641.8,148,1.2,1,67096.56,220.3,0.962,0
3286.5,50,7.9,1,233899.95,255.1,1.08,1
6887.6,120,5.4,0,156760.62,248.9,0.891,0
11448.1,83,8.6,0,231883.12,157.5,1.052,0
4280.1,157,4.2,1,149934.0,314.6,1.151,0
12971.5,89,7.3,0,191560.09,267.7,0.784,0
6184.1,189,5.4,0,154429.72,189.3,1.162,0
8451.9,114,6.5,1,199518.31,370.9,1.186,0
14311.2,138,4.3,0,125354.79,271.4,0.839,0
10138.4,49,1.7,0,65659.03,274.4,1.166,0
12796.2,155,9.5,2,294444.68,254.2,1.002,1
13802.6,191,8.5,1,252316.18,374.4,1.042,0
10037.3,106,3.8,0,117252.78,315.9,0.757,0
13229.6,63,9.6,0,269925.23,217.9,0.941,0
6812.1,141,3.7,2,160010.68,135.4,0.966,0
14209.6,120,5.0,0,140122.22,300.8,1.121,0
9239.2,225,7.8,1,227203.55,252.4,0.953,1
21638.0,104,3.8,0,112926.68,238.6,0.907,0
11591.4,71,3.9,1,131752.1,251.1,0.864,0
7459.3,82,4.7,1,157368.42,151.9,0.995,0
14354.3,42,5.2,0,149794.48,268.2,1.006,0
22167.8,62,2.1,3,130400.89,245.0,1.094,0
7900.1,16,1.2,1,66457.25,233.2,0.883,0
7064.6,69,9.3,3,308833.94,264.0,0.907,0
1076.5,143,4.2,1,146425.5,353.6,1.158,0
11574.3,238,1.9,0,63929.34,239.7,1.119,1
8674.5,59,7.8,1,224644.73,335.1,1.12,0
14319.7,111,3.7,1,128760.56,269.7,0.78,0
14499.3,71,2.6,0,83542.16,340.4,0.884,0
3942.1,59,9.7,0,263213.15,256.4,1.027,0
17707.4,35,9.3,1,272262.17,207.7,1.012,0
6404.5,180,2.0,1,83908.49,387.8,0.923,0
7928.5,22,9.1,5,340533.94,321.0,1.084,0
13015.1,99,9.0,1,266576.54,345.9,1.012,0
4980.3,27,6.7,3,236175.52,296.2,1.052,1
7112.1,51,5.8,2,194632.32,263.9,0.961,0
4659.0,174,3.0,0,96683.37,319.5,0.908,1
18584.6,34,2.1,2,104247.73,295.3,1.078,0
8367.8,93,6.5,2,224640.08,228.2,1.047,0
4337.7,155,8.4,0,228466.08,288.2,0.865,0
4562.7,97,7.2,2,240152.78,239.5,1.011,1
16872.7,100,2.6,1,100282.09,183.1,0.956,0
6023.4,96,3.6,2,143237.13,256.4,0.906,0
7812.6,136,5.9,0,160389.12,223.8,0.99,0
10914.0,153,6.6,0,183463.26,386.2,0.941,0
8740.3,90,1.7,0,57270.0,196.7,0.975,0
2623.2,80,6.5,1,193695.24,233.9,1.181,0
15217.2,25,7.6,0,210210.14,225.8,1.058,0
9150.8,43,2.6,1,110593.94,307.0,1.121,0
12709.9,95,3.2,1,114706.27,275.2,0.931,0
15865.7,18,3.3,0,102029.71,374.5,0.926,0
2147.6,40,9.5,1,282550.83,350.5,1.064,0
15950.3,60,4.7,2,174510.4,266.3,0.748,0
36724.1,31,5.8,0,162120.14,195.0,0.886,0
13515.9,41,7.5,2,237774.67,282.5,1.062,0
21831.2,100,4.3,2,162034.04,274.0,1.037,0
18227.7,70,1.9,0,64362.77,170.5,0.943,0
15614.5,117,6.9,0,188526.57,247.9,1.017,0
18596.8,58,7.0,3,247180.6,272.0,0.93,1
20399.0,69,3.3,3,154716.81,262.6,1.142,0
20859.2,88,1.3,3,98409.96,201.3,1.127,0
4553.8,42,7.0,2,230105.73,259.3,0.86,0
19248.7,104,7.3,0,200483.75,253.0,0.866,0
9068.3,35,1.2,1,65942.58,289.3,1.22,0
21284.0,46,7.2,0,200944.17,205.4,0.964,0
14209.3,52,9.5,0,253418.49,330.3,1.117,0
4505.6,48,2.6,0,86404.17,289.8,0.913,0
22940.7,79,5.7,2,197833.03,180.6,0.939,0
6425.3,48,7.3,0,200878.25,276.2,0.959,0
8790.1,66,3.1,0,95135.81,262.5,1.058,0
25979.5,147,7.8,0,209472.38,254.9,1.027,1
11637.4,155,8.8,0,242766.35,171.8,0.816,1
8550.3,3,8.3,4,304623.8,240.9,0.906,1
10184.7,100,3.3,2,136075.08,221.9,0.924,0
8435.5,14,8.2,2,263767.13,233.1,0.992,0
16854.4,104,4.7,1,152440.38,314.4,1.059,0
8600.3,133,3.4,1,116377.82,219.7,0.989,0
10398.9,54,2.5,2,114166.1,391.5,0.828,0
14912.7,157,9.2,1,261604.63,408.6,1.041,1
13962.7,43,4.8,0,147780.31,281.6,0.951,0
6785.5,142,8.8,0,237475.97,182.9,1.149,0
16972.1,131,2.4,0,80363.54,182.9,0.978,1
7635.5,24,7.9,2,257392.12,288.5,0.935,1
5281.7,57,2.0,0,64555.21,246.1,0.933,0
2830.2,21,1.2,0,44939.38,216.4,1.075,0
9548.8,31,10.0,0,265032.08,260.8,0.858,0
3318.5,160,1.7,0,56549.55,182.1,0.892,1
6166.5,104,5.2,0,150167.84,403.0,0.964,0
10561.0,48,8.9,1,268139.88,294.5,1.071,1
20147.9,15,8.4,0,234198.26,358.2,1.003,0
8937.3,20,5.2,1,160597.18,317.8,0.998,0
3876.8,67,6.5,2,220918.07,305.7,1.069,0
9975.8,165,6.7,1,211173.82,206.6,0.883,1
19704.7,121,2.0,1,83277.11,102.1,1.081,1
8808.0,68,3.6,0,102177.07,322.5,1.097,0
22096.6,69,3.7,0,117492.69,261.1,1.179,0
10524.5,89,4.4,1,147722.27,392.4,1.352,0
15985.3,148,3.5,2,144156.8,234.3,1.066,0
12157.7,37,3.3,0,101642.41,261.4,1.112,0
21494.6,88,4.2,3,182116.67,239.9,0.926,1
31680.9,30,4.4,1,150032.67,340.1,1.074,0
7883.0,84,5.4,2,190488.1,115.0,1.222,0
11737.6,68,2.6,0,86346.5,283.8,0.826,0
20139.6,21,8.1,0,225931.09,220.9,1.139,1
12411.4,89,8.7,1,257793.28,264.5,1.065,0
2718.2,52,3.2,1,115756.25,353.4,1.099,0
8894.4,57,2.1,1,91261.42,195.7,1.058,0
12348.6,40,7.5,1,227444.4,194.6,0.834,0
24835.9,82,9.3,0,253825.04,373.0,0.778,1
11357.4,79,1.3,1,74214.3,238.9,1.008,0
5889.2,118,1.1,1,69439.44,228.1,0.835,0
12523.3,96,2.7,1,105182.09,229.1,1.202,0
23435.7,40,7.2,1,215463.01,161.9,0.88,0
7096.4,122,9.7,0,263990.23,353.6,1.125,0
7700.1,140,7.8,2,240480.33,346.6,1.036,0
7168.6,44,6.2,0,181414.84,156.2,1.087,0
4266.3,60,7.3,3,267012.89,239.5,0.89,0
11053.0,51,3.1,1,115917.52,166.0,1.228,0
10281.7,77,7.2,1,217741.92,308.5,0.998,0
2965.3,42,3.9,2,154605.88,296.0,1.252,0
6203.6,116,3.0,0,99533.04,200.3,1.06,0
11941.0,35,3.1,1,122877.48,233.5,0.911,0
15768.2,57,7.0,2,235839.51,341.3,1.073,0
18269.8,93,7.9,0,225464.75,251.7,1.104,1
16506.2,77,6.2,2,215822.53,222.7,0.955,0
10655.5,79,1.6,1,88015.77,318.2,1.059,0
3758.7,32,1.3,1,75297.73,264.8,1.11,1
9261.9,68,3.0,2,128960.92,337.3,0.882,0
1452.8,136,3.6,2,136826.42,317.5,0.922,0
11975.2,112,4.6,0,135611.06,299.2,0.862,0
6937.1,61,1.7,0,62956.23,207.1,1.215,0
2098.9,76,7.5,2,247206.71,340.0,0.95,0
13297.3,85,7.4,0,203723.97,260.5,1.228,0
23277.6,159,4.1,1,140925.34,264.7,1.002,1
3352.5,54,6.1,0,162003.52,169.9,0.736,0
13940.6,111,1.9,0,74473.23,219.4,1.086,0
8297.9,76,4.7,1,163024.92,204.8,1.06,1
6421.4,136,8.7,0,241992.75,290.7,0.964,1
6431.0,145,6.9,0,196022.9,314.3,0.988,0
8296.6,80,1.9,3,124168.59,243.6,1.158,0
8277.3,48,8.6,1,254035.79,268.7,0.997,0
10398.1,134,7.1,1,223767.57,256.0,0.959,0
6006.5,75,5.1,0,144429.73,366.0,0.743,0
6864.2,27,7.2,0,192469.37,120.6,1.098,0
14701.2,22,2.6,2,121706.47,194.8,1.018,0
5643.9,75,6.0,1,191953.81,242.5,1.024,0
12436.8,7,6.6,1,202414.91,279.1,1.077,0
8571.1,52,9.3,0,259980.46,230.3,1.051,0
7487.6,139,1.6,0,68696.11,162.2,0.845,0
27478.5,155,4.4,1,148987.59,299.7,0.939,1
4338.3,139,9.4,2,301900.88,361.5,1.031,0
24176.0,76,3.0,1,101338.47,165.9,1.008,0
17086.8,40,8.3,1,241589.1,283.7,0.777,0
7056.8,148,1.0,1,68374.69,327.9,0.918,0
17366.4,83,1.2,3,108461.73,287.4,1.143,0
954.8,26,3.9,1,133968.64,323.6,0.582,0
6621.0,79,7.9,1,235451.27,237.5,0.694,0
5697.7,135,1.9,1,97904.11,207.1,0.976,0
13390.0,12,4.4,0,137864.56,338.5,1.026,0
15946.2,67,2.2,1,81473.56,282.6,0.973,0
13263.2,167,3.0,0,93643.28,271.6,1.1,0
11499.3,75,5.5,0,157944.1,274.5,1.265,0
18023.6,32,3.9,0,121620.13,172.7,1.104,0
16589.0,125,2.9,0,95385.65,221.2,0.773,0
6944.8,105,4.5,0,139409.22,270.8,0.899,0
7463.4,83,7.3,2,240563.35,363.7,1.011,1
16053.3,33,2.1,1,91256.97,195.5,0.802,0
10336.2,91,5.3,0,156266.43,216.6,1.058,0
10772.3,111,3.5,1,122189.94,295.1,1.074,0
11630.4,26,4.4,0,132539.97,115.6,0.743,0
2818.2,89,8.4,0,238358.62,248.0,1.016,0
6739.8,62,9.4,1,262721.02,186.5,1.043,0
14065.3,19,3.2,0,101927.56,389.1,0.849,0
6702.5,64,6.7,1,193557.13,307.5,0.972,0
9187.5,55,7.1,0,201182.89,204.5,1.064,0
14012.7,69,8.6,0,235549.3,264.8,0.925,0
18594.9,51,9.1,1,269974.11,201.8,1.129,0
19855.0,22,5.2,1,164383.77,197.6,0.869,0
20491.7,161,9.8,1,281867.44,183.0,0.965,1
9735.9,284,9.7,0,268755.76,217.8,0.96,0
9119.3,57,5.6,1,183219.74,283.5,0.972,0
4730.5,75,5.9,3,215789.47,331.7,1.033,0
23352.6,280,7.0,2,229102.95,195.8,0.899,1
8879.7,33,4.4,0,124165.81,203.8,0.917,0
23046.2,48,7.0,1,216613.67,395.2,0.87,0
12636.9,98,5.6,0,162821.35,268.0,1.017,0
19084.9,86,1.3,2,92345.09,241.9,1.078,0
10145.9,135,8.7,1,255137.44,210.1,0.967,1
14825.8,107,9.5,0,245901.13,220.5,0.901,0
19452.8,175,1.2,0,47210.0,262.9,0.908,0
7727.2,93,8.1,3,275742.98,328.9,1.069,1
20553.1,27,4.5,0,125551.68,192.9,0.743,1
5193.9,57,6.3,3,220188.74,245.4,0.971,0
27077.4,126,5.5,2,198496.75,367.2,0.897,1
11658.0,11,6.0,2,201033.08,168.0,0.895,0
6810.5,65,5.5,0,159154.33,335.9,1.092,0
16895.7,90,8.7,0,243972.59,385.9,0.983,0
12985.0,91,7.2,1,214127.35,262.5,0.9,0
2940.5,45,4.7,3,191572.97,339.0,1.04,0
8299.5,55,7.2,0,203351.26,145.0,1.053,1
5371.9,84,9.7,0,260669.44,243.9,1.133,0
5705.7,122,1.7,1,82085.8,324.7,1.015,0
5567.3,28,4.5,0,136450.83,173.5,0.938,0
14422.4,77,8.8,0,232045.87,338.5,1.194,0
17638.8,153,7.7,1,238126.02,411.4,1.18,0
6403.2,73,9.4,0,257315.17,216.3,1.293,0
2346.6,100,1.4,0,55364.88,304.6,1.138,0
1441.6,173,8.8,1,258100.9,317.8,1.079,0
30629.4,83,8.1,0,231939.67,356.3,0.712,1
11733.0,169,8.3,0,222170.23,191.5,1.195,1
16967.1,58,6.4,0,182368.15,220.8,1.001,0
9440.1,143,1.5,0,63186.84,298.8,0.976,0
1938.6,89,5.9,2,208661.54,265.5,1.055,0
13602.9,91,4.7,2,177308.09,369.3,0.923,0
25488.6,100,5.7,0,161773.36,241.7,1.125,0
7061.9,90,7.7,1,233119.78,234.5,0.811,0
1749.0,92,6.4,0,183659.16,282.2,1.12,0
4711.1,208,3.6,1,130108.47,280.8,1.068,0
17437.9,103,6.4,1,195163.79,252.8,1.001,0
12926.4,144,1.7,1,81415.0,204.7,1.157,0
20601.4,44,1.0,1,64371.08,268.5,1.084,0
10724.2,22,4.6,1,149658.75,287.8,1.388,0
15791.2,24,7.8,1,237228.16,209.0,0.926,1
8145.2,30,8.4,0,231225.39,191.8,1.005,0
4978.3,172,5.9,0,177475.09,282.2,1.023,0
15816.5,23,8.8,2,272151.6,445.7,1.127,0
17600.7,69,2.1,2,110224.78,335.9,1.014,1
7171.4,240,9.7,2,304688.92,248.9,0.837,1
24209.7,115,9.3,0,249418.27,247.7,0.686,1
24586.8,52,6.4,2,209275.42,270.4,0.903,0
5591.3,42,1.5,0,61018.95,225.3,1.06,0
5771.8,59,5.1,1,156280.4,284.8,1.037,0
5959.9,93,2.6,1,106574.41,172.4,0.885,0
9861.3,61,6.7,1,194509.36,233.3,0.968,0
8396.4,115,2.7,0,89223.2,342.4,0.845,0
4212.2,203,5.3,0,159562.52,303.7,0.927,0
6078.5,46,2.9,0,91199.09,302.3,1.117,0
1974.7,209,2.6,1,105114.63,328.5,0.9,1
2292.4,85,3.2,0,99572.28,240.9,1.141,0
3622.1,60,1.3,0,59318.27,177.0,0.78,0
29686.7,41,7.4,0,203380.49,273.0,0.92,0
27689.4,106,3.8,1,140403.45,288.7,1.229,0
16347.7,49,7.3,0,204700.19,364.8,0.692,1
7220.6,113,6.9,1,212989.65,218.9,0.995,0
3576.6,77,1.6,0,65827.8,245.2,1.083,0
10586.5,56,3.8,0,111928.67,331.4,1.012,0
13824.6,76,6.1,2,211061.82,314.2,1.119,0
6476.0,104,9.3,0,247263.6,172.6,1.111,0
13391.7,70,4.6,2,180563.4,330.3,0.917,0
4679.1,49,5.5,1,177613.11,365.2,1.083,0
7318.5,44,7.8,0,217510.42,230.1,0.963,0
9068.6,120,8.2,1,255350.6,330.1,1.037,0
28150.6,33,9.3,0,258932.63,301.0,0.917,0
6018.2,46,5.5,0,157288.19,209.9,1.292,0
13784.3,22,2.7,2,138020.97,183.1,0.949,0
5403.9,73,7.9,1,230368.47,285.3,0.88,0
4894.3,37,2.1,2,107638.97,327.5,1.12,0
6456.6,69,4.8,0,140936.62,239.7,0.986,0
10813.3,71,6.7,2,219538.71,190.1,1.117,0
25993.7,74,7.2,2,238367.75,130.8,0.966,1
7116.9,52,7.6,0,206422.11,268.4,0.844,0
17678.0,119,2.7,1,106936.61,215.7,1.14,0
28934.8,61,9.8,0,261913.72,210.9,0.879,1
12433.2,47,2.6,0,80511.06,362.8,0.884,0
19535.0,24,1.9,0,72158.16,306.6,0.98,0
6220.6,131,7.0,0,198398.25,301.7,0.923,0
13568.0,51,9.2,1,264254.45,257.1,0.884,0
15640.5,114,6.0,1,188439.78,292.4,0.824,0
4064.7,59,6.4,2,223043.15,278.9,1.104,0
5807.0,215,5.8,1,185438.36,239.6,1.17,0
8819.9,210,1.4,2,87545.82,259.0,0.917,0
6578.5,93,7.1,1,215465.29,334.0,1.151,0
9479.1,93,4.2,1,143748.56,281.4,1.046,0
3637.7,87,9.4,1,268981.07,404.5,1.08,0
27341.4,61,2.7,0,88788.79,337.7,1.074,0
18725.5,125,3.7,1,133565.48,256.3,0.933,0
54311.4,74,5.5,0,163453.08,273.2,0.911,1
4427.9,33,5.3,2,188636.1,261.4,0.978,0
13883.0,64,4.6,0,131811.57,345.2,0.982,0
6620.0,34,3.8,1,136132.59,190.5,1.111,0
4874.0,33,2.3,2,116330.2,252.9,1.038,1
18123.4,44,8.4,1,244117.84,303.0,1.011,0
11030.0,193,5.0,1,167665.52,293.0,1.064,0
8443.4,100,6.2,0,182362.03,350.4,0.876,0
12657.4,64,5.9,0,175271.38,236.3,1.066,0
5979.3,60,6.2,1,185168.28,166.8,1.027,0
5842.9,80,7.3,0,209447.5,291.2,1.443,0
6781.3,51,6.7,1,204840.18,273.2,0.858,0
20213.2,104,3.5,3,157811.56,288.4,1.053,0
19281.8,84,6.0,0,155829.4,238.0,0.917,0
4278.7,97,3.2,4,175103.21,298.2,1.019,1
26678.3,62,6.3,2,217286.76,246.5,1.162,1
10462.1,242,4.9,0,139744.08,301.6,1.228,1
13747.4,34,1.4,0,49287.86,252.4,0.915,0
6634.4,105,7.6,0,208552.13,355.7,0.97,0
10805.0,53,3.5,0,110225.28,154.4,0.747,1
4853.0,83,9.3,0,258531.51,154.1,1.203,0
6329.0,90,3.5,1,121926.8,299.9,0.918,0
17266.4,210,10.0,0,266943.24,172.1,0.786,1
17499.7,91,5.2,2,181567.53,270.3,1.02,0
14124.0,63,1.2,0,50441.75,231.3,0.864,0
8099.2,4,1.7,0,59834.05,341.0,0.886,0
4225.2,49,1.7,1,77856.3,263.5,0.906,0
21610.7,279,1.5,1,83026.81,229.1,1.152,1
18249.3,111,3.4,0,96470.63,361.1,1.204,0
2600.6,122,3.9,1,130476.92,298.7,1.06,0
17674.4,16,2.0,1,87465.76,192.9,0.978,0
8440.1,52,4.9,0,146852.43,145.0,0.851,0
15945.1,105,4.3,0,132295.8,339.5,0.951,0
3673.8,25,6.7,1,205321.89,280.1,1.04,0
6869.0,81,2.8,0,91622.81,311.9,1.077,0
11296.1,166,9.2,1,259108.22,330.5,1.077,0
27347.7,39,5.6,2,192679.0,296.1,1.055,1
11314.0,46,6.6,0,181370.17,278.5,1.055,0
19749.8,144,1.4,1,76714.05,253.4,1.047,1
12255.7,52,6.0,2,208858.4,286.0,1.068,0
11992.3,43,4.3,1,145767.1,240.5,0.84,1
14576.7,178,9.3,0,253007.42,340.3,0.857,0
10289.5,74,9.0,1,260392.59,302.4,1.121,0
17026.5,39,6.7,1,206943.68,349.1,1.017,0
5108.7,150,7.9,0,217783.83,280.2,1.131,0
10333.5,34,6.8,0,187118.81,265.0,1.116,0
28664.3,78,1.2,0,45746.16,255.0,0.927,0
20220.1,88,7.3,1,221496.68,362.7,1.152,1
12903.8,49,2.6,0,80428.21,189.2,1.183,0
18643.9,118,7.1,0,201654.13,149.4,0.982,0
24448.7,42,1.1,1,62140.24,248.6,1.171,0
2322.8,123,3.8,0,106289.93,253.9,0.953,0
8958.3,68,5.7,1,178132.25,326.6,1.069,0
6853.1,37,4.0,1,141947.1,343.7,1.12,0
3878.4,79,7.2,1,222594.59,252.8,0.936,0
30985.4,95,5.7,2,193658.42,235.5,0.986,1
14987.5,16,9.6,0,257278.18,116.2,0.929,0
18268.3,167,4.2,1,147197.54,402.3,0.978,0
7053.8,72,7.5,3,263053.21,298.0,1.182,1
8836.9,57,8.5,0,230368.77,340.3,0.98,0
10633.3,91,3.3,2,132547.73,326.6,1.008,0
13489.1,77,7.8,2,253060.58,152.9,1.081,1
16661.4,54,4.5,0,125173.79,230.7,0.91,0
2758.8,92,2.2,0,62680.63,260.3,0.86,0
16049.6,123,1.0,2,87995.77,250.3,0.939,0
9211.7,60,7.7,0,210633.41,310.9,0.941,0
24993.9,8,2.7,1,104426.09,179.6,0.944,1
22174.8,113,1.5,1,75602.59,235.0,1.117,1
12685.4,71,5.5,0,160540.1,260.1,0.782,0
10878.3,37,4.1,3,174163.01,203.7,1.201,0
8772.5,96,7.2,2,237210.08,317.1,1.151,0
13535.5,37,2.0,1,87742.69,277.6,0.749,0
21511.3,111,2.2,1,92037.82,333.1,1.032,0
11031.3,33,4.6,1,146987.37,382.0,0.85,0
7427.5,52,5.7,0,163232.01,249.5,1.015,0
10881.3,20,8.4,0,232884.68,311.1,0.876,0
12825.9,50,6.3,1,195025.44,146.2,0.927,0
4867.8,57,9.1,0,245508.92,172.3,0.965,0
4007.1,72,3.0,0,95989.2,279.3,1.036,0
7556.0,61,6.4,1,200073.11,241.4,0.991,0
24964.4,34,6.9,2,232198.95,356.8,1.005,1
20825.1,70,7.5,2,251564.76,297.3,1.142,0
3342.6,51,9.9,1,287402.14,174.1,1.086,0
5662.0,81,5.2,2,188476.75,278.5,1.025,0
16496.7,41,4.3,0,124585.6,232.9,0.963,0
8185.1,49,8.7,1,247927.33,340.3,1.206,0
13968.6,92,2.6,0,89241.24,247.7,1.095,0
3492.8,63,1.3,2,94848.62,240.6,0.908,0
10746.4,23,5.0,1,168680.25,200.3,1.061,0
10071.4,173,3.2,3,151708.51,191.1,1.073,1
18319.3,117,4.6,1,150060.67,212.7,1.078,0
13490.9,115,9.9,1,278744.68,318.2,1.009,1
11628.2,20,4.1,1,133045.26,362.2,1.265,0
2898.1,14,7.4,1,221046.99,357.5,1.049,0
29186.4,132,3.3,1,125655.58,288.4,0.754,1
15812.5,34,3.7,1,129934.14,213.3,0.739,0
6662.4,82,3.2,0,108184.18,186.2,0.825,0
11450.2,50,6.1,2,210709.14,274.1,1.06,0
8347.7,15,3.0,2,129117.14,199.8,1.12,0
9378.3,44,7.5,1,224855.65,381.5,1.177,1
20640.8,91,7.1,2,238890.49,306.2,0.984,0
5643.1,65,4.8,0,144730.75,260.5,0.985,0
16197.2,194,1.2,1,72338.21,274.6,1.074,0
21138.7,109,1.2,0,41895.95,260.1,0.988,0
14748.3,95,5.8,0,163812.52,325.7,1.062,0
9676.9,82,8.6,1,252891.06,280.2,0.916,0
6342.8,37,6.4,0,180920.18,221.5,1.03,0
6950.0,38,4.9,1,162187.49,280.8,0.973,0
11594.3,73,8.9,0,244763.53,246.4,1.182,0
11017.0,44,2.8,1,106118.94,236.4,1.084,1
17375.8,174,4.2,0,120686.71,240.3,1.239,0
3688.2,108,6.1,0,170117.89,250.6,1.062,0
20493.5,141,3.6,0,108767.8,86.5,0.939,0
39978.6,9,10.0,0,268984.96,293.3,0.929,1
10255.7,94,5.1,0,154320.61,300.5,0.936,0
9293.1,23,1.5,0,55703.28,197.2,1.115,0
9855.9,156,2.6,2,116547.15,166.3,1.037,0
11351.3,103,5.8,2,208449.88,347.0,0.978,0
8837.3,112,6.0,0,160447.75,389.4,1.129,0
2362.4,116,9.9,0,260085.23,254.9,1.112,0
9720.5,48,6.4,1,201156.84,327.7,1.064,0
11769.7,207,7.0,0,184718.91,250.7,0.941,0
21758.4,107,2.9,2,125144.42,272.4,0.84,1
5592.2,83,2.0,0,67192.71,235.9,1.125,0
26705.6,52,6.4,0,177205.04,305.3,1.049,0
8454.9,68,8.8,0,235328.15,279.1,1.135,1
6064.6,152,6.3,0,177715.78,344.6,0.817,0
15814.9,60,5.0,3,198910.65,240.3,1.046,0
7840.0,47,6.2,0,171988.24,287.5,0.835,0
10377.9,100,5.2,1,161906.6,308.3,1.018,0
10818.1,72,2.3,1,93534.49,287.9,0.981,0
15291.3,48,7.7,0,209330.4,280.9,1.102,0
10188.4,134,5.8,1,184191.16,347.7,1.096,0
9506.0,35,4.6,2,168348.28,198.1,0.956,0
8314.4,61,6.0,1,187479.36,295.8,0.991,0
14405.8,39,3.2,0,103307.92,217.6,0.943,0
7576.2,204,4.9,0,148204.85,208.4,0.769,1
22170.7,105,6.6,1,204273.59,237.7,1.003,1
10892.1,90,3.0,1,107249.59,282.0,0.731,0
3023.5,41,7.7,2,243218.1,288.7,0.89,0
12820.4,204,5.7,2,203688.27,246.3,1.032,0
14085.8,24,8.8,1,257998.06,309.2,1.015,1
22312.7,61,8.6,1,252362.93,313.8,1.104,1
6537.0,67,5.5,0,161121.61,369.9,0.99,0
5903.8,24,2.8,0,100053.52,235.6,1.139,0
15588.5,77,7.6,0,208199.73,215.2,1.061,0
20256.9,46,4.8,1,160847.66,266.9,1.036,0
6362.8,167,6.4,1,200612.78,176.9,0.817,0
12545.6,29,2.0,0,62335.88,393.2,1.203,0
10296.9,112,6.7,0,187190.61,240.8,0.856,0
6515.1,78,4.4,1,148122.26,212.4,1.033,0
9926.8,130,4.0,2,159583.4,264.5,1.237,0
19441.5,65,9.8,1,283717.73,265.9,0.755,0
10920.5,38,4.9,1,157882.29,274.5,0.947,0
9603.9,182,7.1,1,211858.51,287.6,0.699,0
15115.5,181,6.6,1,201391.76,202.2,1.087,1
20451.3,114,1.9,2,102692.24,281.2,0.989,1
5524.3,101,7.7,1,231611.61,243.1,0.932,0
12855.3,88,3.9,0,124917.9,233.8,0.899,0
8489.6,105,8.2,0,233403.13,315.1,0.957,0
10950.2,255,6.5,2,224992.19,164.3,1.07,1
15811.6,28,3.9,0,111888.93,303.5,0.9,0
8922.0,73,4.2,0,136178.25,367.4,0.971,0
10140.6,51,7.6,1,229970.65,283.6,1.016,0
18539.4,77,6.0,2,198890.12,380.9,0.955,0
13885.5,27,7.0,0,193954.88,304.2,1.023,0
9999.4,36,2.4,0,84692.56,243.3,0.862,1
11605.1,34,8.1,0,222412.5,212.8,0.896,0
11097.1,104,3.9,1,131104.88,252.7,0.982,0
2849.9,72,6.6,2,220314.11,268.4,0.814,0
11724.2,20,2.0,2,107482.47,242.9,0.948,0
4334.5,20,3.9,1,135323.24,305.4,0.948,0
20126.5,15,6.8,1,206977.31,180.6,1.078,1
4261.1,63,3.5,1,121516.57,194.3,1.128,0
8223.0,67,8.9,0,242217.11,273.0,1.137,0
7251.3,69,7.0,3,249257.09,221.8,1.029,0
24391.3,43,8.8,1,263485.8,250.0,0.838,1
19651.7,57,4.6,0,142745.39,184.1,0.863,0
1639.8,64,1.3,1,74185.89,241.3,1.046,0
10588.2,72,6.2,2,212317.23,242.8,1.086,0
4892.9,88,4.1,0,121612.5,222.1,0.85,1
11750.8,136,5.0,3,199800.7,283.3,1.169,1
15603.7,40,7.1,1,214537.95,196.6,1.142,0
12349.2,116,7.3,0,204662.75,345.8,1.177,1
16153.2,46,1.2,0,41570.68,277.1,1.027,0
9074.2,103,7.9,1,240156.59,220.7,0.859,0
12584.3,74,5.4,1,172304.99,80.0,1.073,0
15823.1,253,6.0,4,237771.37,378.1,0.987,1
8023.5,87,3.7,0,110096.01,292.5,0.998,0
6005.1,121,4.8,1,153984.76,325.9,1.157,0
6992.9,6,7.4,1,235153.93,299.3,0.933,0
9916.5,128,8.0,2,253729.96,314.2,1.037,1
10765.1,42,4.5,0,133087.41,276.6,0.953,0
13017.5,68,7.2,1,214381.07,283.3,0.931,0
6540.4,56,3.3,0,107750.99,271.3,0.921,0
16087.6,31,8.5,0,226141.64,310.2,0.906,1
27515.5,189,6.5,1,205181.89,312.7,0.864,0
7286.6,143,8.0,0,221106.99,283.4,1.242,0
36042.3,36,5.3,4,226048.36,314.2,1.001,1
29578.2,34,3.1,1,117388.4,318.2,1.052,0
10744.5,101,4.9,2,176234.44,225.9,0.925,0
9734.1,126,4.4,1,152254.52,223.7,0.884,0
6926.8,72,4.0,0,118314.31,311.1,0.912,0
17454.6,43,2.9,1,107661.6,219.2,0.907,0
11187.3,64,7.8,0,211359.86,286.1,1.016,0
11907.2,17,1.8,0,69659.12,203.1,0.979,0
6092.6,23,9.0,0,250500.03,246.5,1.213,1
17737.0,133,2.6,0,94986.57,104.5,0.904,0
9258.6,49,9.8,1,282165.44,224.5,1.059,0
5154.1,68,9.9,0,265177.05,269.5,0.749,1
10233.5,87,4.6,1,149837.05,214.6,0.943,0
6363.2,68,9.9,2,295570.89,157.7,1.308,0
22330.9,89,8.8,0,242252.74,213.0,0.848,1
29363.2,130,1.7,1,82528.01,241.6,1.095,0
10413.0,42,9.5,0,256168.91,290.3,1.048,0
19344.2,134,1.4,1,78843.86,257.3,0.951,1
19074.0,87,2.6,1,99508.4,203.5,0.822,0
667.3,105,6.3,2,207357.39,325.0,0.961,0
7000.0,129,1.7,1,85265.56,364.1,0.908,0
11485.2,79,2.5,0,86330.93,215.6,0.879,0
8157.4,290,9.6,0,256873.92,368.1,0.752,1
6642.3,30,10.0,0,253107.1,244.1,0.983,0
19797.3,131,8.2,1,241370.94,288.0,0.915,0
7953.0,48,5.6,1,175454.06,338.6,0.87,0
13037.7,90,9.1,0,258294.78,335.1,0.831,0
18828.3,67,2.0,2,113023.72,241.2,0.909,1
23068.7,64,9.5,1,273637.44,335.9,1.075,0
5172.3,60,4.2,1,142525.49,292.1,1.03,0
5492.7,104,8.8,2,278566.39,251.9,1.018,1
12197.2,36,7.0,0,196131.76,217.3,0.908,0
2334.9,46,9.6,2,296711.44,248.5,1.202,0
5679.8,34,8.8,1,262547.39,304.5,0.926,0
21024.6,180,9.0,1,269312.92,237.1,1.041,1
15378.1,121,6.7,1,212471.48,276.5,1.122,0
9916.4,47,8.5,0,235711.97,229.2,0.972,0
14077.0,100,7.8,0,218767.22,314.2,0.755,0
15988.4,34,2.5,1,102595.41,208.5,1.054,0
3968.1,75,6.8,1,208603.62,395.6,1.028,0
7862.3,61,2.3,0,80111.35,274.5,0.815,0
22624.4,60,8.8,2,273714.98,220.3,1.038,0
12325.4,54,1.6,1,70760.03,229.3,0.987,0
12759.1,284,9.9,0,268269.69,198.9,1.043,1
10429.5,113,4.6,0,142903.66,322.2,0.833,1
2865.9,233,2.5,2,117491.61,279.4,1.093,0
7209.7,52,9.4,0,258152.95,279.6,0.931,0
13590.1,35,1.4,1,68794.46,285.4,0.877,0
7982.0,87,5.2,1,172959.64,217.0,1.092,0
5303.5,75,7.9,1,234881.24,242.6,1.103,1
5799.8,112,3.9,1,141144.47,149.7,1.016,0
22884.4,134,5.8,0,160612.31,376.9,1.076,0
7707.6,16,7.3,0,211036.89,178.5,0.933,0
20368.6,242,9.6,1,282437.87,224.6,0.94,1
12793.9,89,1.9,0,64966.61,247.3,1.151,0
9227.5,108,2.4,1,95159.67,274.4,0.713,0
6434.2,182,5.6,1,174752.83,265.4,0.747,1
15615.3,41,4.8,1,163640.68,288.4,0.962,0
18985.0,69,4.7,1,148176.73,380.5,0.93,1
16477.7,32,3.7,1,131772.34,284.1,1.139,0
4279.1,36,6.0,1,181053.1,195.2,0.946,0
7693.8,134,8.9,0,236507.64,352.9,1.027,0
8297.6,170,2.4,0,73144.77,346.9,1.102,0
2424.5,22,2.9,1,108321.86,279.2,1.111,0
13995.6,93,7.0,1,208732.52,294.8,0.864,0
15160.8,148,1.5,1,71021.54,218.9,1.045,0
14859.8,130,7.1,0,192521.9,322.4,0.79,0
13476.0,81,3.8,0,115114.9,208.7,1.105,0
8751.9,93,4.2,0,121522.65,219.8,0.954,0
6266.3,94,4.6,0,131924.92,303.0,1.065,0
8732.4,89,4.1,3,189234.39,320.2,0.959,0
12854.5,102,8.6,1,249805.34,205.8,0.958,0
21431.4,64,9.5,1,265679.16,236.2,1.042,0
11184.4,229,5.9,1,190846.45,238.7,1.033,0
10957.1,41,6.2,2,209904.03,323.7,0.923,0
2607.6,154,1.6,1,74522.64,238.3,0.832,1
13356.6,46,7.4,1,218656.67,241.0,0.937,0
22303.5,105,6.3,0,179224.58,340.3,1.027,0
9965.0,47,1.5,2,93803.94,174.7,1.148,0
9508.8,102,2.8,1,104752.05,223.1,0.964,0
8397.1,72,2.8,1,109692.37,109.6,0.891,0
15918.9,116,2.5,1,102557.86,123.8,0.846,0
2508.7,43,6.9,3,248810.19,223.2,1.016,0
20379.9,43,9.4,2,285152.92,155.9,0.954,1
9251.9,170,7.9,0,220558.2,185.8,0.924,0
13498.6,200,5.3,0,147992.64,136.5,1.179,0
16633.7,67,4.6,1,154167.76,240.6,1.04,0
5751.3,96,4.5,1,148131.52,300.0,1.048,0
10537.1,21,6.4,2,216540.03,256.6,0.931,0
9128.1,78,4.2,3,186110.49,315.8,0.986,0
4841.1,56,3.0,1,114517.77,181.4,1.009,0
18900.4,221,6.4,0,185441.3,364.8,0.929,1
8672.8,54,4.5,2,169916.65,254.1,1.089,0
4700.7,223,1.1,1,75600.96,185.9,0.923,0
10928.2,52,1.2,1,70459.48,254.0,1.124,0
3810.6,110,3.5,1,117590.32,282.6,1.079,0
7983.7,201,5.6,0,155628.62,307.8,1.058,0
12704.2,69,4.2,0,121109.14,336.5,1.001,0
3519.2,194,1.2,0,48926.57,266.0,0.979,0
15341.0,129,3.0,2,127932.44,256.0,1.115,0
11273.3,78,1.9,0,59570.05,280.8,0.947,0
16688.0,100,9.5,0,258143.95,335.9,0.715,0
16582.8,170,3.8,0,104673.72,216.0,0.958,0
7807.6,96,1.1,0,56983.9,209.1,0.945,0
7945.9,27,6.9,0,193195.03,254.4,0.911,0
14082.5,129,3.1,2,141425.69,327.1,1.111,0
5149.0,132,6.1,0,167735.93,228.4,0.818,0
5172.9,94,2.4,2,114366.01,304.3,0.963,0
7123.8,53,9.9,1,289275.79,285.2,0.987,0
4062.2,124,9.7,1,290853.42,234.0,0.923,1
4662.8,32,6.9,1,213474.6,224.2,1.108,0
4773.8,99,7.4,1,215836.96,280.7,1.191,0
8692.6,96,4.8,0,140712.81,190.0,1.012,0
8443.2,80,9.7,6,363762.98,341.2,1.038,1
18135.9,151,4.8,0,145111.76,350.8,1.081,0
8790.4,59,3.2,0,101376.29,250.2,1.025,0
10055.9,40,2.0,2,112140.87,376.9,1.218,0
26431.1,44,2.9,2,130605.13,274.6,0.951,0
1694.8,155,6.1,2,211462.5,229.8,1.051,0
11994.6,112,3.2,1,111650.54,237.0,0.956,0
9260.5,106,6.9,0,190656.35,248.1,1.154,0
12715.7,100,4.4,0,134540.66,228.1,0.895,1
7417.1,69,9.0,1,258392.83,210.5,0.895,0
8755.3,37,6.0,1,182863.84,325.4,1.003,0
20875.3,39,6.6,2,225230.03,247.8,1.178,0
13970.8,102,6.0,0,170422.47,147.1,1.183,0
9031.4,58,9.0,3,303783.93,407.0,0.796,1
6366.7,46,1.6,3,111926.71,299.1,1.119,0
5136.0,70,1.6,2,97108.49,147.7,1.014,0
7721.3,160,7.3,0,201823.39,172.8,0.94,0
9535.9,84,7.9,2,255081.9,160.2,1.17,0
26375.8,217,4.9,1,170436.44,266.4,1.091,1
11482.5,107,4.2,2,166412.95,286.9,1.085,0
6874.5,391,3.5,0,112934.27,275.1,1.049,1
1701.8,94,3.1,1,110754.45,230.1,0.95,0
6246.4,89,9.2,0,248517.79,223.8,1.023,0
7728.0,85,3.7,0,111878.07,270.0,1.038,0
12149.3,57,6.8,2,224724.97,222.6,0.872,0
7909.7,67,8.1,0,225973.91,262.6,1.082,0
27065.1,242,1.2,0,53272.58,306.8,1.163,0
9131.2,58,1.3,1,63696.61,222.0,1.171,0
18484.8,85,4.0,0,119163.09,342.7,0.896,0
3299.4,85,7.3,0,194523.94,178.5,0.967,0
10196.2,62,3.3,2,134982.75,233.1,1.095,0
6290.3,61,1.0,2,84428.72,260.2,0.985,0
18774.0,73,3.6,0,114722.89,179.7,0.925,1
8242.8,129,1.8,1,72707.69,269.5,1.144,0
21204.0,176,3.0,1,113053.26,285.1,0.978,0
15223.0,31,4.0,0,125300.89,184.0,0.833,0
7571.0,216,2.2,3,119262.23,218.1,1.094,0
5070.0,118,7.4,0,203622.28,219.9,1.131,0
6544.9,122,3.3,0,92509.64,166.3,0.958,0
8761.8,49,6.9,0,193724.22,274.5,1.086,1
15166.9,296,6.4,0,186427.7,247.0,0.796,1
10408.0,45,9.1,1,266447.79,204.9,0.995,1
16747.2,89,1.8,0,62487.39,242.4,0.949,0
22128.8,97,2.9,0,98598.45,258.3,1.173,1
10744.3,208,8.8,0,235229.23,125.1,1.155,0
5457.2,47,8.4,0,237729.1,256.5,0.965,0
13061.0,92,2.7,0,89063.47,213.3,0.974,0
28730.7,23,2.0,0,67152.11,156.0,1.209,0
17284.7,81,8.7,0,239474.0,300.9,1.179,0
12487.8,103,2.6,0,87249.17,212.7,0.883,0
5942.3,55,8.8,1,265268.26,359.4,0.987,0
9331.4,27,9.7,0,264018.78,263.3,1.078,0
3460.7,220,3.0,0,99145.8,260.8,1.058,0
4862.6,36,8.6,1,251610.08,291.6,1.121,1
13217.8,40,4.8,1,156036.28,367.2,0.943,0
2911.6,49,8.1,0,222277.51,224.1,1.082,0
8492.7,166,4.7,0,140963.53,331.9,1.023,0
4499.1,74,1.6,0,63471.17,236.8,1.135,0
5030.3,23,7.4,1,219803.24,240.7,0.934,0
10862.5,49,2.4,2,109532.47,252.7,0.913,0
6550.8,165,9.3,1,274892.53,247.4,1.06,1
3888.9,28,4.8,0,147740.1,241.5,1.051,0
7401.1,36,1.7,0,63166.02,171.4,0.978,0
3790.8,38,3.1,0,101368.82,255.7,1.026,0
20472.9,76,8.8,0,233105.1,240.3,0.998,0
15645.7,86,3.9,0,121746.08,324.9,1.112,0
15606.0,68,8.7,1,254719.51,255.5,0.999,0
6144.0,74,2.6,0,86911.94,153.6,1.027,0
13470.8,34,5.2,0,161563.04,235.4,0.94,0
11814.3,68,8.9,0,246414.08,292.8,1.107,0
6453.7,67,1.4,0,51709.4,168.5,1.0,0
10014.3,38,3.7,0,107855.16,135.0,1.252,0
3337.9,178,9.2,0,240884.03,289.9,0.947,1
5162.8,157,6.4,0,179311.93,316.5,1.019,0
9846.8,30,7.4,0,201950.7,302.2,1.016,0
7674.9,106,8.6,0,225713.52,321.2,0.988,0
12790.4,100,5.7,0,168828.31,198.8,1.186,0
6567.6,91,8.6,0,236036.43,275.4,0.765,0
8397.6,67,6.7,0,190444.33,282.0,1.104,0
10350.9,91,7.2,0,194353.08,328.3,0.989,0
6213.1,69,2.4,2,119812.27,319.6,1.056,0
8307.9,48,9.5,0,254498.02,303.0,0.95,0
11765.8,105,8.2,0,219573.91,223.6,1.012,0
23715.5,16,3.3,0,104258.94,150.6,1.017,0
6237.6,124,6.2,0,173193.42,137.0,0.929,0
7698.3,79,4.4,0,136857.01,292.3,0.959,0
17188.1,58,6.9,0,194636.1,310.2,1.252,0
19602.9,122,9.9,4,330155.79,216.2,1.001,1
14213.9,91,1.4,1,75989.85,300.4,1.003,0
19322.0,179,9.6,2,308706.22,290.9,1.161,1
6007.0,147,1.7,1,74813.82,195.3,1.086,0
18296.2,39,5.1,0,140821.67,327.6,1.009,0
15960.5,55,5.3,1,180953.8,279.5,0.986,0
4983.5,49,3.4,1,119519.61,138.7,0.964,0
8474.6,50,6.1,0,173211.36,232.5,1.239,0
2057.5,199,8.5,2,262018.91,320.1,0.894,1
11261.3,29,3.6,0,107307.06,214.3,0.883,0
18109.5,151,1.6,1,77074.97,322.6,0.932,1
7449.1,202,6.7,1,206765.38,332.3,0.873,0
5388.8,134,7.8,1,227408.33,213.7,1.032,0
5136.7,111,9.6,0,260469.66,196.9,1.103,0
10257.9,28,2.4,0,75854.36,298.6,0.952,0
14141.2,24,9.1,2,285375.01,289.8,0.918,0
23993.9,99,5.3,1,170151.96,294.2,1.108,0
1914.0,65,3.1,0,97380.06,251.5,1.031,0
22375.6,31,9.7,0,258965.85,345.7,0.677,1
11621.7,124,3.1,0,102580.1,313.9,0.788,0
17629.3,108,7.6,3,268153.54,233.6,1.071,1
15432.9,125,8.1,1,237904.84,302.1,1.184,0
10640.1,126,4.9,1,157881.82,268.6,1.023,0
10399.4,153,7.2,0,209786.55,173.2,1.035,0
13002.9,59,6.2,0,176205.99,169.2,1.014,0
8882.4,34,2.7,1,109494.3,258.0,1.091,1
9325.8,193,7.8,0,222853.66,225.9,0.866,0
14539.0,24,9.4,3,306267.77,197.7,1.037,1
6222.7,27,5.4,0,162176.17,235.4,1.005,0
18569.3,50,9.9,1,277029.27,293.7,0.979,1
17712.4,178,4.9,0,150088.8,278.0,0.933,1
7723.3,54,5.3,1,167616.49,259.1,1.02,0
14621.4,27,7.1,1,217294.46,161.9,0.904,0
13572.7,40,2.7,0,90207.52,148.1,0.948,0
7223.0,39,9.1,2,281431.87,339.9,1.071,0
15237.1,87,8.2,0,230253.85,255.5,1.018,0
23279.4,46,8.9,1,263822.47,308.8,0.828,1
18924.1,5,6.5,0,181968.27,267.9,1.127,0
3856.7,353,9.0,2,275154.23,215.3,0.943,1
13844.6,13,7.1,0,205250.14,235.9,1.053,0
17244.4,22,5.6,2,197769.07,329.9,0.971,0
6924.8,122,9.4,1,278770.14,295.2,0.997,0
18571.2,32,5.0,0,132251.14,213.5,1.14,0
6424.5,115,5.5,0,160844.62,313.8,0.902,0
8826.4,101,2.5,0,80613.27,214.3,1.011,0
6588.8,52,9.5,0,257851.96,283.8,0.901,0
5899.7,114,3.0,0,99025.15,161.3,1.037,0
12990.9,67,2.8,0,80897.84,248.4,0.765,0
4113.3,124,1.9,2,100326.55,275.3,0.889,0
9131.3,177,5.1,0,148921.9,226.0,1.196,0
12994.7,30,3.5,0,98193.26,306.4,0.785,0
6649.2,85,7.7,2,249273.67,187.9,0.954,1
20364.1,88,3.8,0,108266.46,305.2,0.941,0
9581.9,86,7.5,0,216213.46,279.8,1.035,0
25333.0,116,2.8,0,91947.61,213.5,0.909,0
3782.8,102,3.1,1,118416.39,161.6,1.018,0
13290.6,28,8.3,3,275399.88,354.8,0.948,0
11791.6,32,4.3,2,164623.02,258.3,0.87,0
8238.5,62,2.0,1,86367.59,227.2,0.921,0
10678.4,86,9.7,0,263734.87,236.5,0.992,0
14435.6,89,2.6,0,88566.87,201.2,1.065,0
16003.9,95,2.4,1,96221.17,299.1,0.896,0
9774.7,106,4.2,0,126207.81,267.7,0.959,0
13389.7,104,1.9,2,101253.87,175.8,1.062,0
6202.9,73,2.4,0,88958.92,263.1,0.914,0
16179.3,178,8.6,1,247852.05,181.0,0.936,1
22586.6,25,2.5,0,76725.96,307.5,0.941,0
16880.8,14,2.0,1,89597.74,214.2,1.072,0
6597.9,83,8.9,1,257904.84,329.9,0.969,1
5561.2,97,5.0,1,157760.58,348.5,1.169,0
34096.7,83,2.4,2,118295.67,236.7,1.055,0
21760.0,53,6.2,0,170465.43,213.5,0.911,0
16037.0,100,1.4,0,54980.79,171.2,1.045,0
23414.3,37,4.8,1,158031.75,145.6,1.077,0
10470.2,23,6.3,1,195358.22,170.0,0.886,0
15870.9,147,9.6,0,255920.56,227.5,1.068,0
20244.8,49,3.9,0,113909.89,115.9,0.94,0
8879.8,81,7.9,1,233528.25,304.3,0.974,0
13838.8,45,2.2,0,82947.59,288.5,1.117,0
19004.7,50,4.9,1,152824.47,288.7,0.89,0
5299.6,129,3.0,0,97461.37,330.3,0.966,1
8338.1,76,5.4,0,149982.73,190.1,0.997,0
18767.2,77,4.8,2,175667.69,193.6,1.087,0
11980.5,23,9.8,0,265493.55,327.8,0.903,0
11061.3,72,9.3,1,270652.86,226.0,1.059,0
10293.3,43,6.2,0,184610.71,283.6,1.181,0
19859.4,264,2.6,1,107268.45,130.8,1.026,0
5693.3,40,6.0,2,205955.24,324.3,0.799,0
7987.9,175,8.1,1,248606.74,281.2,1.164,1
4088.0,84,1.3,1,66772.57,169.8,1.004,0
8711.0,30,4.9,1,154876.56,348.0,1.241,0
11637.3,128,1.4,2,99191.56,269.3,0.989,0
2612.9,169,3.2,0,100605.31,376.0,1.139,0
6266.4,216,1.8,0,69454.45,136.3,1.254,0
11969.8,90,9.6,1,273937.54,281.3,0.788,1
13713.4,44,2.5,0,79980.77,223.5,0.94,0
26344.5,43,2.4,0,86599.85,242.0,0.975,1
14897.5,94,9.7,1,271902.11,268.9,1.171,0
9545.6,22,5.6,0,162413.72,151.9,0.909,0
11453.3,32,7.8,2,257864.99,386.5,1.14,0
11686.5,77,3.9,1,127798.06,364.0,0.995,0
7996.0,126,5.8,1,182983.09,273.5,0.935,0
12271.2,61,1.1,1,53198.99,180.9,0.926,0
7753.3,214,4.7,1,154077.7,242.7,1.131,1
12630.2,100,6.0,1,189337.35,274.0,1.059,0
10287.0,58,5.6,3,215917.91,219.0,0.937,1
9287.6,44,4.7,0,141590.1,311.6,1.219,0
9451.3,33,8.1,2,259135.26,268.9,1.041,0
16306.9,115,5.5,0,158885.34,255.6,1.09,0
15433.3,41,6.7,0,190233.18,306.8,1.295,0
8996.9,94,2.7,0,84822.31,156.6,1.1,0
15953.3,27,8.8,0,239078.6,212.5,1.126,0
10166.4,32,4.3,0,120302.24,253.3,0.976,0
10261.1,72,5.3,1,189433.31,215.0,1.013,0
8000.5,32,4.2,2,162491.15,174.9,0.955,0
24822.0,150,9.0,2,278124.17,190.0,0.983,1
23385.2,18,9.1,1,273296.61,259.7,1.041,0
6956.1,28,3.0,2,141627.38,275.6,0.886,0
8672.1,158,7.8,1,229589.9,398.1,1.135,1
13196.9,143,1.9,0,64985.19,324.8,1.067,0
14607.7,159,1.3,0,60952.22,193.8,1.022,0
5374.7,35,8.5,2,263805.94,334.2,1.048,0
5999.4,71,2.2,1,95094.54,263.1,0.986,0
780.4,84,2.4,1,96489.88,251.1,0.827,1
14633.9,61,6.5,1,204367.53,219.2,0.811,0
3832.3,108,8.4,1,250364.96,164.7,0.92,0
6994.9,137,2.7,2,124784.28,260.5,1.152,1
17329.6,69,2.0,2,108480.12,182.6,0.879,0
16882.9,30,1.7,2,93652.5,242.4,0.934,0
24070.9,106,1.2,0,50826.02,329.5,1.258,0
28545.2,80,2.0,1,89096.88,321.8,0.959,1
41793.0,127,9.5,1,272100.84,245.3,0.724,1
8516.3,108,1.9,0,63377.94,320.0,0.952,0
7298.5,163,6.4,1,193480.58,276.2,0.909,0
13491.3,79,9.3,0,256852.17,350.1,0.98,0
4158.7,189,6.7,0,186689.5,189.1,1.017,0
9181.9,183,1.3,1,65270.48,252.6,1.246,0
11618.6,118,6.4,0,183511.13,231.0,1.022,0
14081.9,139,9.1,1,271851.0,284.3,0.927,0
14958.4,164,3.9,1,134039.65,280.6,0.949,0
9009.3,64,3.8,0,112150.87,259.3,0.959,0
4613.2,166,3.2,1,125778.6,394.3,1.111,1
5325.2,95,5.5,0,167755.26,190.5,1.129,0
2361.3,121,3.1,1,122511.84,208.0,0.897,0
7466.7,133,7.5,1,225516.15,318.0,1.005,0
4089.2,118,6.8,1,204417.65,282.7,0.902,0
7798.3,83,4.6,2,161161.77,208.4,0.94,0
13413.3,148,7.5,0,213620.55,338.2,1.062,0
4689.5,303,1.9,0,59677.51,262.6,1.051,0
11235.6,315,7.7,2,245309.88,263.5,0.93,1
8949.7,100,6.4,1,196404.85,224.2,1.211,1
13008.3,157,6.7,0,189660.13,286.5,1.077,1
14797.5,306,1.6,2,81737.3,189.0,1.127,0
8608.4,59,6.6,0,184508.18,212.2,0.998,0
10681.3,120,5.4,0,164789.18,312.6,1.017,1
8971.4,123,5.4,1,169092.35,102.6,1.073,1
7950.2,294,3.9,0,120981.67,224.1,1.021,0
6768.9,180,1.1,0,44335.47,294.0,1.084,0
14022.5,82,4.8,0,141500.95,346.7,1.103,0
21722.0,90,4.6,1,152473.46,269.4,0.84,0
20290.6,47,4.8,0,135085.92,309.3,1.009,0
4384.1,33,6.5,2,221177.46,297.6,0.886,0
21498.2,113,3.7,2,149677.18,218.1,0.882,0
5774.7,106,3.4,1,123888.99,236.4,1.107,0
11621.2,71,5.5,2,200530.74,265.9,1.05,0
12849.9,45,6.3,1,195856.71,379.0,1.115,0
3611.1,60,6.1,0,174473.84,283.1,1.003,0
9566.1,249,8.9,2,275794.98,252.1,0.997,1
22246.3,41,7.9,0,221533.88,179.7,1.068,1
1747.1,23,1.5,1,68770.16,235.9,1.098,0
35550.5,117,6.1,1,190347.94,236.9,0.908,1
2274.7,58,4.8,1,154715.65,299.5,1.047,0
12660.8,132,4.2,0,128368.8,224.4,0.952,0
3741.8,122,9.6,0,256579.97,265.2,0.953,0
13844.3,27,5.1,1,168107.25,271.3,1.092,0
19792.0,115,7.5,0,206934.28,271.6,1.025,0
16841.4,63,9.7,0,269305.68,221.3,1.006,0
18413.9,149,2.4,2,106194.05,228.0,0.801,1
8996.3,149,1.5,3,106577.3,279.2,0.955,0
3920.5,35,3.8,0,112696.1,224.0,1.065,0
22159.7,25,1.4,1,74307.12,156.7,1.1,0
31096.1,145,2.1,0,73353.85,271.4,0.982,1
11274.3,134,9.9,1,288973.19,142.6,0.969,1
8369.5,37,9.6,0,262080.19,250.4,0.849,0
6339.2,146,7.2,0,200264.22,195.8,0.932,0
16226.3,75,7.8,1,229791.3,242.9,0.984,0
18910.7,12,2.3,0,80422.49,362.4,1.019,0
8371.9,55,6.4,1,193077.86,296.5,1.08,0
24872.8,58,2.4,1,99722.7,225.0,1.097,0
15456.2,8,4.4,1,149019.14,179.3,0.818,0
11197.2,165,4.1,0,114877.23,146.2,1.007,0
12903.3,171,6.5,3,239165.1,178.2,0.968,1
5427.7,189,1.7,0,76089.91,204.6,1.028,0
16120.9,32,1.9,1,96383.77,186.0,1.037,0
5676.8,55,6.5,1,205844.28,284.2,0.859,0
7700.9,66,6.7,0,191201.8,253.6,1.255,0
10197.8,27,4.1,1,133851.39,354.0,1.051,0
28378.3,96,2.3,1,98114.99,195.1,0.901,0
12299.3,39,9.0,1,272932.79,237.7,0.956,1
6063.4,78,1.5,0,54224.15,154.2,0.872,0
12931.7,47,7.5,0,198650.91,262.4,0.985,0
14926.1,113,2.3,0,81021.86,144.8,1.001,0
20675.4,140,6.7,0,184602.75,190.9,1.067,0
10508.8,72,7.0,0,189090.12,254.7,0.953,0
6680.9,68,8.2,0,227737.64,80.0,1.3,0
32591.7,104,4.6,0,138304.08,217.0,0.925,0
12948.3,15,1.2,1,68645.84,228.2,0.939,0
6088.7,55,8.3,1,249890.9,309.7,1.001,0
10452.4,39,5.0,1,169616.67,291.4,0.916,0
7703.5,173,8.6,0,238028.99,256.0,1.098,0
21380.1,288,8.0,1,240631.25,211.5,0.879,1
14843.9,28,5.5,1,173676.48,242.1,1.075,0
8750.9,84,10.0,0,279353.09,299.6,0.979,0
18917.1,33,5.2,2,187659.26,276.7,1.223,0
9941.9,38,7.3,1,222225.53,341.7,0.919,0
10306.0,84,7.0,2,230265.92,257.1,1.164,0
6559.7,64,5.7,2,194142.76,270.9,1.029,0
6525.3,83,6.3,1,190894.95,189.4,1.07,0
31384.7,37,8.2,1,240826.61,242.6,0.827,1
18413.7,84,6.1,0,173934.07,267.7,0.992,0
2668.8,168,5.1,1,166110.89,252.8,0.978,1
5583.9,126,7.0,0,185198.82,363.8,1.102,0
4811.1,24,1.3,1,77689.2,180.1,0.958,0
11062.8,203,2.0,1,86859.67,236.9,1.203,1
8179.5,33,2.1,0,81043.68,354.3,0.978,0
23792.6,38,4.8,1,161560.01,301.5,0.766,1
8672.3,141,8.8,0,242919.61,270.2,0.964,0
29600.7,86,6.8,0,195658.8,182.7,1.02,0
10128.7,70,9.8,0,271381.11,270.3,1.069,0
33203.2,61,1.4,1,72064.91,245.7,0.983,1
9398.8,62,7.5,0,214903.42,324.7,1.269,0
9513.9,64,3.8,0,116372.19,265.7,1.051,0
18182.7,110,1.2,5,139827.84,353.8,0.952,0
16695.6,118,8.4,1,247929.71,378.5,0.915,0
4253.4,64,2.5,0,75274.49,278.7,1.171,0
11224.0,182,2.9,0,80191.99,283.9,0.978,0
8131.6,85,4.1,0,118572.28,251.3,1.062,0
7779.9,95,8.1,1,242322.63,163.8,1.135,1
11191.4,158,6.6,2,224386.45,166.1,0.945,0
8893.0,47,3.4,0,95731.73,315.1,0.96,0
11907.3,111,2.5,0,85837.42,343.9,1.169,0
5412.4,42,2.0,0,64334.96,226.8,0.879,0
3552.9,39,2.3,1,101530.59,242.1,1.089,0
18581.9,192,8.8,1,261060.27,243.0,1.149,1
20223.6,225,9.3,1,264740.97,211.8,0.951,1
17927.6,95,9.7,1,278198.4,393.9,1.164,0
10892.5,54,8.5,1,244006.85,237.7,1.006,0
8469.7,107,9.0,0,248462.6,327.6,0.939,0
7115.9,82,8.3,0,228558.09,124.7,0.917,0
6271.4,131,9.6,1,276822.03,332.8,1.125,0
10135.6,80,8.6,3,286943.22,385.2,0.965,0
19942.5,81,5.2,1,174465.41,279.7,1.018,0
6729.2,39,3.9,1,136233.94,303.6,1.041,0
19962.0,57,6.3,0,180214.69,319.3,0.804,1
3693.8,70,6.5,0,182032.5,293.7,0.988,0
12277.5,111,6.2,0,173017.04,250.3,1.113,0
13809.3,51,7.4,1,233267.98,212.4,0.851,0
7612.8,209,7.3,0,196155.32,306.0,0.947,0
5171.3,79,1.8,0,60084.75,187.6,0.991,0
17203.0,28,3.6,1,128156.66,301.1,1.008,0
10942.7,64,9.0,3,291867.79,199.1,1.023,1
38821.6,122,6.3,0,169610.81,193.3,1.071,1
20114.6,66,4.0,1,135894.3,136.6,1.142,0
20205.2,39,8.7,2,267536.46,229.4,1.076,0
1422.5,59,3.2,1,124308.43,324.1,0.981,1
6817.9,50,4.7,0,140283.7,299.3,1.014,0
4751.9,110,3.5,0,109589.94,232.7,1.126,0
2254.4,49,8.8,1,260250.81,208.4,1.043,1
10418.3,17,7.6,0,199250.32,359.5,1.087,1
16958.5,46,5.1,1,164969.66,129.1,1.039,0
5530.2,147,9.4,3,314290.18,258.8,0.963,1
2369.3,106,9.3,0,250805.36,193.3,0.838,0
5850.4,21,7.4,0,215187.94,269.5,0.943,0
9656.9,139,9.0,1,267768.15,268.2,1.031,1
9220.3,163,7.5,1,229400.03,318.6,0.974,0
10735.7,114,6.7,1,205491.64,332.6,0.961,1
13642.0,41,4.8,0,144401.41,143.6,0.948,0
10575.7,148,3.5,1,122217.8,214.5,1.035,0
17500.2,69,1.5,0,65822.06,265.1,1.061,0
5601.8,49,8.2,0,218581.99,325.5,0.923,0
8980.9,69,2.1,0,66280.23,295.1,1.006,0
14962.5,101,4.7,0,136241.88,186.7,1.094,0
12610.8,114,3.1,3,145837.28,272.9,1.177,0
27672.9,88,5.1,2,177135.41,309.2,1.119,1
5764.8,76,3.8,3,171280.61,206.5,1.074,0
15119.3,39,8.5,1,246588.74,216.3,0.947,0
7057.8,106,9.8,1,285188.92,226.2,1.039,0
6553.9,89,9.5,1,284846.23,217.6,1.113,0
19434.5,112,6.6,0,181149.26,246.9,0.905,1
10503.0,73,9.8,2,307848.1,259.3,0.88,0
12483.9,120,4.6,3,188413.64,259.3,1.027,0
7417.1,111,5.7,3,217957.75,287.5,0.82,0
7699.4,60,3.3,2,145624.19,239.7,0.947,0
3500.3,77,9.1,3,311748.96,197.5,0.928,0
11900.9,126,2.6,0,87335.15,203.4,1.049,0
5229.9,132,6.5,0,186453.48,290.0,0.96,0
9767.5,160,8.2,1,245711.78,214.3,1.01,0
17489.4,49,6.4,0,186767.13,283.2,0.932,0
2784.2,62,1.7,0,65084.75,288.6,1.032,0
44590.1,198,6.5,1,203499.65,322.6,0.993,1
6464.4,254,7.9,0,213857.9,204.8,0.87,1
9941.8,95,2.7,1,106109.47,209.9,1.031,0
12474.8,76,7.6,0,208449.41,312.0,1.039,0
6320.7,254,8.9,0,237890.89,149.1,1.098,1
7877.7,210,9.9,1,283982.59,297.1,1.084,0
19794.2,127,4.7,1,150874.2,323.4,1.11,0
16415.1,73,1.2,3,95679.6,150.5,0.964,0
9100.2,100,4.8,2,171998.24,268.2,1.055,0
10654.7,23,6.9,1,214386.17,230.1,0.85,0
11607.4,141,9.0,0,243104.17,349.6,0.788,0
14737.6,51,9.4,0,253183.3,362.4,0.892,0
15352.1,192,9.2,2,284176.09,405.9,0.775,0
15118.8,18,6.9,1,205269.55,349.4,1.043,0
8206.3,53,7.1,0,193613.91,347.7,1.026,0
11385.7,87,1.0,1,62249.99,419.1,0.819,0
18605.8,84,4.3,0,128270.43,268.8,1.164,0
32545.2,47,9.2,1,257168.8,297.9,1.015,1
11195.4,86,7.2,0,196958.94,354.9,0.841,0
7512.0,72,5.2,1,161040.98,254.7,1.145,0
6241.2,87,1.9,2,103872.99,214.8,0.914,0
15186.7,58,3.2,0,107658.97,223.6,1.042,0
3378.9,157,6.0,2,202482.83,241.5,1.04,0
15275.1,101,9.1,0,244127.01,257.7,0.851,1
15429.9,60,1.9,1,87642.39,220.9,1.161,0
7687.8,119,2.4,2,121039.06,159.0,1.303,0
12311.5,52,6.9,1,208970.11,335.7,0.878,0
9288.9,53,3.6,0,117039.06,397.8,1.047,0
4115.0,20,2.5,1,92727.01,173.6,1.036,0
14634.3,105,2.6,2,129706.31,186.9,1.029,0
13879.9,91,5.4,1,176796.85,220.4,1.237,0
8082.9,43,6.3,0,170042.42,185.1,1.027,0
32261.0,42,9.1,0,241398.22,233.8,1.06,1
10708.4,107,5.8,1,179062.1,259.7,1.128,0
2575.8,62,7.2,0,201873.01,291.3,1.22,0
19159.1,107,2.6,0,93122.28,239.5,0.921,0
16688.7,22,7.4,1,222174.65,349.3,0.979,0
17820.7,32,6.8,1,209824.39,201.4,1.043,0
5431.1,147,2.9,0,100000.87,225.4,0.908,0
12118.1,95,7.0,1,211255.62,400.3,1.128,0
10599.2,126,2.9,2,131260.96,274.8,1.015,0
9570.8,62,6.3,4,253472.58,287.9,0.875,0
22017.0,46,7.0,1,209992.27,210.6,0.988,1
10797.8,140,7.2,0,207932.07,271.3,0.878,0
8262.4,5,9.2,1,264639.12,263.8,0.963,0
8210.1,78,9.5,0,259894.07,266.5,0.75,0
5148.5,122,8.3,0,228024.94,281.2,1.105,0
11435.2,61,8.9,0,236545.21,337.7,0.944,0
22970.1,270,1.2,0,42064.96,184.4,0.888,0
8691.9,80,4.3,0,139405.6,295.5,0.982,0
12520.7,107,1.4,1,74160.35,275.1,1.145,0
9478.0,43,3.0,1,121775.8,301.7,1.076,0
10112.6,210,4.4,1,152977.36,318.3,1.227,1
17116.6,86,8.8,0,241528.5,247.4,0.838,0
5101.9,64,5.6,3,216052.93,247.6,0.833,0
3636.4,83,6.8,1,216587.23,298.5,0.97,0
19175.5,29,4.3,1,144887.2,211.4,1.194,1
7554.6,115,6.4,0,178977.87,250.9,1.094,0
8324.5,53,8.3,0,233004.89,266.5,1.1,0
36152.8,101,3.7,1,124197.17,322.6,0.88,0
16629.0,21,9.4,5,347162.66,267.9,0.955,0
5958.6,28,2.9,2,134440.72,271.4,0.956,0
19936.9,85,9.3,0,245825.06,246.5,1.047,0
16851.1,197,1.3,1,75329.14,277.9,1.094,0
678.8,19,5.9,0,158810.42,270.9,0.998,0
11688.3,52,9.9,2,296916.55,221.1,0.868,0
5279.6,32,6.5,2,219758.57,297.7,0.913,0
10099.8,61,6.0,0,181933.1,180.6,1.075,0
32603.2,82,7.1,0,191387.66,265.8,1.166,0
17531.0,67,3.6,0,110485.85,366.9,1.056,0
18884.2,12,1.5,0,53257.09,173.4,0.947,0
9489.8,22,3.3,0,104176.98,201.5,0.926,0
18933.7,32,2.6,2,123866.81,332.0,0.964,1
6613.5,56,9.3,1,265449.07,308.9,1.179,0
11599.6,44,8.7,1,256642.06,200.7,0.932,0
17072.0,58,3.9,1,138676.64,188.1,0.896,1
16775.2,73,8.5,0,242692.01,125.7,0.947,0
3806.3,63,2.9,0,91414.57,152.3,1.014,0
28659.3,221,2.8,1,118134.01,246.9,0.956,1
5790.2,225,7.9,1,232709.52,330.9,0.948,1
39782.4,83,3.9,0,122103.52,323.7,1.055,1
17363.4,48,1.6,0,54674.56,307.4,0.84,0
16520.7,63,7.5,0,209767.79,174.9,0.944,1
6133.0,92,9.9,1,273323.01,343.5,0.983,0
7760.0,39,6.1,0,173752.62,297.9,1.048,0
27366.6,93,3.4,0,114144.79,171.9,0.925,0
25382.0,65,4.4,0,126952.13,185.8,0.847,0
9654.9,202,6.8,0,196387.9,308.6,1.059,0
9154.4,38,7.3,1,217394.19,312.4,1.294,0
9321.9,171,9.0,0,253206.0,236.3,0.982,1
20014.1,93,9.2,2,280450.42,230.3,1.048,0
18921.5,46,8.8,1,257169.88,289.2,0.986,1
13408.5,123,6.8,0,188376.74,270.8,0.949,0
11668.3,6,5.0,1,168881.21,296.6,1.073,0
9586.7,56,7.1,1,213136.11,174.0,0.964,0
38006.8,66,7.0,1,211668.33,259.1,0.884,1
4123.5,48,3.0,2,116656.42,281.5,1.002,0
8392.0,144,5.6,0,160242.28,271.7,0.846,0
12867.3,255,2.9,1,111089.93,262.1,1.107,1
3539.8,39,9.1,0,245323.45,215.5,1.098,0
7427.8,137,3.9,1,125083.11,280.1,1.129,0
32366.6,81,8.2,1,241278.88,153.9,0.866,1
18206.3,129,4.4,1,150266.6,274.0,0.999,0
7389.0,91,7.9,2,244446.19,348.2,1.266,0
7244.7,69,3.0,0,81596.15,272.8,0.844,0
4146.3,332,7.9,0,221553.65,204.9,0.943,1
8065.2,87,2.6,1,103343.5,240.4,0.996,0
14828.9,136,5.4,0,163137.88,210.8,0.941,0
13368.5,49,2.0,0,69015.99,272.1,0.947,0
8338.6,194,5.8,0,161078.22,261.4,0.955,0
5733.5,79,8.4,0,219608.66,203.9,0.838,1
9507.6,28,7.8,1,244589.84,324.7,0.87,0
9377.8,60,1.5,0,56603.83,241.2,0.932,0
16877.5,86,5.4,1,170635.49,285.9,0.622,0
12245.8,83,8.7,0,232728.03,353.4,0.867,0
11283.2,73,6.9,1,220842.08,186.3,1.002,0
21018.8,81,1.5,0,59156.65,354.1,0.939,0
25250.7,36,3.9,3,177678.4,223.4,0.886,0
13273.2,79,6.0,0,172309.77,339.7,0.977,0
13467.4,55,2.6,1,108701.57,331.7,0.966,0
9919.5,107,7.1,0,198204.52,222.5,1.073,0
6078.6,82,6.7,1,206164.3,253.3,1.023,0
17653.1,50,2.8,1,107572.31,147.4,0.978,0
15722.6,111,6.0,0,175074.39,239.5,0.87,0
10422.4,143,8.3,1,248605.45,200.4,0.978,0
12268.4,96,4.4,0,138208.97,215.6,0.774,0
20229.4,44,3.2,1,117800.24,263.8,1.239,1
22163.2,235,7.3,0,198014.37,285.5,0.81,1
1476.4,75,1.6,1,82359.82,222.1,1.009,0
7072.5,94,8.5,1,251848.08,262.1,0.944,0
10401.6,18,9.5,1,272186.22,230.8,0.985,0
5141.5,81,9.7,3,310065.81,286.9,1.012,0
12462.3,127,4.9,0,144255.58,246.0,0.875,0
7318.0,64,6.6,1,192153.33,194.3,1.079,0
12713.0,103,8.7,0,236442.47,216.8,1.099,0
7462.7,105,3.0,1,118359.13,243.7,0.967,0
7669.8,134,1.2,2,87342.46,298.1,1.07,0
12655.3,77,4.5,1,143634.14,350.9,1.209,0
18094.7,58,9.0,0,243482.22,221.6,1.048,0
15196.5,31,5.5,1,175151.23,154.7,1.046,0
10455.8,106,5.8,1,195997.98,335.2,0.8,0
2754.1,225,7.2,0,211607.92,293.9,1.098,0
7550.2,44,6.2,0,176739.15,277.4,0.961,0
7024.1,122,1.5,0,59881.11,180.5,1.1,0
16276.0,206,6.0,3,220284.01,255.4,1.027,1
11729.8,49,6.8,0,185426.87,302.3,0.849,0
11991.5,146,6.8,1,207112.3,175.2,0.968,0
6267.9,27,7.6,0,209972.7,315.0,1.135,0
22667.4,147,5.7,0,163985.83,284.8,1.365,1
11942.9,19,9.1,1,260952.88,333.5,0.892,0
6016.8,13,5.2,0,152335.8,307.8,0.819,0
6309.6,39,5.7,2,190454.17,127.3,0.995,0
12988.3,108,8.0,1,236456.69,199.9,1.03,0
5864.2,86,8.5,1,252557.22,300.9,1.069,0
7083.7,149,6.8,0,180051.19,186.6,1.121,0
4969.0,75,2.1,1,86958.91,213.3,1.054,0
16199.4,35,4.0,1,137350.54,250.2,0.908,0
5958.0,88,1.2,1,67013.85,229.9,1.043,0
24782.5,115,3.7,1,123804.62,140.1,0.86,1
13949.7,103,6.1,1,185355.34,286.7,0.822,0
4955.3,106,8.2,1,245717.92,246.5,1.145,0
15116.0,124,6.3,2,205080.8,274.6,1.122,0
22689.9,79,1.4,3,105046.79,247.9,0.747,0
10180.0,149,3.3,1,123097.69,123.6,1.143,1
24191.8,24,6.2,0,173757.49,221.1,1.018,0
14104.6,155,7.4,1,221513.2,204.8,1.124,0
7323.0,151,8.8,3,297789.61,261.8,0.798,1
32653.3,76,9.7,2,293916.81,299.8,0.925,1
4063.2,97,9.0,1,259856.26,236.4,0.915,0
8700.0,110,5.2,0,150305.68,297.8,0.974,0
10455.9,308,7.7,1,227545.54,342.4,1.011,1
29579.1,71,3.2,2,133943.97,295.2,0.737,1
16416.3,73,1.6,1,73155.65,372.3,0.934,0
14849.2,33,1.5,1,72714.7,189.4,0.94,0
6604.4,189,3.2,0,102732.4,324.1,0.921,0
9944.5,104,1.3,0,49992.51,231.3,0.964,0
7435.2,62,8.7,2,275843.31,278.9,1.274,0
14560.5,82,5.4,0,159540.46,169.1,0.986,0
20673.2,133,8.3,2,258019.47,374.7,0.808,1
36828.7,86,9.5,0,260490.55,216.9,1.077,1
7980.2,104,9.9,0,260832.91,310.6,1.106,0
3979.0,37,9.4,1,262297.21,368.3,1.082,0
8792.2,41,7.4,0,211976.62,257.6,0.911,1
19083.0,164,5.0,0,145008.02,335.8,1.134,1
6075.0,50,6.4,1,196395.0,185.3,1.068,0
10686.7,41,8.3,0,230287.81,313.5,1.092,0
14959.2,16,9.1,1,259286.31,268.9,1.054,0
8084.7,147,9.6,2,295111.16,246.9,1.116,0
12253.1,55,7.6,3,267994.56,222.1,1.012,0
5683.4,203,5.9,1,193964.13,174.2,1.044,1
21490.1,47,9.7,0,263203.05,268.2,0.953,0
9212.4,28,9.6,4,338622.29,235.2,0.951,0
12041.3,44,5.3,1,167008.85,297.7,1.202,1
2847.0,81,6.8,2,232264.56,277.6,0.936,0
5151.6,289,8.3,1,244713.14,279.7,0.963,0
18721.2,185,4.9,0,142599.93,297.5,0.956,0
8011.9,144,8.5,0,230720.41,196.9,1.037,0
5880.6,206,2.0,0,64232.08,170.5,0.824,0
3745.7,72,5.3,1,166272.22,202.7,0.904,0
21260.7,56,5.3,1,172918.64,241.7,0.974,0
16008.4,151,7.2,2,230267.63,202.7,1.009,1
15404.9,78,2.0,0,73870.12,185.3,0.852,0
26041.9,42,1.9,0,61519.76,168.4,1.048,0
8705.5,2,9.1,2,278239.85,250.0,0.923,0
4014.1,39,3.7,0,115082.26,244.8,1.011,0
11068.7,109,3.9,2,158014.36,258.9,1.127,0
28845.0,42,8.0,2,263500.67,307.0,1.022,1
11206.4,133,4.7,0,136249.12,260.1,1.067,0
20368.4,27,8.5,3,290877.53,291.9,0.867,1
4127.7,40,4.6,0,133453.32,297.1,0.813,0
6515.4,207,7.8,1,242866.72,186.5,1.106,1
18087.5,143,5.7,0,158302.34,381.6,1.182,1
11895.0,82,9.4,0,254744.46,209.2,1.164,0
10065.0,82,3.9,1,132228.56,253.4,0.875,0
20209.5,44,4.3,1,148264.8,224.0,0.927,0
17949.2,166,9.7,1,284573.49,252.6,0.758,1
12087.3,168,7.6,1,236798.24,335.7,0.897,0
1494.6,72,8.0,1,244172.69,327.3,0.983,0
10786.3,70,3.7,1,128807.4,232.2,1.047,1
13851.9,53,5.8,3,213629.58,175.0,1.006,0
2908.4,95,3.8,0,124418.02,373.6,1.114,0
13578.1,17,3.3,2,143150.87,346.7,1.109,0
20730.6,76,5.8,1,184794.79,123.6,0.997,0
10774.0,145,9.9,3,318322.26,271.2,1.082,1
5431.5,88,2.9,1,107339.4,175.0,1.003,0
1675.3,122,3.2,1,118781.76,248.4,1.127,0
13737.0,101,3.2,1,120752.45,270.5,1.152,1
3200.8,90,8.1,0,228639.57,292.8,1.03,0
15331.5,80,5.6,1,184775.53,156.3,1.047,0
28063.1,133,4.5,0,132687.49,354.9,1.048,0
6718.4,68,8.6,1,251109.85,200.0,0.967,0
9356.6,38,3.7,0,121972.54,228.1,1.147,1
28966.6,177,4.5,0,133379.12,270.1,0.801,1
11578.9,125,1.7,0,53608.7,226.8,1.025,0
8063.2,15,2.1,1,86533.56,289.5,1.067,0
19082.1,96,2.2,0,69316.17,283.0,0.995,0
8348.9,14,4.1,2,159022.23,291.7,0.942,0
6422.7,29,5.7,1,191989.28,277.9,1.134,1
15194.9,103,1.0,3,103677.73,176.2,0.839,1
19958.3,173,2.7,0,92200.76,288.0,1.087,0
6391.9,256,2.6,1,104603.81,346.0,0.954,1
12160.1,208,3.3,1,129042.62,222.2,0.837,0
9613.7,20,2.5,1,105496.84,256.6,1.025,0
10588.5,224,2.8,1,111256.27,319.3,0.849,0
5468.7,133,9.9,0,265396.44,318.5,0.871,0
15869.9,140,6.4,1,187550.77,216.7,0.973,0
24724.9,52,7.9,0,206849.17,207.9,1.128,0
6293.7,109,8.4,0,225037.93,260.5,1.116,0
15862.3,104,7.0,0,206740.21,279.0,1.039,0
18831.5,108,7.3,1,216668.77,307.2,1.072,0
12106.6,121,6.7,1,210610.68,134.7,1.078,0
15474.8,79,6.8,0,193064.66,245.8,0.864,0
6791.4,68,9.4,1,276224.79,262.7,1.214,0
23943.0,85,2.7,1,106620.95,160.4,0.928,0
20044.8,161,3.5,3,154493.07,272.3,0.818,0
21347.2,139,1.8,1,90586.51,216.2,0.794,1
4835.4,155,8.5,2,276341.27,320.3,0.734,1
14351.2,104,5.0,3,203937.61,239.9,0.89,0
7127.4,40,9.2,0,253361.67,254.1,0.957,0
25099.2,53,4.7,1,157888.95,184.2,0.94,1
6384.2,138,5.0,1,161215.94,336.4,0.953,0
12400.3,165,5.0,3,203257.61,316.4,0.891,1
2278.9,151,6.5,4,255950.8,263.1,1.047,0
12362.1,85,7.9,1,232309.27,245.0,1.078,0
4875.8,94,4.2,0,126844.04,313.4,1.052,0
14781.8,87,6.7,2,227016.72,301.7,0.729,1
9792.0,25,2.8,1,109768.39,215.0,1.028,0
8506.5,36,6.0,2,207233.67,211.2,0.961,0
25457.2,118,5.9,1,183634.38,206.6,0.933,1
33931.3,65,9.0,1,262278.35,255.3,1.154,1
3888.5,13,9.1,0,243606.21,237.3,1.066,0
8682.3,88,5.4,0,149736.65,330.4,0.814,0
17324.7,39,1.2,1,63404.62,325.3,1.142,0
13384.0,35,8.6,0,236237.39,252.7,0.877,0
16779.4,24,1.0,0,49307.67,298.4,0.941,0
10232.1,46,5.3,0,153471.4,319.4,0.981,0
20517.2,9,1.2,0,54255.01,398.2,0.804,0
12080.2,39,4.2,0,124255.26,306.9,0.958,0
13850.7,119,6.7,0,191338.67,297.6,0.855,0
4879.9,101,4.3,0,131725.16,117.3,0.96,0
11350.6,152,9.3,0,253168.58,326.3,1.08,0
17432.5,107,6.8,0,179146.76,267.2,1.226,0
12949.6,7,6.8,1,210444.09,217.7,1.204,0
11656.5,64,4.4,1,142917.01,213.0,0.881,0
14361.1,60,1.3,0,51638.95,282.7,1.263,0
12039.4,36,7.6,2,255692.86,177.2,0.896,0
10442.5,24,7.4,0,208750.4,197.2,0.84,0
17744.0,114,5.8,1,179394.03,306.9,0.975,0
10002.8,76,4.7,1,159134.65,324.0,0.941,0
4664.7,32,5.8,1,183306.06,348.5,0.909,0
24811.2,22,7.7,1,226740.84,194.1,0.912,1
7269.7,135,7.4,1,220222.84,216.4,1.125,0
3744.1,120,6.9,3,250725.77,270.8,0.987,0
15401.9,122,9.1,1,267407.84,319.4,0.901,0
26598.8,117,6.5,2,211923.72,286.1,0.823,1
15614.9,117,1.1,2,86516.23,272.5,0.878,0
22834.3,109,6.6,0,182548.35,225.0,0.945,0
5914.8,50,6.5,1,199361.1,191.1,0.994,0
4712.2,116,1.6,1,83608.76,169.9,1.038,0
8662.3,84,4.8,0,145234.95,237.9,1.002,0
19661.6,40,6.9,2,228191.86,217.7,1.063,0
14812.2,77,7.3,2,242910.81,224.3,0.977,0
15453.1,165,9.0,1,263279.28,267.9,1.028,1
11652.3,94,8.6,1,249478.29,288.3,0.883,0
8770.0,102,2.0,1,78841.56,224.9,1.075,0
11970.6,34,6.5,1,204475.97,279.4,1.045,0
9788.3,42,6.4,0,184052.58,291.7,1.13,0
8386.4,84,3.7,1,137443.74,228.7,1.145,0
13599.3,69,2.7,1,100393.22,225.7,1.304,0
9214.7,62,2.8,1,107380.14,265.1,1.19,0
12696.0,34,2.6,0,77701.99,201.0,1.044,0
2495.2,41,8.3,2,265091.05,417.5,1.17,0
12077.7,23,2.3,0,77919.5,277.9,1.208,0
9178.8,53,3.4,0,104377.95,193.2,0.933,0
23527.8,69,3.0,1,121518.5,286.6,0.878,0
3618.2,73,7.4,0,206402.22,232.1,0.811,0
11546.3,161,2.4,1,106293.7,317.1,0.992,0
17553.2,12,1.2,3,106772.59,278.2,0.87,0
10031.0,219,4.4,1,149063.37,285.7,1.221,0
8984.3,117,3.7,0,106459.57,97.5,0.75,0
17518.8,81,4.6,1,148602.87,276.7,0.936,0
14601.8,39,7.8,1,226782.29,354.2,1.139,0
15243.0,55,1.1,0,49254.22,353.7,1.016,0
8397.1,116,1.3,2,78589.28,386.4,1.097,0
7736.8,44,3.3,0,112831.97,344.1,0.875,0
12705.2,123,9.0,0,246534.52,257.6,0.826,0
18353.3,76,2.5,0,76454.81,316.3,1.076,0
4245.9,76,10.0,0,268020.06,257.9,1.059,0
10251.9,116,8.3,0,233503.87,295.8,1.088,0
7961.2,32,5.1,1,165411.14,317.4,0.985,0
11013.0,61,7.7,1,227965.53,265.2,1.208,0
16614.4,70,5.7,1,181474.99,316.3,1.022,0
6302.8,112,6.1,0,171744.07,227.1,1.092,0
15558.8,153,6.2,1,195068.69,301.0,1.054,0
8577.5,29,6.8,1,206774.27,272.8,0.758,1
20002.2,76,1.5,1,77076.18,230.5,1.058,0
6551.5,28,6.5,1,203057.44,317.8,1.082,0
18208.5,76,7.5,1,227314.42,174.9,1.116,1
4577.0,103,3.8,0,119596.59,243.6,0.916,0
12206.7,55,9.8,2,295458.77,260.5,1.118,0
15747.5,158,2.3,1,90398.33,348.1,0.848,0
6668.0,103,9.2,2,281444.66,252.7,1.04,0
1958.2,98,7.1,1,225969.54,253.0,0.93,0
8130.4,83,7.0,2,224765.54,326.3,0.849,0
11085.1,115,8.9,0,245483.93,267.3,0.878,0
8964.4,166,8.5,1,246096.06,212.9,1.131,0
7648.7,87,4.1,2,158216.05,404.5,1.127,0
17670.1,58,7.3,1,221788.5,315.2,0.927,0
21156.0,284,1.5,1,63392.62,240.9,0.979,1
20457.7,85,5.2,1,174267.47,252.2,0.84,0
14250.6,69,9.4,0,259508.37,192.3,1.126,0
15376.2,111,3.5,0,108163.9,275.6,1.121,0
5947.1,17,1.4,1,78545.21,316.1,0.83,0
10473.9,28,6.2,0,170283.82,152.0,0.779,0
11636.9,13,4.2,0,119206.73,272.6,1.214,0
12976.5,16,4.4,1,148450.88,173.6,1.093,0
12843.6,36,6.2,0,178358.31,240.9,1.025,0
11101.9,56,6.6,1,194759.42,269.5,0.927,0
14155.4,54,4.9,0,150028.04,271.3,0.933,0
12510.9,71,5.6,2,200480.86,403.0,1.002,1
12494.2,95,9.9,1,282528.97,277.3,1.151,1
6964.2,57,9.6,1,281735.24,226.2,0.916,0
5047.4,97,7.4,2,239074.14,203.3,1.13,0
13014.2,165,2.5,0,78935.26,226.3,0.908,0
8356.4,240,4.2,1,143829.32,282.4,0.823,0
7177.3,183,8.9,1,254883.37,154.3,0.999,0
15979.1,221,4.8,0,142645.01,187.5,1.088,0
10542.2,72,9.6,1,281620.71,277.6,1.11,0
22892.4,18,5.4,1,175712.94,248.9,0.867,0
15020.6,67,8.8,1,264122.73,288.3,1.18,0
6684.5,34,1.3,0,48469.42,211.8,0.877,0
16091.3,72,4.9,1,163499.75,224.4,1.045,0
13769.5,27,7.3,0,213139.56,324.6,0.855,0
6519.3,82,8.8,0,247165.26,299.3,1.039,0
7725.6,42,6.5,3,242499.35,168.9,0.978,0
15661.2,42,2.6,0,86902.13,154.9,0.972,0
3068.1,153,9.0,0,244853.83,197.8,1.103,0
2206.3,84,6.2,0,175486.67,224.7,1.085,0
12082.8,75,2.0,0,69775.32,316.3,1.08,0
11556.4,130,5.2,3,207354.43,185.2,0.746,0
12718.8,96,7.3,2,243072.66,304.2,0.994,0
11576.0,128,5.1,1,158086.35,237.5,1.163,0
14051.6,68,8.8,0,236538.62,251.5,0.938,0
21318.3,123,4.8,1,153646.55,233.7,1.191,1
10960.3,19,6.3,0,174033.93,280.0,1.115,0
4000.3,67,2.9,0,92163.43,319.4,0.949,0
2784.1,91,5.6,2,197591.98,216.8,0.964,0
8820.7,55,3.0,2,133618.61,326.4,0.753,0
8964.1,69,3.0,3,153679.28,310.8,1.003,0
4501.3,133,3.5,0,108990.75,242.9,0.882,0
1871.4,135,1.4,2,90267.95,221.0,0.812,0
8420.8,90,2.5,0,77559.5,344.1,1.182,0
26522.9,170,4.8,1,155836.6,243.5,0.904,1
13721.2,33,2.2,2,108006.83,248.1,1.239,0
13036.0,63,2.2,0,78885.4,285.3,0.784,0
9849.8,64,9.7,3,319514.64,306.3,0.794,0
8811.6,160,4.8,0,142259.22,340.8,1.052,0
14523.6,103,4.6,2,174500.41,291.4,1.081,0
4883.5,189,3.4,0,104306.19,268.8,1.255,0
30385.0,20,5.6,1,175461.32,274.0,0.92,1
5142.8,92,6.4,1,188625.99,185.7,0.979,0
15278.4,76,4.8,0,136878.12,241.8,1.155,0
5474.6,7,4.5,2,161850.52,201.2,0.961,0
11748.2,42,7.3,1,221752.61,309.6,1.042,0
16216.3,33,9.5,1,271618.52,221.0,0.791,0
3445.3,103,8.9,0,241508.37,328.3,1.139,0
5890.8,156,2.1,0,70494.12,231.2,1.366,0
6155.5,59,6.9,1,198631.48,219.8,0.906,0
9275.2,32,1.1,0,36877.6,215.7,1.343,0
12617.0,27,6.7,0,190550.76,174.6,1.141,0
26823.6,195,5.2,0,149823.32,209.9,1.122,1
7682.1,46,5.4,0,162405.49,215.7,1.028,0
25872.8,3,6.3,0,179832.18,319.2,1.017,0
13443.4,49,7.7,0,209448.31,242.6,1.064,0
5022.4,20,7.6,0,198900.94,248.5,1.034,0
9877.7,79,1.4,0,58972.58,235.7,0.719,0
4050.9,74,7.6,1,235851.42,322.1,1.032,0
8823.9,58,8.5,1,239684.66,270.3,1.224,0
8448.2,23,1.6,2,97031.89,204.9,1.079,0
11863.4,72,3.9,1,134580.21,181.4,0.824,0
15307.7,64,8.1,0,212287.55,228.9,0.955,0
10351.3,69,5.4,2,185596.28,332.6,1.156,0
5424.9,53,7.3,0,203209.57,251.1,1.056,1
22838.3,117,5.5,1,183361.22,329.8,1.154,0
27787.2,138,9.8,0,265599.08,363.2,1.065,1
9745.1,27,9.4,1,273939.33,377.1,1.147,1
13100.6,112,3.5,0,107756.71,240.7,1.079,0
9418.5,143,4.5,1,152981.86,209.2,1.034,0
11920.1,255,4.9,1,157672.91,306.9,1.089,1
12295.5,83,1.9,1,87613.22,193.8,0.706,0
4551.6,54,4.6,0,143933.16,260.9,0.914,0
8927.3,125,8.0,0,213916.11,206.2,1.105,1
19107.7,55,8.6,3,290240.73,234.6,0.8,0
18181.2,148,9.0,1,261210.86,254.0,1.135,1
8825.3,69,1.1,2,82376.44,232.2,1.015,0
12433.4,42,8.1,2,256236.87,304.3,0.881,0
9242.8,80,5.5,0,157561.05,274.3,1.014,1
15644.2,63,2.9,0,90578.37,201.5,0.877,0
3422.7,59,5.5,0,154425.01,206.8,1.093,0
14546.3,13,8.6,1,255653.22,221.0,1.165,0
23692.4,141,4.9,1,158942.91,337.7,0.993,0
6915.1,141,9.9,1,282901.72,303.9,1.2,0
21911.9,101,6.6,1,197798.86,140.7,1.099,1
12800.6,106,5.4,0,158843.63,278.1,1.081,0
10335.5,37,3.7,1,121957.86,410.8,1.073,0
8783.0,7,1.1,1,66581.23,278.9,0.949,0
22341.6,85,6.5,1,202624.93,255.2,1.013,1
9261.3,68,6.2,0,163021.0,222.0,1.024,1
25677.0,84,5.7,0,157237.01,200.2,1.01,0
24045.1,5,5.8,2,206762.04,275.9,0.949,0
8016.3,115,8.6,1,262994.4,139.0,0.96,1
9688.1,37,3.9,0,112475.04,219.6,0.796,0
2665.4,31,6.0,0,164319.26,258.1,0.856,0
10541.0,207,7.1,0,194385.25,326.4,0.947,0
11344.4,177,2.9,0,95151.66,168.5,0.84,0
20251.7,13,9.3,0,253532.55,233.7,1.046,0
24770.2,44,7.6,1,229830.35,297.5,1.17,0
16488.1,59,1.5,1,78986.64,248.4,0.942,0
19326.7,164,8.8,0,247777.8,337.7,1.142,0
9683.3,121,9.4,0,244586.05,292.8,1.16,0
4758.5,24,8.1,0,226819.38,211.4,0.835,0
12786.6,79,4.8,1,164672.41,261.6,1.0,0
20060.7,59,9.9,0,271746.03,211.5,0.832,0
1220.2,61,2.1,0,71148.63,255.2,0.697,0
11668.5,46,5.8,1,189800.46,270.6,1.053,0
2968.2,60,2.5,0,81147.75,300.3,0.845,0
6551.2,112,5.0,0,144989.44,272.5,0.754,0
11946.9,65,9.3,1,265858.04,189.1,1.019,0
24995.6,69,8.1,1,240833.68,142.1,0.948,0
10978.6,121,8.0,1,245288.28,291.3,0.957,0
15878.1,97,4.2,1,147998.96,133.7,1.043,0
12713.6,122,9.4,0,258004.9,269.9,1.147,0
6815.6,37,4.3,1,158164.49,203.2,0.995,1
14191.6,75,1.4,1,76342.89,257.8,1.067,0
4667.3,73,6.7,0,186257.42,250.1,0.985,0
10883.8,66,4.3,1,146173.09,277.3,0.945,0
22105.5,57,2.4,1,98518.31,259.4,1.066,0
12145.6,174,9.4,1,270029.23,299.5,0.889,1
12716.8,53,6.7,0,188618.67,274.2,0.967,0
8815.8,147,9.5,0,257406.11,325.8,0.777,0
3611.7,225,6.2,0,181127.12,229.2,0.789,1
9453.0,31,1.6,3,119781.47,194.0,1.033,0
17662.3,23,1.3,2,81437.36,274.7,1.124,0
13669.9,11,9.1,1,267828.22,253.3,0.98,0
4862.4,146,1.3,0,55028.89,281.3,1.015,0
2847.6,149,6.5,0,189270.83,255.2,1.16,0
6763.3,33,3.7,1,127098.1,320.6,1.037,0
9512.1,123,7.2,0,198241.05,287.3,1.079,0
9933.3,41,3.6,0,110414.47,186.2,0.967,0
10013.5,77,1.3,2,90902.52,234.7,0.973,0
10913.8,140,7.6,1,231014.97,268.8,0.781,0
13933.9,97,3.8,1,138420.67,234.8,1.231,0
8444.1,38,6.0,1,185859.21,222.2,1.089,0
5816.6,80,8.0,1,232641.84,335.9,0.8,0
14868.0,57,7.3,0,198415.9,304.5,0.994,0
17902.7,122,4.1,1,148364.1,214.9,1.204,0
7614.5,96,7.7,3,262339.94,313.0,0.953,0
30501.5,95,9.3,0,258273.47,307.1,1.165,0
24251.1,36,6.5,2,207785.87,294.9,1.373,0
5110.1,35,7.3,0,206419.05,168.0,0.99,0
3015.5,84,8.8,0,239285.07,269.0,0.874,0
9767.8,133,8.6,1,256801.23,200.5,0.83,0
12765.8,196,4.2,1,140943.03,247.7,1.124,0
30252.4,16,9.9,1,285570.53,327.4,1.004,1
29687.4,77,1.3,0,52457.55,235.9,0.884,0
15899.9,141,9.9,0,261381.82,250.4,1.015,0
8553.9,115,3.2,0,101070.58,175.0,1.015,0
20748.8,93,5.0,1,162417.62,268.1,1.21,0
11715.1,139,9.0,2,288152.74,343.9,1.195,0
4361.4,34,3.2,1,122430.95,384.4,0.898,0
4482.5,117,3.0,1,117579.71,314.8,1.056,0
8590.2,145,6.8,0,190891.33,234.6,0.934,0
18831.5,29,7.3,4,279888.64,288.1,0.897,1
5416.2,96,1.1,3,92714.48,231.9,1.071,0
8578.3,123,5.1,0,150901.43,269.6,0.956,0
24133.5,130,5.4,0,151021.52,291.1,1.05,0
13656.1,15,3.4,0,99813.05,177.3,0.871,0
14597.2,47,5.9,0,167298.64,305.9,1.174,0
19217.7,6,2.4,0,82632.77,285.6,0.977,1
8690.0,173,3.9,0,131375.15,215.2,0.803,1
25052.2,59,7.4,0,195359.62,140.3,1.096,0
16174.3,34,8.9,1,256668.28,272.3,1.179,1
10132.6,31,6.3,1,196269.66,302.1,1.009,0
22429.8,49,1.7,1,77006.3,240.2,1.071,0
15767.3,145,7.1,0,210675.75,240.5,0.929,0
10759.1,37,9.1,0,249579.18,293.7,0.787,0
14847.6,187,5.5,3,211504.97,221.7,1.053,0
6182.3,24,5.4,0,149857.03,301.2,1.002,0
20790.6,265,9.9,1,283048.22,243.4,1.094,1
29965.6,50,6.7,0,191825.46,273.7,0.914,0
3490.2,190,8.3,1,241390.79,280.2,0.962,1
7558.4,173,6.8,1,211915.11,353.7,0.989,0
7152.7,172,3.0,0,97421.84,276.5,1.047,0
16759.7,72,3.6,1,128724.9,205.6,0.869,0
12376.4,27,7.0,2,233686.1,228.1,1.066,0
8310.2,89,5.1,1,169468.95,227.9,0.949,0
9127.6,41,4.6,1,153534.6,291.0,0.848,0
7828.7,173,1.2,2,84846.07,256.5,0.926,0
15573.1,86,9.0,3,297395.51,259.4,0.934,0
12256.4,77,9.0,1,254995.43,331.3,1.054,0
8853.1,43,5.1,1,172947.05,312.7,1.009,0
7920.0,55,7.3,1,212962.09,242.8,1.163,0
22650.4,110,2.6,1,93682.26,363.4,0.925,0
20492.6,98,5.5,2,203225.74,395.4,1.05,0
15677.5,123,4.9,2,184833.44,209.4,0.928,0
19274.1,130,6.9,0,192097.76,228.0,0.93,0
4393.3,137,5.2,2,194178.76,195.1,0.951,0
5381.7,30,5.5,1,172739.48,344.6,0.924,0
4979.3,101,3.7,2,152963.25,208.7,1.059,0
10960.5,96,1.4,1,72393.74,230.0,1.081,0
19634.9,23,9.3,0,254072.95,403.7,0.881,1
8385.8,105,1.1,2,84000.76,317.2,0.829,0
21170.6,171,3.5,1,118440.76,244.2,1.092,0
7547.8,107,5.0,0,142411.22,258.2,1.067,0
10057.2,25,3.9,0,114897.3,153.8,1.189,0
8325.0,41,6.0,0,170500.47,256.1,0.94,0
9587.1,92,5.2,0,148994.66,273.8,1.018,0
10240.6,36,3.3,0,93854.23,195.5,1.003,0
2944.3,112,1.8,0,60691.81,273.5,1.132,0
13435.2,78,2.2,2,118312.88,383.1,1.106,0
10094.5,135,5.4,0,152947.67,348.3,0.983,0
25021.3,62,8.6,0,228399.89,354.7,1.016,0
15234.6,93,1.9,1,90763.58,242.3,0.982,0
13094.1,46,7.1,1,214332.25,236.7,0.724,0
24190.0,235,8.1,1,245737.51,295.1,0.952,1
22826.4,76,3.5,0,103791.44,227.8,0.88,0
25648.0,29,7.0,0,191253.91,302.5,0.867,1
7849.4,148,7.2,0,195056.7,318.4,1.099,0
4892.4,61,7.4,1,222877.23,391.5,0.865,0
2956.6,143,9.0,1,273604.16,181.2,0.993,0
19124.8,62,4.6,1,150558.86,323.2,0.965,0
2589.3,35,3.2,1,118834.95,231.2,0.898,0
12364.7,75,5.9,0,177666.95,351.1,1.024,0
3718.1,27,1.6,2,95323.99,282.1,1.211,1
20715.5,60,4.0,0,114733.28,268.9,0.846,0
14539.9,131,8.9,1,261354.43,317.6,1.204,0
20648.0,103,5.8,0,165957.49,319.0,0.942,1
12522.4,84,4.9,3,192074.17,238.0,1.311,0
5801.1,61,3.4,0,102581.73,266.5,0.962,0
8187.5,179,3.3,1,115349.06,224.5,0.992,0
18050.5,85,3.1,0,108637.71,269.3,0.697,0
3469.7,46,8.5,1,243022.17,316.7,1.171,0
7767.3,129,9.9,1,281540.48,353.0,0.949,0
7072.7,109,5.8,2,193678.38,150.4,0.917,1
10325.8,41,1.7,0,59105.85,329.2,1.117,0
15529.9,158,7.8,1,230718.67,305.8,1.28,0
20349.8,87,8.9,1,263468.41,189.7,1.11,0
4185.3,94,9.4,1,276450.34,165.2,0.84,0
6074.2,165,6.7,0,184024.75,261.3,0.943,0
4544.6,25,5.6,0,161021.76,255.7,0.764,0
10578.7,43,6.6,1,192305.25,263.6,1.091,0
4947.7,166,1.1,0,48979.98,352.2,0.974,0
13372.5,40,6.9,0,189738.37,169.5,0.978,0
21924.0,77,7.4,0,203717.48,193.1,1.076,0
3038.5,181,7.5,0,212862.05,178.1,1.099,1
6218.2,33,6.1,2,206292.94,330.2,0.894,0
25800.8,13,7.3,0,205846.98,302.4,0.975,0
12162.6,29,6.7,0,179195.8,269.8,0.763,0
7853.0,77,2.0,3,125785.2,229.3,1.036,0
40892.9,65,9.1,0,255524.63,248.0,1.003,1
9106.5,60,6.6,1,201151.04,237.2,0.838,0
15176.7,56,7.6,1,221299.04,297.6,0.79,0
6402.6,40,4.1,0,125953.11,375.2,1.024,0
5658.8,58,9.3,1,273343.06,194.3,0.936,0
15698.2,100,5.5,0,160625.19,234.4,1.054,0
27117.8,122,7.1,0,187618.18,246.3,0.854,1
8075.6,107,9.6,2,291919.81,106.1,1.085,1
5373.1,57,9.2,0,247210.85,312.7,1.01,0
18938.8,66,6.8,1,207095.35,264.9,0.926,1
8126.6,132,2.5,2,112659.54,283.8,0.999,0
13480.5,131,9.6,0,262016.58,224.7,0.933,0
7920.6,222,9.9,2,304250.61,283.9,0.865,1
8784.1,61,1.9,1,96548.34,251.5,0.853,0
6052.1,28,5.1,0,149340.55,264.3,1.248,0
15940.8,81,5.9,0,164199.24,326.1,1.241,0
13716.4,111,1.8,0,62463.92,282.1,0.916,0
13436.2,137,2.7,1,111556.91,170.3,0.978,0
6849.8,52,5.8,1,173575.46,254.7,1.215,0
13019.1,90,9.7,0,255738.56,331.9,1.014,0
29185.8,119,1.3,0,53847.75,248.1,1.171,1
5398.6,76,9.2,1,271886.32,305.5,1.263,0
6433.6,65,9.1,1,264803.61,352.5,1.026,0
6668.6,101,8.7,1,254221.99,312.7,1.052,0
11538.5,12,4.4,1,145388.58,290.6,1.158,0
5120.7,62,5.4,0,151904.19,273.1,0.974,0
14551.6,244,4.6,2,170725.62,246.6,1.185,1
2783.4,97,9.5,0,267374.48,253.9,1.017,0
17060.1,248,5.7,0,150168.72,343.5,1.292,1
13292.1,85,1.7,0,58161.76,300.6,1.005,0
28809.9,158,3.5,0,115248.82,250.9,1.103,1
5573.9,56,5.2,2,189748.13,243.2,0.981,0
19372.4,62,9.6,0,252720.91,265.1,0.848,0
10113.4,48,6.1,0,172022.96,279.7,1.143,1
8912.5,150,7.3,1,223553.3,238.7,1.159,0
5388.6,39,1.8,0,70099.92,190.4,0.76,0
7994.9,17,8.9,1,255480.54,292.1,0.853,0
8227.8,139,5.9,1,180733.99,235.7,1.048,0
3736.6,36,9.3,0,247246.1,223.4,0.974,0
13209.6,127,5.0,0,143933.95,233.8,1.104,0
12206.8,65,7.1,0,200984.8,220.7,0.752,1
15141.2,326,5.2,0,157215.0,304.3,1.243,0
7337.0,222,2.3,0,70126.78,316.9,0.935,0
17433.9,379,3.4,3,165268.79,303.6,1.006,1
22581.6,33,1.6,0,61044.91,273.8,1.036,0
9339.5,76,5.0,0,142851.25,184.1,1.204,0
5652.5,17,6.8,1,221258.88,290.9,0.823,0
11181.5,104,3.2,2,144329.6,378.7,1.018,0
10870.9,36,5.4,1,164245.36,248.9,0.849,0
9644.5,79,5.1,0,156885.22,163.9,1.124,0
15161.6,9,5.8,0,165093.07,303.7,0.957,0
8642.5,10,2.7,1,97806.14,153.6,1.056,0
5347.6,40,5.8,0,171406.8,203.0,0.953,0
11803.7,45,4.3,1,151458.6,244.9,1.256,0
15587.5,179,3.6,0,109759.76,326.7,0.911,0
16332.6,58,6.3,0,179073.15,269.8,1.071,0
8288.7,112,2.3,2,114962.13,224.2,0.733,0
12815.4,15,9.1,2,283169.57,225.3,1.072,1
22933.4,94,9.4,0,263548.61,194.9,0.814,0
22822.7,90,6.9,0,192368.15,228.3,1.219,0
19693.0,123,3.7,0,119949.24,247.2,0.919,0
3560.0,87,6.6,0,188654.41,263.9,0.881,0
8692.5,235,6.4,1,192144.64,297.3,1.035,1
21985.0,60,4.5,2,168301.7,271.6,0.839,0
3544.2,38,3.6,2,145406.23,188.8,0.9,0
10344.0,127,2.5,0,80161.95,138.6,1.029,0
7258.7,96,3.0,1,109558.18,222.1,0.931,0
12978.4,39,6.9,0,195247.14,382.4,1.113,0
2065.2,113,9.0,0,248638.24,240.1,1.151,0
20803.3,152,4.5,0,134780.95,270.6,1.075,0
10652.1,98,2.1,2,109262.15,175.7,0.843,0
5103.1,87,1.1,1,63959.67,226.4,0.907,0
6605.9,24,4.7,0,134492.12,297.9,0.872,0
13245.0,59,3.1,0,98592.27,291.8,0.967,0
6267.6,37,3.9,2,157097.19,261.1,1.053,0
26625.0,115,3.2,0,107548.12,284.2,1.048,1
9904.0,25,7.0,0,196395.5,338.0,1.223,0
23930.3,27,6.7,2,228099.3,270.2,1.223,0
11815.9,34,9.2,0,242367.83,359.3,1.065,0
15939.1,43,7.3,4,265646.09,282.8,1.081,0
15391.2,31,2.5,0,78780.5,221.5,0.85,0
7854.4,57,7.8,2,252826.5,212.9,1.119,0
16053.9,61,2.6,4,155149.95,239.5,1.063,0
8298.1,141,6.0,1,177572.37,253.1,1.055,1
3295.3,38,1.7,0,61402.36,318.5,1.025,0
9369.0,44,1.4,0,64143.93,336.5,1.19,0
4599.1,110,5.2,1,173358.46,246.4,1.23,0
8115.9,125,1.9,1,79273.97,289.2,1.017,0
10440.1,83,3.8,1,131873.28,273.5,1.072,0
5769.9,109,4.0,2,155260.87,249.7,0.93,0
14748.1,16,7.9,0,216873.11,284.1,1.035,0
8235.9,132,4.0,0,122172.14,295.3,1.083,0
4501.3,73,5.4,0,154976.62,385.3,0.798,0
5833.3,112,8.0,2,261680.14,362.4,0.884,0
11386.1,89,2.8,1,101943.06,338.3,1.077,0
9116.2,56,8.2,0,229745.35,246.3,1.031,0
12691.2,98,8.5,0,237178.21,194.9,1.025,0
11434.6,50,9.9,0,266100.04,287.6,1.015,1
5469.1,263,5.0,0,146133.4,153.2,1.14,0
7145.6,22,4.3,2,175935.02,254.4,1.115,0
17352.9,130,7.3,1,221106.85,289.5,0.946,0
6111.5,94,1.5,3,116075.45,197.7,1.159,0
24248.1,75,1.4,1,76826.28,277.9,1.001,0
3820.4,43,4.0,1,132929.74,310.8,0.804,0
17030.4,97,7.6,0,221669.51,255.5,1.058,0
10001.6,74,2.0,3,123990.42,264.8,0.829,0
5493.3,20,6.7,0,187076.82,304.6,1.077,0
11195.0,115,3.4,1,126859.35,363.4,0.921,0
6247.0,99,6.9,1,210415.32,274.0,0.729,0
7448.5,38,5.1,0,146113.14,301.0,1.03,0
8363.0,145,2.0,1,92218.55,242.6,1.19,0
16268.3,139,3.2,1,112180.36,301.8,0.938,0
7079.0,29,3.0,0,102005.73,303.4,1.05,0
12240.1,99,2.5,0,83867.99,290.0,1.03,0
16627.8,124,5.2,3,207326.84,363.8,0.739,1
11012.4,24,9.6,2,294023.53,244.5,1.027,0
13355.8,13,6.9,2,226359.21,262.5,1.07,0
10403.6,63,8.5,0,227004.12,346.2,0.947,0
14571.3,51,9.8,1,287527.15,242.6,0.958,0
4409.4,72,5.9,3,212577.06,309.3,0.96,1
23038.8,201,3.1,3,153638.92,371.2,1.074,1
6789.6,126,9.4,0,251192.76,308.8,0.835,0
10062.7,45,7.3,0,203372.92,287.3,0.805,0
2550.5,86,9.6,0,256172.48,251.1,1.083,0
7682.2,79,6.9,1,215711.16,330.5,0.894,1
12541.5,137,8.0,1,232336.57,200.3,1.114,0
24797.1,129,9.0,0,231041.74,174.2,1.022,1
14952.8,72,7.8,0,214136.52,207.0,0.921,0
8068.7,112,6.1,0,167101.41,262.8,0.862,0
3587.4,153,5.2,1,167911.74,190.9,0.6,0
21560.8,116,8.4,0,226111.49,394.5,0.923,1
7827.3,44,7.9,1,237890.0,211.7,1.006,0
12520.9,45,4.3,0,120655.83,315.3,1.031,0
8082.8,20,5.5,0,157144.1,218.5,0.806,1
13441.0,43,6.7,1,204319.75,259.8,0.919,0
21018.4,47,1.3,0,46566.21,265.6,1.162,0
16156.4,9,3.2,0,94841.85,196.1,1.269,0
9011.5,32,3.3,0,108030.68,261.3,1.083,0
21849.2,27,8.9,0,237320.94,346.8,1.002,1
27864.3,55,4.0,1,133760.07,251.3,0.813,0
18534.9,81,5.9,3,227446.58,275.4,1.003,1
8241.0,42,8.5,1,250776.03,280.5,0.932,0
17051.0,185,3.3,2,140585.9,283.8,1.194,1
18427.0,32,2.1,1,86607.37,155.0,0.954,0
9117.6,8,9.5,2,293367.68,307.4,1.108,0
27862.1,70,7.3,0,213842.97,294.0,0.964,0
20486.1,122,2.6,1,108294.45,264.3,1.148,0
9408.8,53,8.4,2,260178.7,342.5,0.991,0
8235.6,58,8.1,2,256310.6,326.5,1.054,0
18188.2,221,8.5,1,238401.72,285.0,0.995,0
32071.1,128,3.5,0,110641.49,232.6,1.08,0
4632.8,87,5.0,0,140605.54,247.5,0.884,0
13820.3,73,7.2,0,203388.46,254.7,1.124,0
16874.0,12,4.5,1,150800.62,297.0,0.767,0
20910.8,161,1.6,0,58716.17,259.8,1.065,1
16970.7,73,2.2,0,74479.45,276.0,0.868,0
7893.8,24,6.4,1,196131.46,189.4,1.086,0
4266.2,109,4.4,2,159656.23,311.0,1.16,0
8815.5,131,1.0,1,68456.48,333.7,0.831,0
16643.6,56,7.9,1,235810.94,238.4,0.87,0
7365.6,48,4.8,0,144955.4,233.8,0.884,0
22766.9,66,3.8,1,125605.75,221.8,1.177,0
9866.2,41,7.4,2,246365.08,374.4,0.826,0
7070.2,31,5.1,0,144592.46,309.2,0.911,0
14724.8,70,7.3,1,217063.73,258.2,0.774,0
9254.4,127,1.1,1,71097.52,223.9,1.055,0
8094.9,209,1.1,0,52734.23,198.9,1.053,1
29899.6,73,6.0,1,196557.02,308.3,0.738,0
7336.4,186,9.8,1,283800.4,244.3,1.173,1
8620.3,30,3.5,0,104974.24,287.5,1.064,0
14849.9,124,7.1,1,223486.49,343.8,0.872,1
22572.8,56,2.6,1,105145.84,199.3,0.797,0
14040.8,258,3.8,0,116341.08,222.3,1.222,0
11356.3,44,1.7,0,52317.99,291.6,1.059,0
31861.3,86,8.9,2,277555.9,247.6,1.015,1
8368.2,18,3.8,1,130658.47,250.5,1.146,0
8394.4,52,3.1,0,95529.29,310.0,1.031,0
7405.4,139,7.6,1,223373.94,304.9,0.886,0
13537.1,121,2.8,1,105897.31,239.6,0.727,0
6042.0,87,3.2,1,124444.92,227.6,1.196,0
5045.0,124,1.9,1,90995.76,256.2,1.15,0
8603.9,69,9.7,1,281928.07,327.8,0.981,1
3461.0,198,3.2,1,120418.59,162.5,1.017,0
12524.2,17,10.0,0,263926.1,253.6,1.117,1
13557.4,85,2.6,0,87275.63,298.0,0.951,0
14929.6,20,1.2,1,70444.33,223.4,0.916,0
17478.3,32,9.1,2,282569.96,177.6,0.941,0
8757.0,49,6.2,0,169132.33,195.9,1.023,0
21116.3,57,4.2,2,167256.87,281.1,1.136,0
19945.2,69,5.6,1,177786.85,255.0,0.865,1
5490.5,70,3.3,0,105733.05,146.5,0.953,0
10423.2,47,6.7,0,191881.64,230.5,0.718,1
1788.6,74,6.5,1,194213.72,336.6,1.256,1
21285.3,26,1.7,1,88655.26,256.4,0.988,0
17302.4,130,9.2,0,243521.36,294.7,1.169,1
24046.5,111,5.1,0,147885.32,254.5,0.855,0
3798.2,196,2.8,1,114203.91,308.9,1.163,0
14270.3,99,3.8,0,108056.14,295.4,1.138,0
7726.6,107,8.8,0,238251.9,261.2,0.853,0
2513.1,105,4.4,0,135296.37,207.0,0.985,0
18768.9,38,6.1,1,195726.2,286.4,0.858,0
4697.2,85,9.5,0,251620.33,177.1,1.042,0
13213.7,54,6.9,1,204194.73,289.7,1.194,0
7670.7,91,7.1,2,231947.87,312.7,1.068,1
11901.4,101,3.2,0,103996.56,230.4,1.017,0
17617.3,120,7.0,2,230620.98,190.6,1.161,0
11921.0,105,4.5,1,151646.5,319.3,0.978,0
5963.4,107,9.2,0,249120.84,260.7,1.141,0
30312.6,56,2.2,0,74835.72,249.7,0.817,0
8835.3,326,3.6,2,146990.12,271.0,1.076,1
6754.7,102,1.6,2,98648.9,232.2,1.062,0
10227.3,77,4.4,0,138697.53,166.7,0.913,0
3864.0,153,2.3,0,80193.63,226.3,0.901,0
7152.3,61,8.6,0,238469.65,261.3,0.835,0
9170.3,21,9.3,1,274988.45,261.6,0.919,0
12489.2,44,7.0,0,199640.51,154.5,1.165,0
11088.2,31,1.9,4,141949.21,244.1,1.021,0
14292.4,92,4.1,0,130098.04,359.0,0.964,0
10479.5,128,9.7,0,252434.79,262.8,0.866,0
19816.3,28,2.2,0,75232.56,312.4,1.113,0
15728.0,110,6.0,0,171809.14,294.7,1.126,0
13654.1,105,4.2,0,121331.3,221.4,1.088,0
21662.8,190,10.0,2,312949.46,223.1,0.857,1
21661.5,143,3.6,1,116910.34,284.1,1.012,1
11574.2,44,1.4,0,53879.14,227.4,1.043,0
8568.2,57,7.3,0,194344.47,329.0,1.021,0
12219.4,61,3.9,2,152451.43,241.7,0.754,0
9941.8,174,6.9,1,206932.67,309.8,1.049,0
8357.7,198,1.9,1,88059.33,283.0,0.752,1
11936.1,102,5.7,1,192141.9,288.7,1.215,0
13410.3,23,4.4,0,136134.37,223.3,0.86,0
15297.0,67,5.8,0,158856.14,324.9,1.179,0
23600.1,250,8.7,1,257392.07,400.1,0.978,1
12630.7,79,9.8,1,279310.63,204.0,0.996,0
10620.6,5,7.8,2,254874.13,316.5,1.013,1
18506.7,73,7.9,0,221447.03,260.2,0.986,0
6360.2,159,5.8,1,189002.23,211.8,0.737,1
3488.8,18,1.9,1,92988.22,196.4,0.959,0
14156.6,25,7.0,1,218245.6,208.4,0.941,0
8814.3,169,2.3,0,77473.15,216.2,0.788,0
9229.1,114,3.2,2,135397.47,190.3,0.907,0
6261.8,111,7.4,0,197619.1,326.1,0.994,0
20618.0,14,6.9,0,194761.3,259.5,0.861,0
3596.3,47,3.8,0,118025.0,284.8,0.983,0
14979.2,105,7.9,1,227905.9,190.9,0.984,0
10709.5,31,9.5,2,298008.04,332.1,0.968,1
24422.0,99,5.9,3,220275.3,228.1,0.913,1
18553.0,31,7.1,0,192206.73,337.8,0.98,0
5185.5,22,3.4,0,107168.76,286.9,0.98,0
15736.3,102,9.7,0,256301.15,202.7,0.828,1
13921.0,79,3.5,0,103164.35,281.9,1.014,0
10240.3,67,9.0,0,240297.37,258.2,1.142,0
15043.1,72,9.4,1,267446.05,201.8,0.897,1
7141.6,72,7.5,0,201725.82,195.9,1.063,0
11354.2,17,8.3,2,262455.7,309.3,0.882,0
10824.1,128,5.1,0,152245.61,332.5,0.992,0
6476.5,163,9.3,1,264701.91,197.4,0.905,0
8827.2,209,7.7,2,244702.0,266.6,0.837,1
7921.7,91,3.9,2,149362.07,171.4,0.96,0
13404.7,22,1.3,1,75165.75,310.3,1.017,0
21294.6,125,5.9,0,164760.21,264.7,1.011,1
4425.4,82,8.6,3,290114.3,180.2,0.896,0
13640.6,86,8.7,0,236526.8,233.1,0.9,1
7740.3,38,8.5,0,240350.73,227.3,1.073,0
17903.3,99,2.9,1,110468.05,208.5,0.881,0
13545.2,128,4.8,0,146459.82,317.1,1.022,0
3688.8,83,6.5,0,187628.95,209.5,0.846,0
11942.0,52,7.0,0,193488.87,360.8,0.919,0
9914.4,56,4.0,0,116825.4,311.8,0.715,0
4753.5,88,7.2,1,216604.56,240.2,1.02,0
7803.9,54,6.3,1,194318.08,397.2,0.957,1
11631.2,29,6.1,1,197504.05,238.0,0.924,0
7947.7,124,7.0,2,235160.77,176.8,1.133,0
19068.6,76,6.4,1,200745.88,319.7,0.891,0
9860.5,83,2.5,1,97892.24,208.5,1.09,0
7456.6,45,8.9,0,237532.07,335.0,1.024,0
12014.5,29,3.2,1,109841.05,176.8,1.169,0
12935.4,40,7.7,1,228767.22,209.1,1.185,0
17995.9,50,2.6,0,81827.81,227.8,0.914,0
11087.1,53,6.9,1,218034.16,294.3,1.078,1
12629.8,68,9.1,2,285027.75,231.1,1.277,0
8812.6,138,1.1,1,64972.36,227.5,1.058,0
24758.2,116,9.8,1,287513.1,299.7,0.952,1
13498.6,110,1.3,0,58062.35,330.5,0.802,0
11787.1,30,1.1,1,64733.07,242.3,0.752,0
7947.7,106,8.7,1,255087.34,200.2,0.808,0
19307.9,136,7.4,3,251516.43,347.2,1.282,1
3415.0,53,2.0,0,75806.08,251.2,0.994,0
12055.0,28,9.4,0,260735.84,285.1,1.021,0
7203.4,101,7.0,0,193414.29,231.7,0.92,0
16993.3,115,2.0,0,74804.09,236.9,1.057,0
13010.3,73,8.7,1,244861.73,231.7,0.982,1
11888.3,127,5.3,2,186807.71,310.0,0.856,1
5560.8,76,3.5,0,107843.86,331.4,0.775,0
10333.7,36,8.4,0,232145.13,229.2,0.736,0
13311.2,75,7.6,0,215752.51,236.5,0.931,0
18002.8,81,6.6,0,180889.89,333.8,0.942,0
14303.0,72,9.1,1,267985.09,373.9,1.064,0
16992.4,23,8.8,0,242798.54,294.2,1.166,0
4188.6,186,3.0,0,94850.01,280.9,0.877,0
11727.8,249,8.9,1,258392.83,375.6,0.928,0
18401.1,62,4.4,1,141040.4,274.9,1.216,0
2049.4,66,4.9,2,175176.37,275.0,1.165,0
9383.3,76,9.8,0,253760.55,232.0,0.772,0
13385.9,69,7.8,0,214936.93,302.1,1.191,1
19789.2,36,3.9,1,135823.41,222.7,0.897,0
11430.9,121,6.8,0,189292.34,234.9,0.946,0
10678.5,124,5.9,1,182160.35,243.8,1.067,0
12713.4,68,2.0,2,106938.88,294.9,0.925,0
13459.5,65,9.0,0,245714.08,242.7,0.907,0
6218.3,64,8.4,1,250702.98,313.8,0.915,0
7939.4,119,8.0,0,212522.9,202.3,1.134,0
3003.4,75,6.0,4,240541.7,240.0,0.906,1
7204.1,61,3.0,0,87324.19,267.2,0.95,0
5299.9,29,9.0,1,259545.62,271.5,0.992,0
6181.1,131,4.2,0,129600.68,304.6,0.784,0
31985.7,43,1.2,1,68538.28,206.3,1.013,0
19144.8,28,9.8,1,281908.48,263.5,1.122,0
5382.2,106,8.8,0,235117.08,202.5,0.987,0
4508.8,74,6.6,2,218686.0,298.7,0.931,0
7476.8,257,1.1,1,62804.25,232.9,0.87,0
4402.9,25,3.0,0,97906.66,309.6,0.935,0
12517.8,48,5.1,1,160119.27,261.3,0.963,0
12391.3,106,6.7,1,202152.92,267.4,0.829,1
6120.0,72,7.4,4,273012.21,419.4,0.862,1
15801.4,82,8.1,0,216449.59,320.6,0.898,0
15810.9,82,6.0,0,162334.05,301.4,0.831,0
6999.6,18,6.9,0,192418.72,261.0,1.005,1
5987.7,86,8.3,0,221023.18,239.3,1.059,0
8345.5,116,7.5,2,242464.64,231.9,0.924,1
14724.1,38,9.6,2,300611.71,343.7,0.941,0
30495.9,40,8.9,0,241431.62,224.4,1.085,0
14523.1,54,2.5,0,81849.14,294.6,0.974,0
5080.1,28,9.5,0,250288.5,227.0,1.09,0
12908.2,35,2.8,2,123416.4,209.1,0.807,0
11445.9,77,9.9,0,263363.94,236.7,1.001,0
11054.1,155,7.3,2,235634.18,303.9,1.103,0
4488.7,50,6.6,2,222386.07,325.0,1.31,1
12887.6,196,3.9,1,138942.34,275.0,1.163,0
10530.6,49,2.2,1,80934.5,253.9,0.927,0
4937.0,123,2.1,1,97325.62,295.6,0.804,0
26221.0,42,8.8,1,251786.29,251.5,0.962,1
4594.5,94,4.9,2,187735.98,239.1,1.131,0
13866.4,180,6.0,1,186113.44,208.2,0.884,0
9776.4,108,9.4,1,273972.44,327.3,0.976,0
8621.8,67,3.3,2,138756.19,230.4,0.899,0
21112.2,64,7.9,1,232615.37,204.6,0.991,1
17836.8,95,5.2,0,155192.23,249.2,1.028,0
9800.1,114,2.9,0,98877.74,314.9,1.094,0
6347.7,122,8.7,0,235583.79,305.6,0.883,0
8024.5,78,7.1,0,193300.58,250.8,1.095,0
8996.9,92,1.9,0,60084.26,235.2,1.02,0
18010.7,41,5.9,0,172380.88,395.1,0.864,0
13270.1,100,8.7,1,248137.94,216.4,1.028,0
18344.6,42,1.6,1,78694.21,263.1,1.005,0
4378.0,83,4.7,2,177298.92,223.3,1.097,0
19214.3,58,8.2,2,258583.96,314.3,0.908,0
22825.5,169,8.7,0,241234.71,315.8,0.907,1
6631.2,77,8.0,1,237030.73,200.5,0.837,0
16755.5,180,3.8,2,148484.61,275.2,0.759,0
21778.7,72,5.6,1,169874.32,121.5,0.968,0
7520.2,198,7.7,2,244808.77,269.6,0.972,1
5255.7,103,2.4,1,93527.53,97.0,0.788,0
12218.7,19,6.4,1,200466.06,282.2,1.066,0
2917.5,59,7.5,0,208312.09,244.0,1.077,0
19070.9,45,8.6,0,232090.46,177.7,0.777,0
6092.1,29,2.0,0,61764.14,294.1,0.934,0
9206.6,44,4.0,1,140553.08,264.6,1.06,0
15823.5,51,5.9,1,189778.04,206.7,1.039,0
14659.4,20,7.3,0,207735.77,305.2,0.899,1
15558.6,66,7.6,0,210758.93,256.7,1.149,0
6609.8,100,3.3,2,132861.83,285.6,0.79,0
12837.6,261,1.1,2,80794.92,241.9,0.925,0
17312.4,159,7.2,1,207681.76,251.7,1.118,0
7372.9,64,9.2,0,250171.23,354.5,1.013,0
27292.0,76,8.2,1,245528.61,226.6,0.942,1
9455.1,106,6.6,1,198474.34,278.0,1.238,0
2747.0,68,9.8,2,296695.14,278.5,0.943,1
9424.5,78,4.9,2,165409.02,191.3,0.799,1
21617.4,44,5.7,1,183393.28,279.1,0.844,0
5846.1,74,1.1,0,53523.61,164.8,1.183,0
5541.2,81,9.5,0,257421.24,382.5,0.809,1
13436.6,30,6.3,3,226691.62,345.5,1.143,0
5235.4,105,4.5,1,146548.04,142.6,0.954,0
5090.2,108,1.4,0,52374.97,327.9,1.234,0
6319.9,111,4.3,0,130326.29,265.7,1.072,0
24778.2,44,1.0,2,79320.01,171.7,1.006,0
14286.3,180,3.9,1,130572.38,152.8,0.781,0
11086.1,59,9.6,0,269117.47,257.7,0.925,0
6581.2,32,2.4,0,73533.84,359.5,1.119,0
17195.4,172,5.9,0,162174.17,401.9,1.234,0
15116.6,37,2.7,0,82657.05,277.4,0.808,0
25766.3,91,8.1,1,239829.8,200.0,0.9,1
5797.7,49,6.1,1,187771.73,370.7,0.85,0
5325.0,23,2.8,1,105789.32,204.3,1.011,0
2806.0,36,8.8,0,239542.63,239.8,1.083,0
14484.1,160,8.1,0,215627.92,300.9,0.945,1
12340.4,76,9.6,0,260532.89,339.2,0.975,0
8419.6,53,1.0,1,67160.76,191.6,1.095,0
2763.3,62,5.1,0,144331.92,258.8,1.055,0
23038.8,33,10.0,1,288837.11,299.2,0.837,1
11966.7,41,8.3,1,244176.2,115.4,0.863,0
20523.3,123,8.5,1,252524.62,148.8,1.098,1
21622.4,86,6.6,2,220224.01,161.6,1.02,0
14243.8,74,7.4,1,228022.3,275.8,1.07,0
15453.7,66,8.2,0,238106.0,295.9,0.785,0
7221.1,20,1.8,2,105026.98,332.4,1.113,0
11404.3,69,7.2,1,222901.68,279.8,0.927,0
18630.5,123,8.3,0,225900.97,401.9,1.058,0
6332.2,49,1.4,0,50897.03,298.0,0.989,0
17893.1,70,3.7,1,130538.43,340.5,1.118,0
17250.6,11,3.9,0,111874.49,317.4,1.05,0
16996.1,152,8.7,0,242293.36,276.4,0.948,0
10940.3,181,8.0,0,223982.08,356.6,0.913,0
6645.7,180,6.9,0,189583.33,300.2,1.001,0
27206.5,22,8.2,0,228773.88,224.9,0.937,1
22255.2,129,5.1,2,193723.07,271.9,1.206,1
11095.5,7,8.9,0,242656.18,240.6,0.866,1
12352.0,133,3.1,0,101000.68,213.6,1.01,0
9085.1,73,7.3,0,204671.79,219.0,0.897,0
2957.1,58,3.2,2,136644.13,297.7,1.164,1
10132.8,128,1.4,2,89392.59,177.2,1.106,1
14312.0,79,3.6,0,119235.54,276.5,0.785,0
7507.2,41,5.4,0,145737.43,229.2,1.015,1
8799.6,112,8.6,0,236760.95,199.8,1.015,0
8750.4,149,5.6,0,158423.67,254.6,0.948,0
11494.1,123,2.6,2,126807.9,268.7,1.016,0
9312.7,127,9.9,0,273716.66,382.4,1.068,0
6119.5,33,3.4,1,127583.92,198.3,1.046,1
11471.2,52,9.9,3,316257.79,278.4,0.786,0
13890.6,87,9.4,1,280419.02,287.8,0.733,0
12095.8,170,5.9,0,164959.58,254.2,0.591,1
2774.2,42,1.8,0,71608.7,346.4,0.954,1
15390.9,164,7.3,0,203045.98,275.2,0.899,0
4956.6,18,8.6,0,236338.58,312.7,1.003,0
13756.6,152,5.0,1,161213.57,222.2,0.915,1
14103.8,144,3.2,0,88401.46,185.5,0.954,0
3755.8,224,8.2,0,235242.25,248.6,0.985,0
17559.9,133,5.9,1,187556.5,247.7,0.732,0
27050.2,92,2.8,1,105371.29,238.8,1.092,0
8961.6,58,9.5,1,279135.95,276.9,0.972,0
13758.2,53,9.5,0,256321.62,232.3,0.829,0
8038.1,71,4.3,1,141193.48,233.8,0.958,0
4909.7,55,1.6,0,56073.19,347.0,0.842,0
18508.0,112,6.7,1,202501.04,202.0,1.056,0
13956.1,131,3.9,0,113555.22,340.1,1.047,0
6925.8,40,1.6,1,78870.19,311.3,0.981,0
5059.7,135,9.0,1,269550.83,328.4,0.979,0
27872.0,96,10.0,1,289352.71,328.4,1.126,0
4202.2,61,4.2,0,122996.4,253.2,1.094,0
15078.0,150,7.7,1,219268.95,219.2,0.787,0
11855.8,44,1.6,1,80018.25,241.4,0.916,0
16528.7,29,4.3,0,124599.76,259.6,1.073,1
23839.4,43,2.0,1,88692.13,189.7,1.118,0
1319.2,52,1.5,1,77601.37,284.5,1.261,0
5457.3,146,6.3,1,193762.03,235.2,1.082,0
9941.4,142,8.2,1,239270.8,270.9,0.773,0
24892.7,77,5.1,1,166564.95,248.5,0.958,0
8260.7,15,5.7,0,156923.39,315.5,1.094,0
7292.9,46,3.4,2,153280.01,292.2,0.779,0
1983.8,211,7.6,0,210928.67,223.2,1.036,1
6844.3,126,4.2,1,147054.82,265.2,0.918,0
14782.3,14,1.6,1,77614.72,129.7,1.057,0
9980.1,9,2.5,0,78184.32,233.3,1.095,0
6733.5,122,2.2,1,101599.03,276.3,0.868,0
28065.0,167,4.9,1,155183.32,202.4,1.201,1
8933.3,35,1.6,1,77570.85,305.8,0.763,0
11493.3,45,8.3,1,243178.0,182.2,1.066,0
6464.8,139,9.2,1,265157.48,278.4,1.147,0
4884.6,61,3.2,0,97273.28,250.8,1.025,0
15916.8,67,5.4,1,170384.75,325.5,0.903,0
3234.7,65,5.7,1,182263.58,226.6,0.973,0
14062.7,82,9.9,0,267744.46,249.3,0.842,0
935.4,93,1.6,1,79573.92,339.7,0.91,0
12928.6,222,7.0,1,211530.99,340.6,0.977,1
5228.4,58,4.1,4,198944.24,145.8,1.016,0
5997.7,67,5.5,0,150082.35,171.4,0.978,0
8977.3,32,3.0,0,92962.62,344.2,1.048,0
4616.2,81,2.4,3,133681.68,329.9,1.008,0
2614.3,146,3.2,0,98427.88,308.7,0.949,0
9541.6,44,1.6,1,77646.65,253.6,1.104,0
16379.0,40,3.5,1,124643.03,258.6,0.978,0
12213.7,138,7.2,0,203281.04,172.0,0.848,0
19762.1,93,6.9,1,207142.22,234.0,1.009,0
2880.3,40,6.0,2,203504.55,313.7,0.78,1
8298.9,84,1.0,3,105082.85,253.2,0.838,0
10891.7,37,2.1,2,114046.43,315.4,1.121,0
6001.5,60,8.6,0,234872.05,323.2,1.26,0
11178.1,64,3.4,0,107002.75,317.5,1.091,0
19155.2,136,9.2,2,278688.42,287.1,1.083,1
14297.5,108,8.9,0,240644.47,243.8,1.023,0
20704.4,142,2.4,0,82974.59,274.2,0.839,0
12625.0,59,9.1,3,304123.29,200.7,1.143,0
10013.8,102,6.7,0,180724.6,162.4,0.996,0
23987.0,20,6.7,1,197894.19,272.0,0.89,0
11447.0,39,8.7,1,258277.67,224.3,1.184,0
26907.5,28,4.6,1,159316.54,218.8,1.249,0
17782.9,124,7.6,1,232106.57,250.2,0.745,0
6904.7,199,7.0,1,223291.94,312.7,1.103,0
9409.4,66,7.9,0,225381.59,330.1,1.014,1
23870.3,107,6.9,1,207837.3,204.0,1.056,1
19766.1,105,1.7,0,69708.07,377.8,1.189,0
16239.2,187,3.6,0,106891.87,284.4,1.054,0
15241.2,60,9.5,1,276339.35,293.1,0.99,0
4310.4,80,3.0,0,88914.93,201.1,0.882,0
5040.4,40,5.3,2,192555.41,257.0,0.999,0
12266.4,31,4.2,1,141008.75,254.1,1.057,0
6083.9,115,1.8,0,76045.81,154.6,0.753,0
9022.8,46,2.6,1,105520.41,257.7,0.919,0
8626.9,48,3.6,1,127451.37,308.0,1.003,0
14804.4,100,5.2,1,162979.93,228.3,0.943,0
12547.6,63,8.9,1,262146.68,214.8,1.195,0
18912.5,117,5.6,2,198868.73,323.8,0.823,1
12688.0,118,6.9,2,224682.33,271.8,0.758,0
12127.2,85,4.8,0,148978.36,256.1,1.242,0
10662.7,79,8.8,1,255468.05,270.0,0.984,0
20547.7,196,7.0,1,204878.62,294.3,0.89,0
10732.3,69,1.8,1,82767.3,312.3,1.13,0
6770.9,122,5.3,0,152515.61,320.1,0.956,0
15664.2,37,8.4,3,283867.01,285.8,0.986,0
9950.9,77,7.6,1,231396.0,337.8,1.001,0
17659.6,122,9.1,0,249522.87,150.7,1.129,0
21780.5,41,3.0,1,121352.47,325.6,1.014,0
9421.5,72,9.8,1,288805.62,247.8,1.129,0
21346.9,76,3.6,0,112856.22,190.7,1.095,0
17918.8,43,1.5,1,78154.1,323.3,0.865,0
7551.0,48,5.5,0,148801.85,262.9,1.033,0
6160.3,36,2.0,0,73850.98,316.3,0.905,0
5828.7,13,7.1,1,220033.3,245.5,1.089,0
4958.3,38,9.1,0,255587.45,282.0,0.974,0
20194.5,84,9.3,1,267375.49,251.0,0.99,0
9504.1,49,6.5,0,178011.06,261.9,0.812,0
25901.0,72,5.8,0,163551.15,226.2,0.943,0
6977.8,79,9.9,2,304722.58,189.3,0.805,0
7836.2,65,6.2,3,224312.97,198.7,0.867,1
14401.9,121,9.3,0,246954.36,274.1,0.949,0
25155.0,238,9.2,1,266300.13,227.4,1.093,1
7618.7,38,3.6,1,121039.53,292.9,0.793,0
16783.8,136,1.1,1,57328.36,252.1,0.808,0
10706.8,43,5.0,0,140434.22,231.8,1.101,0
14500.9,95,8.8,0,239217.72,365.0,1.025,0
6393.4,28,8.5,1,249947.77,223.5,1.111,0
15803.4,91,6.4,1,202600.69,270.7,1.057,0
9043.8,57,2.4,0,72580.0,364.4,1.05,0
8066.2,56,2.0,0,73777.2,316.0,0.954,0
10453.4,84,9.6,2,294560.85,279.0,0.872,0
15012.2,35,4.8,1,165686.94,219.0,1.125,0
9677.3,35,6.8,1,209576.53,137.9,1.036,0
8115.7,59,9.2,1,266535.05,104.3,1.087,0
9872.6,134,8.8,0,239590.21,236.8,1.223,0
9727.5,60,6.1,3,227850.75,363.4,0.965,0
14319.1,240,5.4,1,177951.1,213.8,1.06,1
8444.4,282,7.6,0,214514.02,199.2,1.046,1
8314.4,71,4.1,2,160978.76,245.7,1.077,0
6429.9,192,6.6,3,238857.3,268.0,1.1,1
14847.6,39,1.2,0,51058.33,276.8,0.834,0
11589.2,77,8.4,2,277272.69,329.5,0.999,0
20477.1,87,10.0,0,272859.89,207.5,0.919,1
19025.1,108,9.6,1,283202.49,336.3,0.908,1
12264.2,25,4.2,0,129174.32,299.1,1.113,0
10066.8,83,5.8,1,184644.46,224.4,1.098,0
10727.1,159,3.1,1,103513.87,205.0,0.912,1
7275.0,12,3.7,2,144269.62,180.6,0.981,0
6473.9,41,5.1,1,166226.13,329.9,1.164,0
5890.5,161,7.7,1,231527.08,241.5,0.992,0
9568.4,49,1.2,0,50454.12,241.3,1.039,0
1492.4,81,4.5,0,136746.63,274.6,1.099,1
24611.8,97,6.0,0,163816.54,193.4,1.083,1
28607.4,41,2.9,0,94470.67,351.2,0.904,0
5471.5,31,1.7,1,81352.56,279.8,1.295,0
28357.6,65,5.9,0,168882.04,278.1,1.103,1
5522.5,143,6.7,1,200379.6,254.3,1.068,0
10762.9,83,6.8,3,243522.36,177.7,1.124,1
13393.2,32,4.2,2,151342.23,323.6,1.047,0
11326.6,122,3.1,0,90605.04,396.2,0.992,0
7605.2,33,3.0,0,104110.62,209.0,0.911,0
7376.1,96,1.4,0,53460.95,204.4,0.856,0
16888.7,67,2.7,0,81110.17,208.9,0.862,0
20812.6,55,8.4,3,273880.41,216.1,1.086,0
3057.9,62,1.0,0,44386.79,347.7,1.182,0
12398.9,68,1.4,1,81118.88,199.1,0.887,0
15077.9,73,2.1,4,145275.13,401.5,0.945,0
11902.2,87,4.8,0,142208.59,372.3,0.98,0
4179.3,134,4.0,2,152241.4,308.4,1.18,0
14405.9,208,2.6,0,80900.21,295.9,1.04,0
19249.2,74,2.0,0,70363.78,312.9,1.084,0
6363.9,125,9.4,0,255230.36,227.9,1.168,0
7552.2,80,9.2,1,267274.15,191.6,0.915,0
12027.4,60,7.9,1,237830.68,268.0,1.075,0
10234.9,89,3.3,2,141205.97,179.4,1.048,0
7577.7,24,3.9,0,107562.94,216.2,1.034,0
4867.7,37,7.0,2,228306.78,307.2,0.943,1
7985.0,30,3.6,2,150005.98,285.4,1.124,0
2206.4,86,5.8,4,233245.28,345.0,1.002,0
15229.3,15,6.9,0,198931.1,243.2,1.054,0
6844.9,27,5.7,0,165309.47,366.8,1.15,0
16626.2,19,4.7,0,133928.44,221.0,0.78,0
9320.7,75,4.1,0,120342.7,315.2,0.891,0
11615.2,54,8.0,0,218128.28,270.5,0.934,0
3484.5,63,7.7,0,207017.4,326.8,0.959,0
15875.1,96,7.3,0,198973.88,216.8,0.959,0
37842.1,70,4.4,0,124269.52,313.8,1.047,0
8476.8,58,8.0,0,218477.04,289.2,0.967,1
11486.9,15,9.6,0,262792.15,209.4,1.003,0
12350.5,96,7.2,4,274805.29,396.5,1.208,0
4435.1,14,4.7,2,173776.35,253.6,0.985,0
5312.8,84,8.2,1,232531.02,312.1,0.872,0
14582.6,361,6.5,1,201372.68,298.3,1.08,1
6366.4,106,8.9,1,258120.39,187.8,1.027,0
9271.4,46,7.4,0,206166.27,320.1,1.361,0
11631.1,130,7.9,2,250346.65,189.9,0.94,0
14883.5,228,7.0,1,208693.12,236.3,1.072,0
9583.3,144,1.8,0,64260.87,281.7,1.011,0
9737.3,173,5.4,0,159368.6,264.6,1.106,0
34544.8,39,1.5,2,77437.42,299.0,0.952,1
18152.1,55,5.0,1,166879.94,121.6,1.192,1
8623.9,116,7.4,0,211782.66,175.9,0.945,0
9806.9,69,4.8,1,147830.42,302.1,1.338,0
27414.7,37,1.0,0,43438.68,251.4,0.895,0
14913.9,107,4.3,2,159821.09,283.2,0.895,1
19484.5,116,1.6,1,74777.91,287.6,0.789,0
8487.7,60,8.0,0,219289.66,203.0,1.289,0
7880.4,32,8.1,1,240080.48,184.2,1.07,0
23754.6,53,8.3,0,224213.5,308.7,1.129,1
10258.5,56,1.3,2,79702.7,220.1,0.95,0
10161.5,80,1.3,0,46305.36,276.2,0.954,0
8143.1,28,9.1,0,247259.34,256.4,1.21,0
19052.7,66,2.1,1,90646.22,195.6,1.081,0
11982.3,50,7.0,0,192919.65,233.5,1.297,0
5090.2,108,8.2,1,235197.79,324.7,1.297,0
7577.9,469,5.0,0,141277.99,275.0,1.042,0
21323.8,83,5.9,1,186116.93,244.0,1.137,0
12150.7,71,3.0,4,159335.46,288.3,0.774,0
19160.9,95,9.3,1,269637.63,347.0,1.054,0
13479.7,118,3.7,1,120753.3,263.2,0.942,0
5568.0,6,3.0,0,88510.48,391.6,1.015,0
14332.3,71,5.7,0,168365.68,284.1,1.002,0
10406.2,127,2.7,2,118530.28,246.9,0.998,1
7712.2,20,7.2,0,207403.15,287.0,1.201,0
8138.1,83,5.6,1,178357.51,400.6,1.023,0
18886.4,135,2.3,2,121959.36,347.2,0.874,0
12391.7,224,1.6,1,66596.83,179.8,1.024,0
11882.0,89,2.2,1,101166.8,174.5,0.963,0
25093.2,107,2.2,0,74939.67,247.6,1.137,0
6913.6,101,3.8,0,114497.28,397.0,0.939,0
10108.3,24,8.5,3,282251.34,274.1,1.09,0
7293.1,277,1.5,1,74840.85,221.2,1.043,0
14172.4,94,2.2,1,93519.62,386.4,1.061,0
12008.1,64,3.7,3,162210.03,324.3,0.868,0
8594.4,161,6.0,0,164944.93,244.9,0.956,0
9259.1,43,7.9,0,218277.68,227.4,1.059,0
17835.2,102,9.3,1,270065.77,323.1,0.915,0
20444.6,60,4.7,0,125785.4,205.4,1.112,0
7555.7,42,2.0,0,71917.01,232.4,1.008,0
38755.5,76,2.9,0,96604.1,270.8,1.162,0
4347.8,83,3.6,0,102556.23,233.1,0.862,0
5420.2,69,8.1,1,234563.2,208.1,1.175,0
9010.7,294,7.2,0,193603.21,284.4,0.989,0
6674.5,83,2.9,1,117120.48,271.6,1.009,0
6159.9,58,8.5,1,247900.0,276.4,0.994,0
20164.2,81,8.7,0,240262.89,141.9,1.077,1
14468.6,117,8.9,0,249007.08,328.5,0.772,0
11284.0,98,3.5,1,128169.17,147.2,0.974,0
7738.3,192,2.2,3,128600.79,279.8,0.811,1
5573.5,89,1.9,0,72901.3,398.2,0.978,0
5402.5,11,4.6,0,126296.26,315.7,0.997,0
20108.8,83,4.9,0,144090.2,243.7,1.096,0
19649.2,84,8.8,1,256916.94,230.4,1.162,0
9140.0,139,3.4,0,103715.85,254.4,0.966,0
4097.7,15,6.6,1,204772.81,330.4,0.79,1
15185.8,105,8.1,2,264346.98,297.6,0.995,1
9160.5,126,3.4,1,128414.45,262.8,0.785,0
18267.1,84,3.4,1,121456.4,322.8,0.769,1
5343.8,120,7.0,1,214695.11,183.1,0.921,0
11231.4,37,7.5,0,203728.23,225.4,0.797,0
5021.8,131,9.6,1,277141.11,230.6,0.863,0
6792.4,33,8.6,2,273636.2,327.7,1.063,0
6688.9,49,8.4,0,230726.52,276.6,0.918,0
9053.3,113,7.2,2,238529.86,408.9,1.102,1
21064.4,239,2.1,2,108709.73,310.2,1.094,1
11576.4,213,8.3,0,224451.14,218.7,1.022,1
16596.0,94,9.4,1,270175.57,318.4,0.945,1
11162.0,21,4.5,1,149266.76,219.0,1.039,0
8307.4,50,3.8,1,134978.17,235.3,1.217,0
2490.0,61,5.7,0,163657.52,255.2,1.048,0
5535.5,7,9.6,2,298369.72,279.9,0.989,0
10668.1,32,1.5,0,56575.34,273.3,0.992,0
11784.6,134,7.4,0,204293.36,273.1,1.013,0
18303.8,205,8.3,0,224420.34,201.5,1.013,0
3376.7,148,8.1,2,259321.43,259.8,1.043,0
31335.5,52,6.1,1,196216.7,278.7,0.811,1
2466.5,116,9.3,1,264307.58,311.9,1.152,1
10265.9,74,2.2,0,76700.41,232.0,0.994,0
7395.2,32,3.2,0,105031.77,94.9,1.138,0
5601.4,91,3.8,1,127431.0,327.3,0.714,0
24227.9,110,1.1,0,47848.1,294.1,0.778,0
7584.0,37,4.3,0,126843.91,180.0,1.14,0
3189.7,25,2.4,0,75974.23,171.4,0.999,0
4541.6,53,7.5,1,225828.76,299.7,0.936,0
19561.3,162,4.7,1,157926.61,241.9,0.93,0
4696.8,123,7.3,0,206950.34,174.8,0.999,0
3906.9,56,3.6,2,147699.97,196.1,1.277,0
11915.1,40,2.2,0,68337.73,251.5,0.659,0
9014.1,74,2.2,0,80688.03,214.5,0.864,0
13872.0,31,2.8,1,103780.42,230.0,0.874,0
8330.5,85,2.0,2,101082.55,264.6,1.149,0
16030.4,66,3.0,2,133021.2,322.8,1.165,0
4237.1,7,6.2,0,179300.73,294.6,0.978,0
3683.0,58,3.3,0,97609.74,273.5,1.095,0
12558.7,8,4.1,0,116193.89,344.8,0.933,0
9022.2,89,1.5,2,98433.84,203.6,1.154,0
8051.5,29,9.0,0,232461.14,256.4,1.05,0
15181.1,18,2.2,1,85273.83,223.8,0.967,0
33846.9,62,4.1,0,124942.65,252.0,0.709,0
3750.2,58,4.4,0,125751.59,257.3,0.957,0
21497.4,91,7.9,0,217286.29,221.5,0.955,0
15554.4,30,5.4,1,163326.32,237.6,0.995,0
7831.0,174,4.4,0,132059.08,300.3,1.011,1
25241.3,119,7.3,2,234215.07,253.4,0.953,1
4560.0,178,6.4,0,180543.3,85.9,0.944,0
13591.2,65,1.7,1,86509.13,301.8,1.111,0
9494.6,37,3.8,0,123748.43,292.7,0.808,0
7831.9,205,9.8,0,269873.9,183.5,0.888,0
5018.9,117,5.4,1,172420.67,351.2,0.946,0
41423.2,61,4.8,3,195127.98,245.1,0.889,1
7790.5,72,2.3,2,107804.18,320.7,1.052,0
1749.0,53,8.6,1,252811.74,262.5,0.889,1
17024.2,137,2.2,1,90289.01,230.8,0.941,0
12908.7,96,1.9,2,107711.63,283.3,1.099,0
8944.0,104,5.0,1,160635.38,228.6,1.094,0
8422.6,34,4.9,1,166641.4,250.8,0.98,0
10145.1,67,9.8,1,274537.76,165.7,0.991,0
17106.3,84,2.1,1,94796.72,241.8,0.919,0
13015.9,19,5.4,1,176833.11,186.0,1.113,0
14278.2,95,2.8,1,107674.23,259.6,1.002,0
14273.8,78,7.3,2,238100.65,290.2,1.076,0
17549.6,129,4.5,0,132533.01,263.2,1.013,0
20468.7,144,6.8,0,193624.67,315.7,0.992,0
6885.6,234,4.0,4,199506.96,378.7,0.759,1
11906.6,82,6.1,1,188070.99,253.4,0.862,0
19927.2,58,5.2,1,172425.9,264.6,0.959,0
6852.2,30,4.4,0,126432.58,220.7,0.787,0
22492.1,26,5.8,0,166317.83,146.5,0.903,0
6812.2,71,4.5,0,129543.73,268.1,1.024,0
13298.2,24,8.3,1,246387.23,300.9,0.827,1
9041.8,28,5.5,0,156224.4,261.1,1.101,0
8145.5,73,9.1,2,279112.9,210.9,1.215,1
13868.2,55,3.0,2,127122.68,201.9,1.013,0
20563.8,36,2.0,0,73610.27,184.2,0.945,0
8908.1,57,4.4,0,126971.29,253.6,1.091,0
21609.5,121,2.7,0,80908.65,199.9,1.072,0
6649.3,96,4.5,1,154433.7,329.5,0.929,0
20733.5,140,2.9,1,113417.65,305.4,0.933,0
11372.6,65,8.8,0,235755.37,322.9,0.944,0
12826.4,53,6.1,0,168461.36,336.6,1.116,0
4914.5,81,5.5,0,158074.48,237.3,0.888,0
7933.2,28,8.1,2,262196.31,310.0,1.051,0
10485.0,61,2.2,0,71829.15,244.6,1.002,0
19286.6,57,8.7,1,253913.81,245.3,1.058,0
9363.7,322,5.3,1,167605.65,247.9,0.933,1
6304.3,157,2.2,1,100791.19,210.7,0.951,0
12214.1,112,8.4,1,247099.2,251.6,1.078,0
29320.1,98,5.1,0,149384.58,252.5,0.836,0
13009.1,194,6.4,0,179542.19,300.3,0.887,0
9296.7,97,9.0,1,262447.22,246.8,0.68,1
12276.0,41,9.0,1,267055.08,227.4,1.174,1
6019.6,39,9.0,0,245787.93,301.4,0.985,0
23267.8,123,4.8,3,196869.49,205.7,0.977,0
23042.9,109,7.7,1,235758.26,252.0,1.088,0
5860.1,97,3.1,0,94923.18,299.6,0.956,0
22720.3,144,8.5,1,245764.41,309.5,0.908,1
12350.1,139,4.1,1,136015.18,338.9,0.994,0
15733.5,16,5.2,2,171347.0,284.0,1.108,0
10616.6,66,9.0,1,270978.17,266.9,0.992,0
11102.2,104,8.3,1,243938.82,355.5,1.013,0
7203.7,167,9.6,0,266008.38,210.1,0.93,1
5921.0,114,4.3,1,152351.04,307.1,0.986,0
5714.5,124,2.4,0,82339.85,267.7,1.138,0
19612.3,31,9.2,2,284140.9,130.8,0.882,1
11870.9,22,5.4,1,174970.1,355.9,0.936,0
6100.6,94,9.0,1,262667.04,211.5,1.198,0
11301.7,53,7.6,0,213304.39,430.9,1.015,0
3325.2,105,8.9,0,249309.07,269.2,0.82,0
6021.2,46,6.9,2,232741.94,202.8,1.255,0
20697.7,52,8.3,0,234572.8,308.1,0.879,0
7694.0,122,2.1,1,87575.32,236.8,0.676,0
19279.5,76,9.7,0,263011.39,263.9,0.925,0
10098.5,44,2.6,0,85948.03,293.4,0.87,0
15793.4,68,1.2,0,57444.87,266.5,1.086,0
5065.2,111,5.8,1,182367.36,260.8,1.167,0
14446.3,72,7.4,0,205097.83,230.1,0.993,0
2022.9,103,7.4,1,221258.41,130.7,1.053,0
8143.6,62,4.1,3,176451.77,283.3,1.012,0
21321.4,158,7.8,0,216146.33,294.0,1.155,0
10878.8,67,8.6,0,236525.71,383.4,0.965,0
5828.6,50,6.5,1,203728.78,310.0,0.811,0
20327.3,183,4.5,1,148092.69,198.9,0.979,0
31317.9,76,6.5,0,188332.69,137.2,0.662,0
9144.0,102,8.8,1,250487.93,120.1,0.913,0
3504.9,50,9.1,1,274627.11,262.9,0.909,0
10971.4,100,1.3,0,40821.31,297.5,0.847,0
16344.7,111,2.1,2,99181.36,285.6,1.123,0
9454.1,41,1.0,0,48154.07,279.9,0.963,0
2260.1,129,5.4,1,168632.97,343.2,1.057,0
15408.3,70,4.9,1,160884.13,283.5,0.974,0
6675.9,129,5.9,0,168446.24,203.7,1.024,0
8069.8,45,7.2,1,225708.7,226.3,0.878,0
3632.1,52,4.3,2,168686.09,287.6,0.993,0
1608.7,84,2.9,0,85633.0,272.7,1.184,0
4940.8,39,4.6,2,157091.15,257.5,0.849,0
7627.6,86,1.1,0,48524.45,232.1,1.223,1
7523.0,95,8.5,1,252692.24,206.0,1.161,0
23863.6,84,4.5,1,149562.81,361.1,0.965,0
5376.2,80,6.6,0,183734.69,204.7,1.076,0
18358.1,33,3.9,1,134290.96,224.8,1.04,0
11631.2,25,6.5,0,177813.04,263.2,0.859,0
25812.3,73,5.9,0,158007.35,282.1,1.032,0
10197.1,18,2.9,0,86920.26,274.5,0.991,0
2460.3,15,6.6,0,182039.1,163.9,0.929,0
9655.1,51,2.0,0,86400.06,282.6,1.097,0
1689.2,38,5.3,0,154132.4,327.3,0.91,0
4876.2,97,7.5,3,259364.84,276.5,0.93,0
9747.1,73,5.9,1,187577.76,384.3,0.84,0
9891.4,95,7.7,0,216948.21,345.7,0.947,0
18005.9,127,3.5,1,124601.52,240.3,1.189,0
13755.9,160,1.4,0,56556.62,228.9,0.909,0
24405.1,118,1.5,0,63433.26,199.6,1.107,0
17994.4,83,3.4,0,117209.11,263.2,0.978,0
16745.7,36,4.7,0,134456.84,281.4,1.013,0
29872.8,151,5.8,1,174984.03,331.4,0.789,1
17496.9,31,7.8,1,228356.07,259.7,1.11,1
22124.2,130,8.6,0,230079.51,214.8,0.936,1
3340.2,170,7.2,0,200850.77,328.1,1.015,1
8781.7,99,5.2,0,147289.99,190.5,1.043,0
13421.9,37,3.4,0,113299.75,287.8,1.077,0
11163.3,54,4.9,1,157966.65,273.5,0.952,0
6520.9,88,3.5,1,125944.04,267.5,0.746,1
16860.5,43,6.6,3,231817.01,244.2,1.169,0
19171.9,13,8.4,0,224951.2,332.9,1.181,0
10147.4,82,5.7,1,166802.7,281.2,0.879,0
9064.1,97,1.4,2,95705.71,286.7,1.049,0
7738.2,104,9.5,0,264503.02,302.6,0.976,0
17265.0,54,3.6,1,125708.16,176.4,1.172,0
8951.2,76,9.2,1,271892.22,197.6,0.966,0
10954.7,85,8.3,1,254526.45,214.2,0.907,0
20813.6,21,4.7,1,162522.46,265.1,0.867,0
12675.9,52,1.5,0,59210.43,210.3,1.011,0
10956.0,79,9.5,0,260650.45,213.5,0.995,0
7333.4,97,6.9,0,191544.75,247.8,1.242,0
10589.1,179,3.2,0,94658.36,318.9,0.792,0
6653.4,92,5.8,1,190665.7,317.6,0.878,0
12214.2,30,6.7,1,208934.28,298.8,0.854,0
7936.6,41,3.0,1,115025.11,295.4,0.811,1
8601.5,134,1.8,2,88100.83,260.2,0.873,0
10639.2,219,3.4,1,114873.76,276.8,1.107,0
26133.7,35,1.4,2,94304.78,261.8,0.663,0
13286.4,51,1.6,2,89668.48,267.7,0.988,0
4914.4,225,2.4,2,116016.25,274.8,1.192,0
8950.1,193,2.4,1,97069.49,242.8,0.988,1
7448.0,110,3.2,0,94973.08,142.4,0.917,0
7231.5,52,9.4,1,271400.3,303.3,0.967,0
7405.6,34,6.2,1,202365.44,266.8,0.958,0
9110.7,49,4.8,0,140617.45,164.5,1.086,0
6768.1,59,6.1,0,171041.59,303.8,0.938,0
6788.8,60,1.1,1,71028.01,282.3,0.907,0
7466.8,21,9.1,0,242599.85,169.3,0.929,0
7235.6,39,5.8,0,161436.68,365.7,1.301,0
6114.9,81,5.1,1,155343.39,256.8,1.028,0
15016.2,50,9.5,0,263494.3,398.4,1.214,0
8365.2,29,7.6,1,228591.46,329.3,1.222,0
9369.9,36,4.0,1,128996.57,356.7,1.017,0
8927.9,65,9.4,0,248004.43,263.2,1.036,0
7053.8,24,8.7,0,238317.09,272.7,1.004,0
5958.0,163,9.6,0,267146.65,299.8,1.113,1
15861.9,25,1.9,2,98328.27,279.4,1.073,0
6185.7,115,9.6,0,254714.48,300.7,1.064,0
6387.7,217,5.9,1,174624.2,255.8,0.989,1
18574.1,28,7.0,0,190578.91,157.1,0.759,0
7545.8,33,2.9,0,95321.33,233.8,0.919,0
10586.1,66,2.3,2,110694.5,287.9,0.98,0
8662.6,54,1.7,0,67165.28,283.0,1.07,0
10342.9,137,4.8,0,134367.77,380.0,1.103,0
23456.9,63,3.0,0,100034.41,239.0,0.754,0
6662.3,39,1.7,0,56779.37,283.8,0.947,0
15045.4,120,9.6,0,264271.71,302.0,1.108,1
15827.4,59,7.6,1,225784.39,289.1,0.958,0
15165.7,38,5.7,0,162916.29,212.8,1.041,0
22880.2,43,7.7,1,233386.21,286.6,0.977,0
2327.6,27,6.5,1,191643.34,201.1,0.848,0
4094.1,12,2.6,0,80273.15,233.9,0.986,0
5864.4,29,6.7,0,189284.24,250.2,0.793,0
7819.4,64,7.1,1,212890.76,249.4,1.157,0
12331.1,58,3.1,0,96918.64,167.9,0.972,0
6076.6,22,3.9,0,116320.89,257.8,1.048,0
6045.8,39,4.4,3,176130.55,267.9,0.791,0
11217.1,110,6.4,1,192260.32,274.0,0.945,0
14066.8,104,2.1,2,109654.59,244.8,0.925,0
10473.2,78,7.7,2,249321.71,378.5,0.953,0
14473.3,32,4.1,1,151234.16,271.0,0.918,0
3529.5,136,7.2,1,215127.48,234.4,1.094,1
6775.3,66,9.4,0,255010.17,278.9,1.005,0
5687.1,42,8.8,0,237068.61,221.8,1.012,0
7547.4,32,7.6,2,247295.42,317.9,0.997,0
10136.7,116,2.7,0,99253.07,290.7,1.182,1
2955.4,5,7.6,1,232163.24,357.0,0.794,0
7498.3,89,6.7,4,261035.77,319.9,1.011,0
6731.2,52,8.0,0,214614.79,350.1,1.052,0
3766.4,147,8.8,0,234812.79,130.1,1.064,0
14678.7,263,3.8,0,119659.58,198.7,0.717,1
10437.0,43,6.8,2,227651.27,302.3,0.886,0
7581.0,137,3.5,0,98272.37,225.3,1.013,0
25195.1,92,4.1,0,126979.84,352.1,1.081,0
4015.4,86,5.7,1,173588.24,245.6,0.706,0
25979.1,23,4.9,0,148287.82,327.6,0.929,0
9058.5,49,6.4,1,190311.11,289.2,1.097,0
6380.3,134,7.8,0,213493.37,254.8,1.114,0
7707.4,159,6.4,0,184722.98,218.2,1.09,1
8222.8,191,9.7,1,277844.89,279.6,1.031,1
27898.3,50,7.6,1,228505.33,249.8,1.094,0
12368.9,102,9.9,1,284088.29,212.1,1.113,0
5091.6,51,7.7,0,209764.99,175.0,1.127,0
15811.4,81,5.6,0,165952.31,265.7,1.188,0
8270.6,101,4.7,0,142162.23,319.5,1.013,0
1264.5,53,7.6,1,216131.29,277.5,1.157,0
15583.4,106,7.2,0,205942.07,303.4,0.977,0
15820.5,64,7.0,0,192572.8,252.6,0.992,0
8555.9,71,7.5,2,253164.74,212.5,1.203,0
6984.3,23,8.8,0,236899.35,305.4,1.268,0
16732.5,48,3.0,0,92463.29,246.0,1.027,0
6750.4,48,6.1,0,170530.42,263.1,1.078,1
18870.9,277,6.4,0,185163.84,304.3,0.768,1
6858.8,40,3.6,0,109028.24,305.3,0.964,0
9708.0,70,9.9,3,322151.25,266.2,1.076,1
13117.2,41,8.1,3,277942.58,312.8,0.985,1
11562.7,64,3.9,1,132598.68,292.3,1.006,0
6488.4,80,4.2,1,153565.93,293.6,1.018,0
12687.4,35,7.5,4,277142.19,341.1,1.106,1
15377.4,128,1.1,1,61477.96,295.4,0.811,0
5269.5,36,5.2,0,149162.28,369.9,1.202,0
13327.8,20,4.1,4,200516.14,179.2,1.117,0
9521.2,76,8.7,0,235704.87,205.6,1.03,0
5509.4,223,8.1,1,242871.75,231.2,1.0,1
12372.2,15,4.0,0,117885.8,196.1,0.854,0
16375.5,26,8.8,0,243520.43,368.8,1.007,0
7267.9,122,9.2,0,235166.87,355.6,0.828,0
12746.3,40,6.0,0,171470.69,304.7,1.18,0
8228.2,83,2.4,0,80094.14,281.6,1.102,0
14574.3,142,7.9,2,262073.18,198.2,1.046,0
18099.3,117,3.9,1,135789.58,288.5,0.852,1
11992.9,80,5.7,1,179057.94,268.5,0.844,0
15290.6,81,1.4,2,94716.8,311.5,0.867,0
16835.8,80,5.5,2,193941.97,233.6,0.976,0
7234.7,89,4.4,0,130026.94,294.6,1.169,0
8137.7,164,7.2,1,222658.3,320.9,1.087,0
12935.4,31,1.4,2,92876.5,315.2,1.069,0
20372.6,27,6.6,1,203827.63,269.4,0.971,0
4673.3,106,7.9,1,245787.82,342.0,0.984,1
13751.2,45,1.1,0,42291.58,207.9,1.066,0
19434.3,22,7.7,0,214423.16,276.8,1.003,0
9341.6,185,2.2,1,97204.84,294.7,1.025,1
10305.7,86,7.3,1,206886.08,260.0,0.831,0
10161.5,199,5.1,0,134926.88,305.8,1.211,0
9817.4,115,6.0,1,181184.11,322.2,0.846,0
6355.2,60,4.0,1,146162.79,152.7,1.029,0
9567.3,74,3.2,2,142234.67,353.0,0.996,0
6491.5,135,1.6,0,66172.49,229.0,1.083,0
14715.2,21,8.8,0,243474.11,330.8,1.085,1
3186.9,141,6.5,1,201689.35,220.2,1.155,0
16468.3,71,9.8,0,272161.39,289.9,0.922,0
17898.1,64,8.7,0,235350.98,291.7,1.138,0
11499.9,256,8.8,0,237507.38,251.0,1.008,0
24881.0,165,6.4,0,188844.36,233.4,1.08,0
13234.2,39,1.7,3,116595.31,434.1,1.133,0
12347.6,90,9.2,0,253467.67,230.2,1.052,0
3060.9,35,2.1,1,97057.28,350.7,0.818,0
18533.5,101,5.7,1,177663.91,432.9,1.032,1
5897.5,228,8.7,0,241458.68,240.1,1.101,1
5439.8,184,5.3,2,184926.09,165.6,1.015,1
11773.6,98,2.5,0,83218.0,261.0,1.152,0
6513.9,91,4.4,0,136989.21,233.0,1.034,0
9265.3,67,9.9,0,268745.13,301.6,1.138,0
19342.3,238,10.0,1,289266.24,233.6,0.989,1
23277.2,127,7.4,0,202253.88,249.1,1.142,0
7268.3,55,9.0,1,269246.49,257.9,0.947,0
9493.8,80,1.4,1,81307.84,189.0,1.02,0
32062.8,83,3.5,0,109124.17,249.0,0.868,0
23155.9,41,4.3,2,161380.48,256.1,0.977,1
17026.9,83,1.1,0,42396.55,218.9,1.028,0
6503.0,106,4.4,1,144295.95,281.4,0.815,0
7350.0,36,1.8,0,61145.14,329.3,1.169,0
16927.9,144,5.7,1,182902.88,246.3,1.023,1
2728.8,46,1.0,1,53954.88,259.4,1.082,0
18690.2,55,3.4,1,123781.56,245.1,0.995,0
21309.3,45,8.8,1,256037.98,368.1,0.94,0
8669.7,39,2.9,0,98843.16,223.0,0.758,0
23487.6,160,1.6,3,116101.1,220.6,1.083,0
13564.5,178,3.2,2,132920.45,228.4,1.142,0
4914.9,49,8.4,1,248180.8,337.2,1.009,0
11152.1,149,6.3,0,181295.79,342.3,0.848,0
6933.2,23,6.3,1,194792.55,210.6,1.133,0
11991.5,61,1.0,0,33089.68,309.1,1.143,0
4677.6,29,5.2,0,150678.7,237.3,1.037,0
24472.5,250,3.4,1,113461.75,178.7,1.075,1
14596.6,163,4.0,0,119629.29,178.6,1.173,0
8097.3,19,6.4,2,222619.12,251.8,1.077,0
12175.2,41,8.9,3,296779.79,311.8,1.098,0
10389.4,63,2.6,0,86217.71,262.6,1.193,0
24957.2,72,7.9,1,231308.83,269.4,1.048,0
10268.2,27,1.4,0,55548.34,154.5,0.869,0
11770.2,120,3.9,1,133815.89,240.4,1.327,0
4204.1,149,3.0,1,116015.71,246.0,1.154,1
11928.8,94,9.2,1,267603.52,238.2,1.139,1
13277.2,90,2.6,0,86946.78,201.5,0.951,0
5413.2,46,6.2,1,192613.15,376.9,1.026,0
15741.2,60,2.5,1,100463.16,296.8,0.832,0
2509.0,87,5.3,0,149753.42,312.7,0.957,0
9456.2,93,4.7,1,154097.69,268.1,0.963,0
4091.3,75,1.4,1,72204.32,342.5,0.949,0
10882.8,141,8.4,0,227825.9,205.7,0.824,1
8356.6,106,8.0,1,245648.49,313.9,0.838,0
13810.4,150,3.5,1,116824.08,191.3,1.081,0
10184.1,81,6.5,1,205332.23,265.8,1.044,0
13601.0,81,4.3,1,152881.27,263.0,1.15,0
11027.4,132,7.9,2,251975.67,268.5,0.896,1
19204.5,36,7.2,1,217694.13,263.3,1.056,1
17687.6,339,1.8,2,96820.9,131.9,0.992,1
6710.5,45,8.6,0,240453.69,238.3,1.004,0
18397.6,42,2.6,2,125436.9,258.1,0.915,0
13214.4,145,2.6,0,78776.04,232.4,0.781,0
20206.0,110,7.6,0,203106.35,168.6,1.016,0
5547.2,121,2.6,1,102857.14,241.2,0.894,0
4658.9,83,2.1,0,75980.25,299.6,0.895,0
4721.4,38,4.0,0,123499.71,352.4,0.954,0
23445.4,203,8.5,1,251600.76,253.6,1.074,0
20432.0,141,2.6,1,104442.59,248.0,0.801,0
17676.0,50,4.1,1,139393.68,215.5,0.98,1
4309.4,133,3.6,0,106661.68,355.0,0.816,0
17791.6,53,4.2,2,161711.09,218.3,1.11,1
4503.7,59,7.4,0,201487.01,241.6,1.187,0
1288.1,62,4.6,0,141625.87,288.6,1.092,0
8245.8,47,7.8,0,213448.86,318.6,1.127,0
9598.4,82,6.8,1,204823.13,230.5,1.325,0
21873.5,142,4.2,1,135046.65,249.3,0.742,1
5492.6,103,4.9,1,157817.97,247.1,1.027,1
33411.9,120,7.3,0,203701.46,179.6,0.985,1
11945.6,91,5.8,1,175258.77,287.0,1.051,0
9976.8,14,8.8,1,264012.43,224.3,0.935,0
9945.6,282,9.4,0,249651.16,234.3,1.034,1
4644.6,157,7.5,0,206897.51,280.5,1.078,1
8683.0,94,9.9,0,272037.26,265.7,1.062,0
12471.3,34,6.4,1,188257.71,366.4,0.819,0
17999.2,117,1.4,1,66103.41,366.2,1.107,0
8474.1,77,5.5,0,159817.75,347.5,0.923,0
11876.8,88,3.1,2,135694.5,380.8,0.941,0
16475.0,140,4.0,0,107215.55,356.6,0.931,0
8314.4,100,5.4,3,210159.62,161.5,1.074,0
18654.6,177,3.7,1,125619.54,293.2,0.816,0
14665.3,57,3.8,1,133119.57,279.2,1.148,0
17017.7,22,4.6,0,135163.37,276.5,1.265,1
2897.5,75,3.6,2,149745.88,231.2,0.986,0
8936.9,58,2.5,1,97679.92,155.1,0.861,0
7127.6,108,7.9,1,243936.89,227.0,0.794,1
2415.7,42,4.6,0,137772.89,219.6,0.983,0
26996.9,57,8.5,2,266069.5,301.7,0.941,1
17754.2,110,8.9,1,257526.19,243.0,1.098,0
3716.1,66,7.8,0,217724.95,334.5,1.129,0
22303.8,147,4.6,0,134452.08,366.9,0.834,1
10365.8,42,7.5,1,229872.17,210.7,0.974,0
13884.7,32,2.4,1,99476.38,196.6,0.903,0
7260.4,118,7.0,0,181727.67,289.4,1.031,0
18580.4,28,4.7,1,152414.66,296.4,0.704,0
10143.4,17,6.9,1,210781.96,266.7,0.824,0
14329.7,32,7.8,1,223894.0,190.4,0.938,0
19703.2,154,6.1,0,176450.13,280.3,1.076,0
15432.7,51,6.8,0,187615.07,247.1,0.918,0
8354.9,59,2.9,0,86345.84,301.9,1.118,0
10176.1,124,6.3,1,193171.55,246.5,0.858,0
17331.0,140,5.1,2,182412.2,309.8,0.979,0
878.7,126,4.9,0,142923.25,310.1,0.909,0
9051.0,118,4.7,0,141987.3,225.0,1.134,0
10728.4,49,3.8,0,106809.72,304.5,1.18,1
12770.6,84,3.7,1,134310.7,291.5,1.104,0
7262.5,28,7.3,1,214624.05,250.0,1.164,0
10062.7,62,6.0,1,189768.53,331.8,0.984,0
11896.4,20,1.3,3,97929.77,183.5,0.892,0
11770.3,147,1.4,0,60693.37,234.1,0.946,0
11530.6,59,6.1,0,176719.18,329.9,0.858,0
8519.4,82,8.6,0,238470.62,270.9,1.044,0
12221.5,54,1.4,0,58238.9,251.8,0.945,0
21582.6,158,5.6,0,157473.41,243.8,0.88,0
10156.5,26,8.7,0,237638.54,212.3,1.004,0
12129.8,34,1.0,1,62563.14,343.0,0.754,0
10049.4,81,3.5,0,116521.81,271.0,1.03,0
20962.5,83,9.3,0,261071.88,262.1,0.796,0
9070.2,148,1.7,1,77623.23,326.1,1.001,0
5980.0,92,6.5,1,210894.89,327.0,1.026,0
15748.2,83,5.6,0,164482.34,273.9,0.869,0
8797.8,45,2.4,0,88617.07,408.2,0.956,0
15254.8,159,1.4,0,47857.84,177.3,1.014,0
7937.4,69,5.5,0,151960.33,359.4,0.871,0
5119.8,47,7.6,1,234902.77,289.2,1.072,0
10356.3,43,2.6,0,76588.94,305.7,1.198,0
3996.2,82,7.2,1,217260.8,186.4,0.994,0
12608.9,25,5.9,3,225689.65,200.4,1.123,0
16871.6,27,4.2,0,129815.6,253.8,1.032,0
28139.0,27,7.0,0,197478.18,280.1,0.97,1
7726.9,213,2.7,0,92765.01,279.5,1.002,0
6628.2,182,5.1,0,140963.88,250.5,0.973,0
16646.3,40,5.9,0,165725.01,222.1,1.032,0
15994.1,93,5.1,1,170931.75,268.1,1.03,0
16577.9,121,4.6,1,152814.04,151.3,1.131,0
28378.4,102,7.7,2,243248.55,388.9,0.934,0
10741.1,32,6.9,1,215167.54,250.8,0.935,0
31577.3,44,6.8,2,222049.62,212.5,1.118,0
8615.9,92,9.0,0,245008.31,216.9,1.006,0
6984.4,26,9.9,3,322485.91,192.8,0.985,0
6576.2,152,6.1,1,190279.76,322.4,0.711,0
6315.4,31,4.1,1,144724.5,291.0,1.188,0
29133.5,86,8.0,1,240372.26,252.7,0.936,1
20351.9,132,2.3,0,70600.6,251.4,1.034,0
27692.3,142,5.6,1,177039.06,236.1,0.937,0
2775.4,143,5.7,1,179131.88,138.5,1.084,0
4481.1,46,9.9,0,258041.16,306.9,1.111,0
8821.3,50,9.9,0,270950.58,260.3,0.882,0
8005.3,98,8.2,2,271210.07,295.9,1.191,0
12164.3,118,5.3,0,158765.11,314.4,0.822,0
10898.9,115,5.9,0,172024.53,323.0,0.99,0
5406.9,124,3.9,1,126014.16,269.1,0.88,0
7466.2,106,8.5,0,230719.8,268.4,1.079,0
9132.8,94,7.7,1,237761.09,327.2,1.192,0
4858.5,49,7.9,1,243524.66,253.8,1.045,0
9865.7,96,2.2,2,114027.23,339.0,0.93,0
5080.5,199,4.6,1,150549.6,325.2,0.903,1
9695.1,63,5.8,1,182377.19,228.0,1.237,0
5949.0,59,2.1,1,91965.7,219.0,0.902,0
17753.7,112,4.3,0,116437.65,193.1,0.883,0
13543.4,31,1.8,1,78621.54,313.6,0.936,0
13350.3,85,9.6,1,268024.55,99.2,0.942,1
15844.3,148,7.8,1,221645.84,100.4,0.916,1
13959.5,86,6.6,1,193761.49,282.6,0.901,0
17816.4,86,2.8,0,92054.09,169.8,0.977,1
11563.1,13,4.0,2,151512.16,197.0,1.016,1
15716.8,64,2.3,0,77155.3,270.8,1.018,0
13115.3,38,5.8,1,184098.35,169.0,0.776,0
13060.9,29,8.4,0,222520.35,179.4,0.903,0
3803.7,72,1.2,2,77953.79,355.0,0.96,1
5483.7,118,1.9,2,98687.27,283.7,0.994,0
12237.6,69,3.1,0,96380.36,316.0,1.02,0
6600.3,135,7.4,0,211455.93,224.3,0.854,0
10163.1,117,9.0,1,249740.03,363.2,0.985,0
7641.5,51,7.8,3,274347.65,80.0,1.22,0
7827.6,56,5.7,2,203628.17,163.3,0.93,0
10864.8,17,1.9,0,62957.35,156.6,0.811,0
8980.1,240,7.8,0,213795.71,204.9,1.141,1
22077.4,40,2.0,1,87135.89,330.7,0.994,1
4085.3,88,4.1,0,122882.23,377.8,0.931,0
14585.0,71,3.8,2,149000.9,268.5,1.178,0
16219.0,192,4.2,0,130025.09,293.6,0.618,1
22916.7,95,4.0,1,131943.99,115.4,0.938,0
11019.2,77,7.9,2,257353.8,290.6,0.793,1
15317.9,166,2.5,1,101165.93,220.2,1.187,0
21921.2,88,8.6,2,266358.1,195.0,0.925,1
7261.2,43,8.7,0,235048.94,234.2,0.824,0
5971.2,108,5.4,0,141744.35,249.7,0.797,0
11316.2,28,2.0,0,74833.89,337.2,1.135,0
9253.6,38,6.2,2,207016.79,164.9,1.241,0
15493.6,58,8.4,0,226168.06,197.8,0.975,0
4265.6,32,3.6,0,104522.92,332.3,1.004,0
21130.6,62,8.5,0,239406.69,185.0,0.928,0
12297.1,9,7.1,2,229434.09,147.5,1.112,0
9088.5,86,9.9,0,267564.9,401.3,0.915,0
10612.1,105,8.4,1,237992.27,192.5,0.886,0
18394.8,52,2.8,1,118753.52,250.0,0.939,0
14110.2,21,5.0,2,177585.09,246.6,1.079,0
10489.9,76,1.9,0,58782.95,343.0,1.085,0
9393.9,117,1.6,0,62873.21,264.8,0.839,0
9651.3,26,7.4,0,201655.93,279.0,0.982,0
15127.7,338,9.2,1,269498.18,304.5,0.688,1
8938.6,88,9.8,2,306913.31,310.5,0.855,0
14477.9,120,3.4,2,136913.28,316.1,0.954,0
6092.3,289,2.8,0,87892.77,342.1,0.882,0
6759.5,100,6.0,0,169177.9,219.1,1.002,0
10419.5,42,2.8,1,102118.19,202.6,1.163,0
9349.7,48,3.7,2,149352.87,231.7,1.035,0
7013.6,144,8.5,2,262849.32,214.4,1.198,1
5052.0,129,8.3,1,247664.19,307.8,0.944,0
6383.3,145,9.1,2,283657.32,136.3,0.968,0
24001.6,112,5.3,0,150090.72,338.2,1.089,1
6998.1,102,6.1,0,167433.66,288.4,1.166,0
2150.0,11,7.9,0,213763.83,159.9,1.067,0
10892.9,123,3.2,0,102372.54,262.1,1.113,0
6997.5,99,8.4,1,255143.29,280.0,0.98,0
8811.1,35,1.2,1,63766.07,313.4,0.857,0
17162.7,49,8.2,2,255409.03,256.8,1.095,0
9222.7,133,8.0,0,217801.46,259.9,0.951,0
8585.0,293,3.7,0,111057.37,252.6,0.996,1
7257.2,149,7.6,0,207766.5,328.1,0.786,0
9006.2,203,2.9,0,91599.35,373.2,1.257,0
13102.6,24,6.2,1,193246.45,277.9,1.099,0
3027.4,155,7.3,1,223623.12,224.7,1.169,0
4560.7,126,7.4,3,260299.43,282.9,1.157,1
13279.7,95,9.8,0,271108.5,372.8,1.011,0
10786.2,56,2.6,1,109534.14,260.5,0.733,0
7493.3,105,5.3,0,149992.08,217.7,1.005,0
13708.9,138,8.9,1,259378.52,356.1,0.916,1
8324.9,80,6.1,1,190215.78,274.0,1.167,0
17019.0,47,8.9,1,265895.55,266.2,1.083,0
7300.9,184,4.9,2,176687.48,171.2,1.042,1
5997.5,65,8.2,0,233244.44,267.0,0.877,0
35879.1,97,8.8,1,255123.72,312.5,0.887,1
15163.8,15,8.6,2,267234.87,230.1,0.798,0
6517.7,44,8.8,2,269220.95,246.2,0.87,0
8362.2,157,3.0,1,113427.88,262.5,0.991,0
7322.5,150,5.0,2,176216.32,264.4,0.897,0
3531.2,104,2.6,1,101432.28,272.3,1.036,0
8677.3,17,2.6,1,101383.02,365.0,1.087,0
11424.2,48,5.4,0,154682.4,231.6,1.045,0
21474.7,236,9.6,0,264083.77,220.5,1.235,1
9873.6,82,6.3,0,177574.27,211.2,0.969,0
7911.7,134,8.7,1,253708.86,240.7,1.149,0
22932.8,47,9.4,1,269633.18,194.8,1.156,0
20290.8,80,1.8,1,91100.3,246.7,0.829,0
11384.5,48,2.5,1,101616.88,308.4,1.054,0
10765.8,61,3.6,2,138444.43,320.6,1.203,0
13017.8,42,6.6,1,197025.77,196.9,0.946,0
7244.2,69,1.6,0,63863.01,237.7,0.881,0
10514.6,71,8.1,0,218647.53,292.2,1.049,0
7072.7,124,1.6,0,58724.54,223.9,1.026,0
20657.9,20,2.4,0,80493.74,317.0,1.302,0
6185.0,30,4.4,0,127925.44,249.5,1.139,0
11889.4,80,6.0,2,208847.77,161.8,1.075,0
12215.9,33,8.9,0,241815.22,282.3,0.89,0
21589.1,36,9.7,0,262254.28,307.0,0.794,0
7852.5,200,9.0,0,239720.99,207.8,1.164,0
6891.6,119,2.0,2,93997.23,229.1,1.055,0
14707.0,69,6.7,0,182460.06,223.0,0.99,0
13654.4,45,5.0,1,158672.4,278.5,1.002,0
28048.4,209,2.1,2,109230.05,211.3,1.08,1
11501.9,26,6.0,1,191069.73,249.5,0.917,0
20430.4,144,4.2,0,127725.36,196.3,0.693,1
19211.3,217,4.1,1,143514.58,247.2,0.914,1
6869.5,81,1.9,1,79193.78,256.8,0.984,1
3904.6,101,9.8,0,262426.8,230.6,0.861,0
8768.1,105,7.5,0,208401.97,155.4,0.996,0
16660.9,123,3.5,0,117571.97,376.7,1.273,0
21782.3,93,9.3,1,284481.92,282.8,0.991,0
715.3,99,9.5,3,309225.15,222.4,0.815,1
6158.3,44,8.3,0,221707.0,281.1,1.022,0
13017.3,16,6.9,0,187413.18,307.6,1.026,0
15053.2,139,4.4,2,160934.48,288.3,0.994,0
5586.4,31,4.9,1,166687.97,302.7,0.833,0
7056.9,190,5.1,0,151038.71,322.2,1.087,0
3345.5,72,9.5,1,266093.31,211.3,1.283,0
24413.5,250,7.8,1,225414.72,240.7,1.153,0
11935.4,99,3.6,0,115437.63,264.7,1.133,0
7001.6,58,6.6,1,213912.91,284.2,0.826,0
19690.7,118,6.3,1,201741.25,278.7,0.935,0
11929.0,232,8.3,1,241406.54,133.3,0.885,0
21571.8,84,1.9,1,80539.41,430.6,0.983,0
23239.1,82,7.3,0,204287.89,360.2,1.098,0
5597.3,77,4.0,0,123489.79,226.7,1.088,0
20339.9,57,2.2,0,76681.13,300.4,1.016,0
19928.4,93,7.6,0,200293.85,218.0,0.873,0
13730.3,102,4.0,0,120709.21,198.7,1.103,0
14345.1,247,7.6,2,247382.22,206.7,1.064,1
11458.4,58,2.5,1,102845.03,231.5,0.617,0
4911.2,206,9.9,2,302012.02,287.1,1.044,1
4647.8,107,8.2,1,254111.57,290.1,0.85,0
24959.5,118,3.6,1,129709.38,247.3,0.964,0
11919.7,52,7.7,1,223759.13,163.6,0.876,0
9127.9,73,2.2,0,75079.83,286.6,1.019,0
14838.9,63,6.9,1,208722.94,343.7,1.039,0
6832.1,126,1.5,0,50000.63,246.8,1.045,0
8152.6,39,4.0,0,112976.74,256.1,1.021,0
10809.1,37,9.8,0,272106.68,385.7,1.026,0
7527.6,13,2.1,0,70073.59,312.4,0.938,0
14029.1,119,6.4,0,189352.98,203.7,1.019,0
9836.3,31,1.6,1,77610.95,193.3,1.09,0
13972.7,79,7.0,0,200568.29,186.3,1.002,0
14721.4,27,3.5,2,149312.66,282.8,1.003,0
19422.4,80,3.8,0,117699.72,356.2,0.882,0
8781.1,77,4.0,1,136770.29,294.3,1.069,0
5511.8,54,2.8,0,98224.62,202.3,1.13,0
34315.2,103,9.5,0,252618.48,311.3,1.106,1
21568.3,52,9.2,0,250669.92,212.3,0.972,0
3149.4,137,8.8,0,248722.59,409.8,1.131,0
37096.8,157,2.0,0,73395.78,226.4,1.01,1
7257.2,163,3.1,1,114201.94,195.9,0.812,0
9898.8,80,6.5,0,180107.08,278.3,1.112,0
4949.2,115,9.7,1,287337.15,313.4,0.878,0
11344.6,80,6.4,1,207402.98,281.9,0.917,0
7491.8,107,3.9,0,114570.03,279.6,0.997,0
5062.0,82,8.4,2,266720.01,300.6,1.049,0
4294.7,88,2.2,1,97416.02,265.1,1.093,0
6485.0,196,8.9,1,261533.13,284.2,0.794,1
15612.2,17,9.8,2,301192.71,308.0,1.056,1
14100.3,91,9.7,0,267313.85,186.5,0.815,0
5726.9,90,2.3,0,75117.49,245.1,1.017,0
8543.2,51,5.9,1,188916.27,303.1,0.995,0
17719.6,113,6.3,0,175393.22,168.9,0.744,0
8741.7,77,2.8,0,89529.68,281.0,1.263,0
21878.7,55,5.9,1,193241.71,231.0,0.759,1
32146.3,87,6.8,0,196182.63,245.0,1.018,1
6532.3,203,4.0,1,134729.74,261.8,0.964,0
7072.8,300,3.8,1,134881.67,165.6,0.969,1
23703.2,69,1.5,0,65637.8,226.1,0.784,0
8649.3,64,9.6,0,256928.87,338.8,1.064,0
18408.2,76,8.2,1,241911.76,142.3,1.283,1
11884.0,22,7.8,0,222557.09,356.8,0.988,0
9355.1,71,1.2,2,85890.01,225.6,1.032,0
15155.4,17,6.6,1,197211.67,225.0,0.991,1
23877.1,44,2.6,1,106810.81,265.8,1.111,0
20049.5,107,7.0,0,195019.28,346.4,1.116,0
10248.5,39,6.6,1,207540.77,179.4,0.838,0
12083.3,95,8.7,0,239370.14,228.1,0.88,0
18489.9,64,3.3,2,142158.47,304.1,0.902,0
12507.3,51,1.2,0,48576.88,306.4,1.013,0
25817.0,141,9.2,3,309432.54,368.4,1.116,1
1938.6,84,9.2,1,278317.14,194.9,0.705,1
6764.5,104,5.1,0,143390.82,189.2,1.053,0
14456.1,64,1.7,1,77280.62,309.9,1.186,0
7996.6,129,5.5,1,179896.63,220.4,0.959,0
24309.9,33,5.7,0,163447.25,286.7,0.99,0
7065.8,161,8.4,0,225979.82,302.7,1.118,0
11343.0,10,7.5,1,219674.45,161.7,1.092,0
6462.1,11,1.6,0,75691.18,370.2,0.958,0
10041.8,54,7.3,2,232204.25,281.3,1.049,0
3016.5,63,2.2,1,88422.14,225.1,0.621,0
4141.1,62,1.8,2,104070.86,266.4,1.046,0
31171.8,39,4.6,3,183962.38,272.2,1.002,1
10776.1,211,1.7,2,99270.68,275.3,1.194,1
8455.0,74,8.5,1,243163.2,312.6,1.197,0
4957.8,163,5.2,1,166283.1,226.0,0.98,0
5553.3,18,6.3,1,193701.56,270.0,1.162,0
29171.3,40,6.2,0,171235.05,241.7,0.91,1
11183.9,33,9.8,2,302233.89,281.0,1.001,0
19722.0,15,9.2,0,248084.35,269.7,1.154,0
839.0,89,8.6,1,257270.91,138.2,1.026,0
7351.0,53,4.4,0,126658.96,220.3,1.079,0
26817.5,26,2.3,2,116117.11,151.9,1.002,0
7706.0,43,6.3,1,199648.48,366.7,0.923,0
5321.2,116,5.0,0,147505.27,315.4,0.976,0
13720.0,182,3.0,1,120022.28,184.5,0.938,0
3702.5,54,1.9,1,77476.48,310.4,0.941,0
3079.3,47,4.9,0,136991.98,232.9,1.16,0
24330.3,57,6.9,0,183673.22,270.5,0.901,0
6438.9,45,6.6,0,187839.38,138.4,0.851,0
15270.4,48,8.0,1,232312.67,284.7,1.23,1
29814.6,193,5.2,2,183802.63,285.0,0.986,1
10957.1,120,3.9,1,138963.34,152.3,1.145,1
14966.6,132,5.8,0,170481.08,337.2,1.176,1
3050.5,38,9.8,2,288789.1,329.4,1.024,0
6038.2,116,1.4,1,73434.64,271.5,1.113,0
26596.3,66,5.8,1,179324.32,236.4,0.944,1
8488.6,34,4.0,3,174327.8,242.4,0.87,0
4227.5,270,1.9,1,87132.37,358.8,1.036,0
14511.0,101,4.9,1,159830.65,369.4,1.244,0
22203.0,190,6.8,0,197672.86,226.9,0.796,1
7721.9,150,5.8,1,183642.6,155.5,1.08,0
14532.9,17,1.3,0,48720.0,251.7,0.95,0
18026.6,39,6.2,0,173700.62,336.8,0.787,0
9457.4,115,3.1,1,106067.08,220.7,0.992,0
8596.5,61,4.1,1,131106.1,197.7,0.942,0
29184.3,102,3.8,1,130807.15,373.7,0.914,1
4497.1,148,8.7,0,239837.54,172.5,0.998,0
11571.6,16,1.4,1,79371.81,344.4,0.997,0
9972.8,97,4.1,2,154076.46,262.2,0.728,1
9926.3,53,4.6,0,136448.06,256.0,1.213,1
17446.2,124,6.6,0,192716.0,286.4,1.182,0
15159.5,163,8.1,1,247026.69,254.4,1.193,0
12747.2,74,7.5,0,212113.16,255.6,1.003,0
3095.2,68,7.8,0,207394.14,207.6,1.018,0
5688.3,100,2.7,0,85207.81,238.3,1.147,0
9046.5,122,9.2,2,290340.2,301.0,1.211,1
11299.5,238,4.7,1,159112.76,188.3,1.164,0
26407.3,12,1.1,0,50480.83,312.4,1.008,0
11118.4,230,7.0,2,235611.78,249.0,1.03,1
16951.6,153,6.4,0,179043.85,188.1,1.124,0
10215.6,188,2.1,0,70930.81,252.5,0.957,0
16141.4,73,9.6,1,299471.92,285.2,1.045,0
10714.8,59,6.1,1,190573.53,212.8,0.858,0
5041.8,19,5.2,1,175114.69,344.7,0.807,0
14913.8,48,4.6,1,152347.89,314.5,0.945,0
14017.8,116,2.9,0,93605.67,298.1,0.95,0
3783.5,47,9.6,0,257602.35,245.2,0.949,0
10215.7,83,7.3,0,203601.24,310.6,1.002,0
10153.5,106,6.1,0,165699.43,329.2,1.067,0
7149.7,125,6.7,1,209599.07,223.7,0.991,0
4832.6,261,8.6,0,250813.32,259.5,1.06,0
12252.5,82,6.7,0,188987.51,250.3,1.014,0
24947.2,120,2.0,2,97576.65,247.8,1.078,1
15748.2,63,7.3,2,233867.05,344.2,0.884,0
3404.5,35,6.1,0,179891.3,331.6,1.116,0
23828.8,51,9.7,1,273852.18,321.7,1.063,1
21851.5,70,7.6,1,230152.08,296.0,0.903,0
7453.7,105,4.1,1,146388.09,263.0,1.016,0
3590.6,233,2.2,1,95987.82,250.1,0.909,1
7654.5,78,5.3,0,144420.48,286.8,1.167,0
8024.0,56,7.1,0,195193.06,166.3,0.789,0
3813.3,55,2.6,2,125891.82,313.7,0.922,0
12133.8,96,6.8,1,204364.02,318.0,1.096,0
6203.6,94,8.4,1,250797.85,204.8,1.061,0
4403.4,90,2.4,2,111590.29,179.1,1.13,0
8916.0,73,7.4,0,207323.6,292.9,0.842,0
24534.3,129,1.6,2,97061.44,168.1,0.879,1
17598.9,15,1.1,0,48598.09,278.1,1.127,0
13657.9,115,1.3,0,48830.54,213.9,1.114,0
7482.1,59,6.7,1,200382.5,175.1,0.9,0
3838.3,102,9.8,0,252543.28,303.7,1.245,0
4902.8,113,7.9,0,215060.64,344.6,1.007,0
16986.5,55,3.3,0,100096.54,236.6,0.957,0
6166.0,284,1.6,0,63501.92,310.2,0.834,1
11490.6,39,6.5,1,192471.09,214.3,1.072,0
13753.8,176,1.0,1,71950.68,313.7,1.046,0
3246.2,72,8.1,1,237702.76,231.0,0.962,0
10521.6,142,3.2,0,97500.81,346.0,0.938,0
13071.8,21,3.7,1,132903.68,125.2,0.932,0
28202.5,110,4.1,2,156679.08,228.8,0.819,1
11364.0,76,7.9,1,237595.28,238.4,1.123,0
16510.2,116,3.4,2,137124.59,165.8,1.155,0
7584.5,116,3.6,1,123477.72,302.7,0.696,1
18936.7,136,5.9,0,165078.42,257.4,0.986,0
4194.0,174,5.2,1,164149.54,306.7,1.025,0
14029.1,203,9.6,2,297210.45,215.7,1.089,1
11692.5,26,3.4,0,110159.92,194.1,0.946,0
20909.6,19,1.8,1,71926.58,226.9,0.979,0
13786.2,58,5.9,0,172291.86,187.7,1.03,0
9190.4,91,2.7,1,106046.91,240.2,1.018,0
18888.7,59,4.7,0,145272.34,340.5,1.094,0
13662.5,143,2.7,1,106681.08,276.4,0.859,0
5314.3,192,8.9,0,246272.36,299.9,0.848,1
9577.2,131,3.9,3,166622.5,233.3,0.952,0
4860.8,28,8.0,0,225621.97,203.8,0.818,0
13022.1,177,9.5,2,288715.0,271.4,1.307,0
13902.0,53,9.5,3,309680.61,263.1,0.884,1
25782.4,13,5.7,2,208788.34,325.3,1.115,1
9449.0,33,9.8,1,287481.45,335.8,1.183,0
8503.8,142,6.9,1,207605.83,317.2,1.031,0
3483.9,118,2.2,1,91030.3,385.4,0.906,0
9444.2,80,9.0,1,265778.05,263.7,1.019,0
8794.1,63,5.2,1,174062.25,298.2,0.835,0
11220.4,31,2.4,3,127845.38,333.3,0.825,0
8633.9,57,8.1,0,227059.29,310.1,1.24,0
8644.5,25,6.6,1,202792.15,320.1,0.802,0
11200.2,117,8.9,1,256094.15,264.3,0.782,1
9897.9,140,8.4,0,234965.46,256.1,1.084,0
8540.6,121,3.9,2,149509.46,242.2,0.927,1
8484.2,148,3.3,0,97188.04,248.3,1.153,0
30195.2,88,7.6,1,228587.64,262.8,0.578,1
8330.5,143,6.2,0,175003.79,219.9,0.987,0
9132.2,7,1.6,1,77930.07,193.0,0.838,0
2941.7,75,2.6,0,79520.45,190.9,0.759,0
18977.0,119,2.4,1,105456.43,336.9,0.824,0
1650.2,52,6.3,2,217973.04,234.5,0.81,1
5472.7,71,1.8,1,85347.72,296.1,0.96,0
14623.3,72,2.9,1,105010.51,251.1,0.93,0
2680.2,82,5.9,0,165207.93,339.6,1.068,0
6766.3,41,2.2,1,85744.35,184.8,0.764,0
10322.8,73,3.2,0,99060.83,249.4,1.052,0
9809.0,140,9.2,0,242565.75,229.0,1.116,0
6632.2,30,7.3,0,198405.23,259.6,1.133,0
16562.2,43,3.8,2,162116.88,314.7,1.081,0
17157.4,77,8.9,0,255649.5,253.9,1.042,0
14875.6,117,3.3,1,119247.62,223.9,0.919,0
7736.5,30,6.3,2,211202.25,259.8,1.133,0
11565.7,51,4.3,2,168541.86,241.0,1.119,0
7149.2,201,7.8,0,212966.69,287.9,0.965,1
35858.9,84,4.3,0,134848.01,106.9,0.853,1
12757.9,112,3.2,0,102473.94,239.1,0.88,0
7766.1,148,6.5,1,206795.4,263.4,0.823,0
32145.9,84,7.7,2,255629.26,307.1,0.897,1
8394.7,31,5.8,1,180377.96,314.0,1.083,0
12465.3,67,7.4,1,222637.88,219.6,1.118,0
16719.2,117,4.8,1,159669.56,234.7,0.937,0
7350.1,125,8.2,0,232734.53,158.9,0.941,0
7003.1,53,6.3,1,203295.63,266.8,0.917,0
18477.2,49,2.8,0,89211.28,409.3,0.875,0
16709.7,49,9.0,2,280652.6,271.5,0.875,0
16679.8,126,8.5,0,236568.54,218.5,1.174,0
13959.0,56,9.7,3,317341.43,270.3,0.935,0
30020.6,16,6.1,0,175585.41,137.1,0.989,1
10956.1,63,7.1,0,197850.37,305.2,0.671,0
6134.5,115,8.8,2,263681.64,338.8,0.888,0
4588.5,143,1.5,1,75902.53,247.3,0.878,0
8248.7,52,9.2,0,250175.43,210.1,1.075,0
627.5,77,3.4,0,105850.14,233.9,1.115,0
22510.7,74,1.5,1,78279.64,237.5,1.118,0
13472.8,68,3.1,0,91757.36,290.7,0.82,0
6097.6,67,6.3,0,180017.82,276.0,1.155,0
19254.4,16,1.4,0,52887.07,254.4,0.928,0
4581.6,106,1.0,0,36957.37,260.1,0.877,0
5418.7,145,6.8,1,210354.16,221.0,1.038,0
11183.5,69,5.1,2,185745.66,296.7,1.162,0
24265.6,37,8.6,1,244298.46,260.8,1.035,1
13384.7,100,3.3,3,149582.25,166.2,0.823,0
954.7,232,3.5,3,155963.99,303.9,1.078,0
5519.3,98,1.7,0,54510.74,242.2,1.164,0
6192.5,87,5.8,0,163173.33,235.5,0.848,0
12051.8,39,4.3,1,148477.45,369.1,1.007,1
3850.4,18,4.1,2,160573.86,285.1,0.968,0
4126.5,72,5.1,1,163480.75,300.1,1.016,0
8914.1,98,8.6,0,227584.56,224.6,0.846,0
15439.7,176,1.9,0,70080.11,224.7,0.868,1
16100.2,85,5.7,1,183640.53,345.6,1.066,0
11180.0,21,2.8,1,103898.19,408.3,1.087,0
17593.5,40,2.9,0,87543.86,316.7,1.064,0
37437.9,89,3.3,1,120841.34,107.8,1.119,1
26216.2,89,5.1,1,161766.41,215.1,0.925,0
7604.7,123,5.4,0,145811.36,256.3,1.208,0
3718.5,44,8.8,0,234554.91,250.7,0.853,0
8227.6,179,9.0,0,241660.53,250.6,1.085,0
5599.7,104,6.3,1,200929.43,174.5,1.058,0
13894.8,43,3.5,0,104073.56,375.4,1.004,0
4661.9,66,8.4,0,225895.98,293.7,1.136,0
10022.4,31,8.1,0,224363.91,214.2,1.143,0
5602.5,123,8.2,1,243589.57,225.2,1.073,0
8665.6,156,1.1,2,77639.45,296.4,0.944,1
10396.9,215,7.8,0,213093.69,244.8,1.238,1
15171.5,75,8.7,3,297822.78,267.8,0.932,0
10437.1,92,6.4,3,236953.67,285.5,1.012,0
7150.1,87,7.8,0,217233.03,229.3,1.122,1
16682.2,151,8.0,1,240635.79,363.8,0.939,0
10791.3,47,5.6,0,154051.35,119.0,0.989,0
7611.3,66,8.3,1,251534.86,213.5,0.767,0
15401.9,94,8.1,2,255540.63,308.9,1.07,0
12117.4,145,9.2,1,266430.24,218.9,1.171,0
14650.1,169,9.3,1,268268.15,250.3,1.058,0
20154.7,136,5.8,1,188708.3,334.7,0.981,1
4866.5,70,1.3,0,59790.2,288.6,1.062,0
35986.7,112,1.2,1,59687.04,267.3,1.182,1
13739.1,79,9.5,2,294437.44,330.2,1.032,0
4688.5,56,4.0,0,108892.89,225.7,1.187,0
21669.3,86,4.4,1,152142.9,286.0,1.037,0
6652.8,318,5.2,1,164363.52,290.8,0.985,0
26484.2,46,3.4,0,106984.01,190.1,1.096,0
5091.0,50,6.3,2,217008.92,208.9,1.062,0
10039.2,76,8.1,2,251323.01,157.3,0.97,1
16879.4,142,3.3,1,125493.67,276.3,1.098,0
15543.3,21,7.7,1,226550.27,334.5,1.014,0
12962.4,127,7.0,1,204096.81,212.1,1.055,0
18789.2,54,5.7,1,182317.12,118.7,0.866,0
7919.6,121,3.9,0,119913.02,257.0,1.074,0
19415.4,95,8.9,0,246153.22,332.0,1.095,0
6909.6,64,4.6,0,128993.32,238.8,1.091,0
24844.4,29,4.4,0,118082.7,291.4,1.074,0
7324.2,145,6.8,0,186658.84,127.1,1.033,0
4135.1,74,9.3,0,250508.46,294.2,0.828,0
15697.9,64,5.6,0,153958.06,351.8,1.057,0
11758.8,48,7.5,2,239127.5,371.0,1.058,0
13095.5,101,5.1,2,181868.12,319.7,1.032,1
8613.2,143,3.0,0,83944.18,413.2,0.845,0
14247.6,80,2.1,1,86873.8,312.2,0.987,1
23580.0,48,2.2,0,78583.36,254.2,0.952,0
12704.7,164,1.2,1,73809.38,232.0,0.956,0
3552.6,37,6.0,0,162334.89,161.5,0.879,0
10595.4,71,2.2,0,74223.01,221.7,1.158,0
13805.4,152,8.8,0,247923.16,194.1,1.041,1
25791.6,67,9.8,3,323706.84,307.6,1.092,1
16146.7,27,5.5,0,158390.25,189.6,1.003,0
6215.0,91,5.0,1,157826.06,198.2,1.011,0
10293.1,167,4.1,0,130260.88,317.5,0.888,0
16707.2,55,6.7,0,185447.07,227.8,0.978,0
14440.7,60,6.5,0,178411.61,311.0,1.034,0
14988.0,144,4.1,1,143245.09,365.5,0.91,0
4191.7,7,4.1,0,120738.04,204.4,1.1,0
15599.3,170,6.8,2,227954.76,278.8,1.103,0
12227.7,52,6.0,2,209570.18,435.1,1.042,0
16001.4,22,7.5,2,245908.7,299.6,0.803,0
11761.8,69,9.5,2,290316.78,316.1,1.083,0
9717.3,116,8.0,1,247386.86,252.8,1.1,0
19706.6,64,3.7,1,149438.93,271.1,0.795,0
13991.5,34,7.8,2,252452.6,307.0,1.107,0
4713.6,143,5.1,3,206557.64,189.6,1.007,1
11409.8,72,8.0,0,222572.2,179.5,1.093,0
8668.3,19,9.0,0,243431.27,284.2,1.364,0
7955.8,21,3.2,0,102305.95,245.9,0.872,0
14297.8,101,3.1,1,113804.3,180.7,0.982,0
11813.9,27,4.9,1,156626.74,167.1,1.042,0
14134.7,218,1.5,1,71030.6,322.1,0.905,0
18111.3,84,7.2,1,218811.15,257.8,1.259,0
10156.4,44,7.7,0,217649.83,234.5,0.769,0
17679.9,43,4.1,0,123237.89,258.8,1.156,0
7168.7,82,5.2,1,167332.66,262.2,0.932,0
20309.3,188,6.3,1,199609.1,247.3,0.966,0
7598.2,51,1.7,0,55581.6,161.2,1.092,0
5201.6,66,7.4,1,218488.36,283.2,1.105,0
13263.5,99,5.7,1,180969.5,200.8,1.138,0
10389.2,67,6.6,1,199521.23,235.8,1.074,0
11159.2,27,7.5,2,249649.4,286.9,1.039,0
4756.9,82,7.1,4,262958.92,306.6,0.86,0
4939.7,50,1.9,1,81484.17,279.1,1.059,0
8525.3,65,8.0,0,218828.33,267.1,0.855,0
15931.8,204,6.5,0,184278.53,314.1,1.151,0
8760.3,67,7.4,2,239577.99,285.9,0.988,0
5009.3,12,3.4,0,96982.86,203.5,1.03,0
20360.8,63,3.0,1,115921.42,313.5,0.983,0
4879.8,74,8.4,1,249019.03,309.4,0.916,0
11374.6,115,4.5,2,166271.24,270.1,1.16,1
15990.1,91,6.2,1,194851.54,297.9,0.957,0
8178.5,90,6.0,0,175815.84,274.8,0.847,0
15967.5,95,6.3,0,178663.83,80.0,0.847,0
24427.0,125,1.6,0,59209.03,236.0,0.907,0
15604.1,26,3.7,1,133250.08,250.3,0.778,0
10178.5,249,1.6,2,88607.24,248.7,1.033,0
11200.0,60,5.3,0,152982.66,230.4,1.01,0
2129.2,36,9.1,0,248064.4,258.2,0.717,0
7499.5,101,4.5,2,165407.82,306.1,1.072,0
2239.4,65,8.0,2,265389.8,274.8,0.938,0
5926.3,136,3.6,0,107240.25,249.4,0.944,1
10670.2,52,8.7,1,258498.08,144.2,0.791,0
12770.5,147,4.8,0,138873.77,323.8,1.175,0
14384.9,36,4.2,0,118743.94,231.7,1.046,0
28793.5,219,7.3,0,195376.73,363.8,1.008,1
3793.5,76,5.6,2,193577.91,207.5,0.857,0
5766.7,183,4.0,2,158331.12,302.8,1.031,0
12463.0,32,1.5,0,49147.67,252.1,1.125,0
16791.0,122,2.5,1,93996.13,189.3,1.065,0
6917.8,120,8.0,0,215728.08,316.5,0.89,0
11843.5,69,9.3,0,251465.52,163.1,1.137,0
12977.1,13,2.5,0,83276.15,270.2,1.005,0
25819.4,122,6.1,1,189742.63,267.3,1.15,1
4194.9,62,1.3,1,67907.8,216.2,0.741,0
14131.1,165,3.6,1,122486.53,332.1,0.742,0
17084.9,139,5.0,1,165514.24,273.8,0.937,1
14984.4,165,7.6,0,211565.42,365.0,0.958,0
21593.5,110,1.4,1,79653.64,276.6,1.107,0
5023.4,84,8.0,2,257247.79,292.6,1.102,0
1861.8,187,2.8,1,107832.39,131.9,1.196,0
20893.6,305,7.8,1,228410.06,301.6,0.996,1
8423.5,79,6.6,2,221303.36,287.1,1.007,0
10201.0,163,4.1,0,118031.13,229.7,0.942,0
11010.1,48,7.5,1,224133.58,216.2,1.08,0
11519.1,35,3.1,0,99129.86,246.8,1.045,1
18089.9,49,3.0,2,132368.93,311.8,0.952,0
13852.8,46,1.6,2,93126.08,190.4,1.021,0
4027.1,125,4.5,0,135964.62,182.4,0.868,0
10075.9,56,1.9,0,61726.76,308.3,0.834,0
12819.1,37,4.8,0,150953.31,235.6,1.059,0
14623.9,37,1.1,1,59825.17,251.4,1.01,0
9676.7,108,2.4,0,75713.84,252.6,0.909,0
7453.4,124,9.4,0,239535.69,279.5,1.099,0
18669.4,113,8.2,0,215539.96,335.1,0.868,1
8301.1,121,3.1,1,114579.33,196.2,1.029,0
15493.1,62,7.5,1,223526.57,285.8,1.05,0
17880.0,245,7.0,2,230989.27,258.6,1.127,1
12388.1,63,2.6,0,86946.69,278.5,1.034,0
6895.2,54,4.3,0,131648.62,394.2,1.05,0
13906.7,123,9.2,0,251765.62,186.1,1.323,0
9020.6,61,7.6,2,244712.25,296.5,1.107,0
34820.4,53,7.8,0,210701.27,326.0,0.919,1
17292.4,65,6.1,1,189185.04,199.9,1.004,0
16934.6,89,7.0,2,226467.4,245.3,1.11,0
20343.2,147,5.6,0,166129.87,229.0,0.933,1
2332.9,21,7.7,1,230125.56,344.4,1.086,0
10093.7,148,7.6,1,225456.73,260.2,0.781,0
19704.2,26,1.3,0,45761.94,163.8,1.048,0
7454.5,29,6.7,1,207427.92,396.5,0.989,0
3540.8,92,6.7,0,187897.94,360.0,0.949,0
11650.5,22,1.6,0,61628.24,316.0,0.852,0
5865.9,52,4.7,0,135070.91,247.3,1.1,1
6373.9,138,9.1,1,256576.98,194.0,1.079,0
9649.8,123,9.6,1,280308.42,244.9,0.978,0
4634.9,147,8.0,1,241364.09,315.7,0.968,0
9319.6,49,2.4,0,75794.14,248.5,1.0,0
12516.0,63,4.4,0,133508.0,226.5,0.867,0
30528.8,27,2.6,0,89305.11,171.4,1.204,0
7877.2,65,6.9,1,216194.55,204.7,1.028,0
9780.6,28,8.0,2,257673.86,177.1,0.789,0
15141.4,312,9.0,1,262001.01,267.2,1.328,1
8640.1,102,8.7,3,297671.1,308.6,1.008,1
7144.9,88,1.9,0,68658.23,183.5,1.115,0
19846.0,47,2.1,1,94733.19,160.1,1.026,0
24925.7,44,9.2,0,242296.22,260.5,1.027,1
8570.2,57,8.6,0,237725.82,246.3,0.91,0
7027.1,96,5.1,2,184195.71,280.3,1.297,0
6346.4,35,4.9,0,145358.99,170.0,0.936,0
15451.0,27,6.0,1,188080.95,328.1,0.93,0
21560.2,6,6.4,1,198074.13,285.0,0.96,0
13536.4,104,3.3,1,119584.22,327.9,0.977,0
15770.4,70,4.6,1,146484.05,232.1,0.985,0
19020.7,57,6.6,1,203386.7,321.0,1.007,0
25307.3,35,2.9,1,111300.3,226.0,0.915,0
13814.6,57,10.0,1,287294.92,318.5,1.042,0
8331.1,167,3.5,1,129784.78,228.0,1.118,1
16381.8,43,6.0,2,203787.09,145.5,0.868,0
20266.8,112,6.0,0,165179.23,310.5,1.266,0
9143.2,122,5.1,1,163273.57,223.0,0.747,1
2257.3,33,3.2,1,122024.94,316.9,0.986,0
8187.6,37,6.1,4,241185.96,162.5,0.947,0
4604.5,73,1.8,0,68663.08,153.5,1.057,0
1365.2,237,4.5,0,133088.49,235.5,0.992,0
8451.4,138,3.0,0,94258.38,260.8,0.884,0
10205.9,73,2.1,0,77046.6,155.6,1.053,0
14328.1,141,9.3,1,269880.45,223.3,1.082,0
15674.7,12,7.3,0,204092.05,191.2,1.01,0
8798.0,69,2.5,0,89267.85,265.5,0.948,0
14857.6,11,9.5,2,303082.51,393.7,1.218,1
14192.1,84,2.9,0,90181.16,233.7,1.3,0
14055.3,119,3.1,0,101579.85,221.7,0.873,0
6581.5,52,2.2,0,81750.28,267.5,1.185,0
16512.4,50,7.6,2,252660.17,377.6,1.142,1
12082.8,74,6.1,2,208208.86,193.3,1.124,0
10375.1,55,1.5,0,55067.83,262.6,0.794,0
6970.8,61,1.2,0,53207.55,409.7,1.017,0
8653.0,150,5.8,2,203300.33,218.7,1.203,1
17915.4,123,6.9,1,204168.32,229.2,0.849,0
14817.3,96,8.4,0,233238.59,315.8,1.06,1
7430.6,23,5.3,2,192858.17,368.2,0.915,0
11668.2,108,7.1,0,199018.34,376.4,1.189,0
14442.9,72,7.6,0,211178.33,251.1,1.22,0
7760.2,56,6.5,0,179556.7,203.4,1.107,0
16353.4,61,4.2,0,117765.61,222.6,1.002,0
3006.6,169,2.2,0,75428.01,194.4,0.987,0
16270.9,135,6.8,1,209319.95,264.6,0.983,1
15667.9,61,7.9,1,227971.44,300.0,0.978,1
12710.7,193,2.7,1,107766.47,271.8,0.991,1
9438.6,129,5.5,0,160574.58,230.5,1.124,0
6045.9,44,4.6,0,136010.5,316.8,0.92,0
11075.0,43,2.9,0,95370.47,292.0,1.118,0
13924.4,84,3.2,0,100452.64,289.0,1.383,0
16552.1,37,3.1,0,97187.54,308.0,1.04,0
6798.7,207,4.8,0,145108.81,279.2,1.091,0
8477.6,85,4.5,4,207747.32,253.1,0.798,1
8660.3,39,6.0,2,200989.81,187.1,1.056,0
3863.6,177,1.8,1,78620.62,241.9,0.974,0
20872.4,11,6.2,0,182033.74,213.5,1.158,1
21984.0,86,1.2,0,46546.74,365.7,1.2,0
6361.2,70,3.3,0,100975.87,359.7,1.045,0
27085.1,27,5.5,3,210863.66,346.1,0.92,0
9622.2,186,7.2,2,244441.98,235.8,0.92,0
16415.3,53,7.9,1,226841.4,252.7,0.789,0
15837.8,49,1.3,0,54717.2,221.5,0.952,0
1642.5,124,5.8,1,191624.62,188.0,0.937,0
11359.4,83,4.2,0,128830.55,310.0,1.172,0
6083.3,40,7.3,2,239037.97,215.9,1.183,0
2530.0,53,3.6,1,122584.15,243.8,1.26,0
12319.9,171,7.7,1,228942.83,237.9,0.917,0
15117.7,65,6.4,0,181114.59,373.7,0.921,0
7516.9,234,8.1,1,239799.21,263.0,0.886,1
11837.5,36,9.9,1,288600.2,311.2,1.218,0
21444.8,59,9.2,4,331013.8,238.8,1.101,1
9593.3,45,6.3,0,179424.87,219.3,1.219,1
4512.7,118,9.0,0,249264.69,284.1,1.059,0
17367.7,241,2.4,3,133228.96,322.3,1.168,0
8706.4,79,1.4,2,87562.68,228.9,0.97,0
7170.1,89,5.8,3,221663.22,300.2,1.022,0
9177.8,57,9.8,0,257867.64,243.9,0.92,0
8980.2,25,7.4,2,243262.51,158.6,1.017,0
3227.7,65,3.7,1,126117.27,212.8,0.922,0
12952.8,102,7.0,0,199690.24,258.3,1.098,0
12817.1,51,1.4,1,66121.26,274.5,1.011,0
9336.6,27,5.2,0,154254.32,296.9,1.057,0
12244.0,7,3.1,0,106570.85,349.5,1.158,0
15694.0,193,1.4,0,54054.73,260.1,1.018,0
12708.9,56,3.2,1,116404.41,173.5,0.975,0
6974.9,99,7.5,0,206975.17,272.9,0.888,0
6004.6,145,6.0,1,189880.32,233.9,0.947,0
29301.1,164,1.2,1,60164.33,196.6,0.893,1
12895.9,50,4.7,0,135158.63,263.2,1.159,0
9961.9,96,7.8,0,220648.93,301.5,1.02,0
14670.6,103,9.6,0,260262.8,296.3,1.145,0
7565.8,132,8.9,2,274780.91,207.7,1.016,0
17461.4,102,1.0,0,43270.98,331.6,1.116,0
8777.8,89,3.0,1,116340.23,294.2,1.026,0
2718.0,37,2.9,1,115093.79,358.1,0.99,0
10354.1,116,4.7,0,140578.54,384.5,1.14,0
5520.6,74,6.8,1,211739.95,296.7,0.982,1
9643.9,178,2.4,1,91686.71,331.9,1.026,0
8882.1,116,9.2,1,267674.72,291.3,1.143,1
13666.1,15,8.0,0,223098.23,167.4,0.773,0
24064.2,35,4.8,0,141190.41,119.3,1.001,0
16506.5,57,6.3,2,212722.09,226.9,1.239,1
12876.9,73,5.9,0,160886.84,284.3,1.195,0
11713.2,258,6.2,1,195168.2,170.4,1.086,1
13128.3,125,8.7,2,264268.8,259.5,0.927,0
22418.0,45,2.8,0,89625.54,308.8,1.144,0
14548.6,127,7.2,0,197551.37,165.5,0.908,0
2757.4,86,2.0,1,81103.97,319.3,1.073,0
5713.6,128,5.1,2,184041.8,275.8,1.114,0
19168.3,61,6.7,1,200022.35,259.4,1.218,0
12698.4,272,1.1,0,46087.75,184.2,1.089,0
22174.7,192,2.0,1,79249.5,301.2,1.068,0
15928.6,113,1.8,0,72960.51,269.5,0.985,0
11493.6,56,4.4,1,135513.17,132.6,0.899,0
11377.6,128,6.6,0,187097.73,273.1,0.899,0
7500.0,25,10.0,1,277764.74,202.6,1.003,1
9505.7,201,3.3,4,173862.93,218.0,1.132,1
4750.8,175,2.2,1,96396.24,266.1,0.776,0
6439.8,105,4.7,0,138527.33,287.2,1.084,0
5462.9,38,2.3,2,113008.47,323.8,1.175,0
10633.8,60,1.2,0,45315.96,208.8,0.994,0
8025.6,12,6.1,3,222725.42,262.0,0.613,0
3482.6,12,8.9,1,263318.59,148.5,0.945,0
14694.9,66,8.7,0,234985.72,283.5,0.964,0
8516.2,35,1.9,1,93552.87,236.2,0.967,0
17131.8,16,2.3,1,98635.03,291.7,0.832,0
14164.6,56,5.4,2,203070.62,248.9,0.96,0
31196.6,59,4.3,0,121905.2,227.7,1.158,0
10687.6,29,7.3,0,189440.1,244.2,0.76,1
7592.5,93,5.5,1,173305.34,128.2,0.981,0
6376.2,141,1.2,1,61864.73,304.0,0.976,0
15528.9,97,3.6,1,129105.54,308.3,1.044,0
16371.7,73,9.1,1,267161.86,309.9,1.117,0
10801.1,77,5.6,0,165637.47,253.6,0.991,0
12529.9,63,8.2,1,244685.86,328.5,1.202,0
19469.5,55,4.6,0,127996.95,217.5,0.924,0
15951.0,96,7.1,0,197517.1,200.7,1.216,0
12928.8,99,2.5,0,87787.54,302.8,0.979,0
4895.2,77,7.6,1,234003.17,226.7,0.873,0
6557.5,57,8.1,0,221931.91,358.7,0.836,0
8689.0,37,1.8,0,64108.62,330.6,1.084,0
9018.6,21,2.6,2,130994.14,262.6,0.912,0
6955.4,37,5.2,0,147450.68,188.4,1.049,0
6441.2,56,6.7,1,210888.66,218.2,1.092,0
9241.0,60,6.7,0,194908.06,248.7,0.89,0
11799.9,308,7.0,0,201722.8,418.8,1.076,1
14341.6,132,7.4,1,228954.54,274.4,0.843,1
3284.4,96,5.6,1,180214.24,302.4,0.885,0
8071.5,113,6.2,1,191791.18,210.0,1.082,0
3577.6,269,1.1,1,68750.0,265.5,1.084,1
10719.4,46,2.5,2,117200.63,213.9,1.001,0
10616.4,207,5.5,1,180373.87,225.1,0.943,0
10104.9,8,7.7,1,224359.35,152.8,1.011,0
9215.5,66,8.3,1,244889.88,278.7,1.061,0
8166.7,33,7.6,0,205543.95,303.2,0.942,0
10131.1,19,5.4,1,163739.51,171.2,0.907,0
14543.3,174,3.5,2,140255.1,188.8,0.995,0
8540.1,65,5.0,1,153718.24,172.8,1.164,0
5092.2,57,1.1,0,44382.84,260.5,0.892,0
12508.5,66,6.4,0,180427.68,256.0,1.066,1
16432.3,84,1.7,1,85023.0,311.5,1.183,0
4926.4,41,2.3,0,75459.86,190.6,0.944,0
4420.9,19,6.6,1,194409.31,237.6,1.184,0
4811.0,73,1.1,1,64734.11,214.1,0.685,0
10047.7,84,6.2,2,215178.15,299.1,0.894,0
25050.0,183,6.7,1,197360.69,258.9,1.115,1
22888.7,71,8.1,0,218200.17,226.0,0.841,0
12533.0,80,1.6,0,59306.96,212.1,1.104,0
4730.7,35,1.0,1,55180.18,281.7,1.047,0
22747.3,35,7.9,1,231728.59,325.9,1.13,0
23409.1,96,3.6,3,171097.62,280.2,0.834,1
6263.5,122,9.0,1,266037.09,239.3,1.084,0
10797.9,147,2.7,0,80785.0,176.7,0.967,0
16385.6,93,6.3,0,180643.09,337.0,1.128,0
21114.4,41,2.0,0,70906.67,259.7,0.922,0
9883.4,21,4.6,2,180399.01,303.8,0.947,0
17313.3,33,8.9,1,261913.88,304.1,1.126,0
13234.2,93,6.5,0,177380.8,320.7,1.031,0
12822.9,24,7.2,2,229823.38,352.3,1.081,0
12159.0,34,3.0,2,133475.5,121.3,1.052,0
25702.1,45,9.3,3,306146.99,269.5,1.139,1
11166.9,107,6.6,0,187469.84,330.5,0.941,1
14190.2,166,2.0,0,65096.65,262.6,0.898,1
25785.7,78,1.1,0,51821.14,276.3,0.904,0
14764.8,89,1.1,2,90472.05,262.4,0.775,0
7810.0,73,1.5,1,75546.02,248.9,1.018,0
10481.7,66,9.2,0,255095.22,192.8,0.953,0
6642.3,101,4.2,0,127129.11,228.1,0.982,0
10378.2,66,3.7,0,113195.4,189.1,0.789,0
9891.1,198,4.7,0,136189.72,293.3,1.019,0
8617.9,85,4.7,0,143192.29,289.8,0.959,0
12167.5,92,3.1,1,113702.97,256.5,1.108,0
3775.5,74,1.8,1,84796.78,118.0,1.013,0
28882.8,126,2.0,0,64619.82,238.5,0.967,0
10009.4,44,6.4,1,202019.19,190.8,1.066,1
10823.8,35,4.6,1,151326.07,196.6,0.964,0
22533.2,115,9.1,1,268626.38,274.1,1.07,1
14648.6,85,5.2,0,143017.63,313.5,1.079,0
8491.9,116,5.5,0,153529.85,340.3,0.968,0
9199.0,60,9.4,1,268018.77,279.8,0.965,0
19088.7,81,5.5,0,159139.73,346.3,1.172,0
20556.4,54,5.5,1,176581.27,181.8,0.989,0
7954.1,72,4.3,0,125265.28,208.0,0.88,0
22237.9,22,7.4,1,219230.97,254.9,1.036,0
4000.0,12,4.5,3,180697.23,298.9,1.135,0
23873.9,25,6.3,1,198533.07,289.5,0.986,1
13362.4,124,5.0,3,194571.43,305.2,0.933,0
22081.6,122,5.8,0,166010.74,270.4,1.082,1
15511.9,204,8.4,0,223554.67,263.5,1.043,1
8261.1,118,4.7,1,156389.94,358.4,0.963,0
10310.8,57,3.1,0,102973.64,287.6,1.049,0
8446.6,73,6.1,2,211432.22,268.8,0.974,0
7031.8,11,9.4,2,292360.87,263.9,1.274,0
14295.1,58,7.2,0,206115.6,214.4,1.054,0
3191.6,81,3.8,1,129255.45,304.4,1.143,0
9943.2,140,9.7,1,276165.13,192.7,0.977,1
11549.2,77,4.1,1,141805.62,152.0,1.152,0
3301.1,31,9.8,1,282185.29,365.4,0.999,1
13168.7,134,2.7,0,84572.09,348.4,1.073,0
15480.6,52,10.0,4,335283.68,286.8,1.106,0
14226.1,41,1.7,1,74788.37,281.5,1.036,0
14108.9,70,7.4,1,227741.77,245.3,0.943,0
11719.1,52,7.7,0,215713.77,233.4,0.932,0
5829.7,81,7.1,0,210679.91,150.4,0.89,1
24752.5,112,8.0,1,243388.53,196.0,0.717,1
1315.5,58,5.2,0,152947.63,203.6,1.112,0
9777.0,59,1.5,0,61801.72,263.6,0.968,0
8233.8,113,4.2,0,120158.96,364.4,1.105,0
11534.6,113,6.8,2,228219.09,167.8,0.894,0
6796.6,86,6.8,0,189738.09,296.5,1.001,0
19671.0,68,2.8,1,118206.11,301.6,1.002,0
3931.5,155,3.3,0,108091.11,159.1,0.949,0
7597.8,45,5.4,3,213012.88,173.1,1.124,0
9509.4,113,7.6,1,222327.63,274.6,1.112,0
14321.3,44,8.7,2,289725.68,277.8,0.972,0
14362.2,80,1.8,0,63493.24,334.3,1.125,0
18050.1,28,9.3,0,250214.35,288.0,1.121,0
16644.9,82,9.3,2,294399.36,188.2,1.133,1
9874.2,161,1.1,3,93436.55,260.5,1.173,0
17392.7,130,5.6,0,154344.7,216.8,1.098,0
9941.8,15,6.3,1,191259.04,136.2,1.124,0
3730.5,157,6.0,2,207005.22,303.3,0.983,1
4021.0,51,6.5,1,203055.77,295.2,0.975,0
9335.8,102,5.5,1,173203.3,250.2,1.01,0
5538.3,73,3.6,0,109843.98,361.6,0.988,0
10332.4,48,1.9,2,87298.34,184.7,1.054,1
16922.6,94,2.9,1,109131.77,320.3,1.011,0
8792.2,49,7.7,2,248239.52,215.5,0.995,0
2811.9,117,3.2,1,122614.17,288.9,1.219,0
14844.7,49,8.5,1,249554.16,317.7,1.171,1
8236.6,45,4.6,2,175258.74,209.2,1.173,0
9504.1,118,4.7,1,155001.27,223.3,0.904,0
33483.3,255,8.8,1,268764.98,282.4,1.019,1
18063.6,138,2.9,1,111649.11,197.6,1.056,0
20513.5,126,2.7,2,123980.2,297.6,1.04,1
8933.2,75,9.9,1,280154.77,264.6,0.838,0
29435.9,112,5.9,2,207316.92,281.1,1.03,1
6265.0,58,2.7,1,107978.54,215.1,0.932,0
3777.2,177,2.5,1,106235.52,212.0,1.073,0
32341.8,19,8.8,0,236611.76,175.8,0.974,1
2858.0,73,6.4,1,198919.78,276.3,0.823,0
8266.5,62,2.0,0,78426.71,187.5,1.057,0
14977.1,76,9.0,0,254649.46,240.6,0.895,0
9004.0,46,5.0,1,168697.57,306.1,1.173,0
7274.8,84,9.9,0,271068.67,372.0,0.907,0
11175.8,45,3.5,0,102824.17,280.3,0.85,0
10760.9,55,5.8,0,162443.8,265.6,0.999,0
11958.0,104,2.6,1,91402.84,179.6,1.077,0
21589.3,306,5.0,0,146860.06,231.6,0.683,1
15467.9,54,2.6,0,83986.15,234.1,1.137,0
9693.2,94,3.8,1,135458.67,283.8,0.876,0
12887.7,151,3.4,1,122528.42,240.3,1.178,0
859.5,98,3.5,1,122720.75,384.2,0.86,0
10107.5,66,9.7,4,332882.94,290.1,0.887,0
13496.9,65,1.3,0,61376.27,304.1,0.95,0
6809.2,158,5.5,0,163390.06,290.1,1.208,1
8434.5,14,6.7,1,204438.28,200.4,1.247,0
18115.4,84,6.9,1,219475.36,226.0,0.906,1
5475.4,60,7.8,2,256136.49,230.9,0.84,0
18390.1,21,7.8,1,231878.58,331.4,1.218,0
25865.0,78,9.6,3,310719.56,320.2,0.774,1
8583.7,49,7.8,0,210422.6,279.2,0.895,0
5533.2,34,8.4,2,265283.21,273.9,1.04,0
7040.0,169,5.8,1,186708.99,300.4,0.955,0
24842.6,39,6.9,2,226368.11,170.1,0.882,1
5313.4,31,5.3,0,147853.34,268.1,0.788,0
5543.0,25,3.5,1,132955.43,170.3,0.894,0
2819.1,92,3.8,0,118140.55,245.1,1.038,0
8325.4,98,4.2,0,125870.22,314.2,1.012,0
12188.6,252,4.1,0,110783.83,202.5,0.86,1
22994.0,61,5.8,0,168987.17,339.2,1.045,0
8806.8,54,3.2,2,130549.09,304.1,1.062,0
14711.2,31,5.6,2,198203.03,262.9,0.764,1
7135.6,102,9.2,0,255194.58,259.4,0.953,0
4863.5,24,4.7,2,177969.37,201.4,0.769,0
21231.8,48,3.0,3,144349.73,190.8,1.203,0
11982.4,88,4.1,2,164422.33,206.6,1.077,1
15436.1,50,8.9,1,260943.15,225.6,0.979,0
11769.0,49,9.5,0,258997.83,281.3,0.811,0
3664.4,43,9.0,1,256631.86,203.8,0.899,0
18052.8,175,3.6,1,119727.39,236.1,0.977,1
6855.6,47,4.5,0,141837.44,307.8,1.163,0
14248.6,103,9.8,0,272685.3,177.9,1.059,1
5055.1,45,3.9,0,108239.63,180.5,1.031,0
5315.8,53,2.2,1,98252.0,248.4,1.004,0
7211.4,76,3.5,0,106201.52,264.9,1.062,0
6052.9,165,9.7,2,303018.62,259.9,1.177,1
4714.7,12,4.7,1,148875.66,333.5,0.775,0
31873.1,153,9.4,0,254214.15,207.2,1.05,1
10907.6,38,1.9,2,106853.73,184.0,1.024,0
3337.2,83,7.9,0,208417.55,143.0,1.029,0
4895.6,70,1.8,1,77236.46,243.4,1.084,0
6329.8,28,2.8,0,87757.15,281.0,1.085,0
7932.2,49,6.5,1,195329.75,284.0,1.031,0
16081.1,71,4.9,2,178266.33,248.7,0.974,0
12190.8,26,7.0,0,193942.09,237.2,1.043,0
10735.3,133,9.8,1,284422.7,270.4,0.964,0
3886.1,76,1.5,0,59740.84,272.5,1.039,0
14545.8,51,2.7,1,103422.06,200.5,1.072,0
3707.3,59,6.8,0,193413.1,295.5,0.878,0
9469.9,133,9.1,0,240688.71,296.2,1.106,1
12685.4,153,8.2,2,255662.15,165.4,1.083,0
12948.9,40,5.2,1,155264.24,230.6,0.786,0
11709.1,30,7.7,2,247720.83,194.0,0.776,1
12008.5,112,2.9,4,170622.65,249.8,1.101,0
11427.1,34,1.1,1,66142.6,219.3,0.826,0
4324.3,99,6.1,2,204422.57,270.4,0.921,0
4166.7,37,8.3,1,235223.67,191.0,0.93,0
17037.7,37,4.9,1,151215.33,283.5,0.996,0
17179.9,21,6.1,0,170822.73,399.6,1.08,0
5267.5,214,4.8,1,155925.83,277.8,1.138,1
11819.0,153,5.6,0,163454.06,335.9,0.942,0
13262.4,60,9.0,1,268496.17,247.6,1.097,0
10743.0,86,5.3,1,172360.5,197.3,1.068,1
18452.8,84,1.1,1,61848.13,237.2,1.008,0
8093.0,216,8.2,2,264033.27,292.3,1.048,1
8548.6,95,6.6,3,240654.19,257.5,0.971,1
18566.0,125,7.6,0,214785.34,238.4,0.983,0
4412.7,168,9.1,1,261271.49,303.5,1.063,0
16664.0,40,3.6,0,112038.48,253.7,0.853,0
23550.6,44,5.5,2,197204.32,162.5,0.886,1
14347.0,153,6.4,2,215446.84,295.0,1.057,0
10252.1,59,4.1,0,115949.93,272.7,1.106,0
4544.3,36,8.6,2,271588.07,326.6,1.054,0
11783.8,81,7.3,0,198150.63,282.5,0.955,0
6684.2,150,7.6,1,232514.61,222.9,0.994,0
8948.5,230,8.3,2,262157.3,278.2,0.833,1
13142.9,190,3.3,0,103185.9,251.8,1.038,0
6102.5,9,7.7,2,246905.63,270.7,0.902,0
5033.4,60,8.0,0,217774.53,322.6,0.854,0
7619.5,29,8.6,0,243122.69,235.5,1.169,0
22102.7,41,5.4,0,157829.66,242.4,1.013,0
13294.2,83,5.5,0,151507.36,116.7,0.887,0
6623.5,82,1.9,4,138872.29,359.8,0.909,0
7082.3,9,8.7,1,247679.03,259.2,1.016,0
19917.7,41,5.8,0,173474.64,222.9,0.846,0
4142.2,198,6.3,0,185382.67,316.4,1.154,1
21848.3,24,2.1,0,80775.83,336.6,0.735,1
5955.9,150,6.4,0,171560.69,167.9,0.967,0
21353.0,51,1.4,0,48888.09,224.7,0.998,0
16974.8,73,9.3,0,248493.4,276.0,0.96,0
5484.9,162,8.8,0,234188.46,193.0,1.09,0
15533.3,63,2.7,1,101792.42,224.8,1.042,0
3477.9,206,6.3,1,192159.79,183.1,0.954,0
18859.4,23,6.4,0,179210.84,261.8,0.916,0
5399.0,132,8.2,0,227915.61,200.4,0.922,0
18884.9,121,7.8,2,254228.13,407.0,1.065,0
4331.2,192,9.9,0,273694.67,362.7,0.914,1
5638.1,108,4.2,0,125608.53,193.8,1.292,0
24887.2,67,2.1,0,74717.98,153.2,1.051,0
14111.4,39,6.2,0,180464.11,171.2,1.011,0
6006.2,59,7.9,0,220961.5,230.7,0.988,1
12484.4,21,3.6,0,110892.79,270.0,0.875,0
12320.1,127,3.1,3,142802.95,179.5,1.093,0
9243.5,73,8.2,0,233183.19,242.2,0.858,0
12251.7,66,7.8,0,205931.01,245.4,1.199,0
20044.6,56,2.8,0,86985.22,186.6,1.117,0
16709.8,117,8.8,2,264836.56,342.8,1.079,0
14474.9,65,2.2,0,84585.74,278.7,1.095,0
5895.8,78,2.0,1,84435.04,287.1,1.038,0
4295.0,77,4.2,1,142358.07,405.4,1.016,0
10205.1,107,9.0,0,235868.78,194.1,0.962,0
16920.8,102,7.3,1,220494.86,315.2,0.975,0
2440.6,162,4.6,0,139381.52,360.1,0.929,0
7921.2,149,2.4,1,94013.73,350.9,1.021,0
13924.7,55,7.4,0,205448.43,298.8,1.218,0
21612.7,224,6.4,0,181459.73,154.4,1.059,0
1583.7,101,9.9,0,261366.05,280.2,0.859,0
10164.6,254,7.9,0,221201.69,225.7,1.151,1
7579.5,93,1.9,0,63392.56,273.4,0.861,0
10743.5,59,7.6,1,227467.45,321.8,1.15,0
14496.1,50,3.3,1,120185.57,280.5,1.036,0
3224.8,19,9.7,1,285279.75,192.0,1.03,0
5715.6,87,1.2,0,50424.84,176.6,1.137,0
6176.9,90,3.1,0,87372.79,212.8,1.178,0
8540.7,74,5.5,1,175710.48,254.0,0.964,0
19375.4,96,1.7,0,63441.43,342.1,0.783,0
5386.6,27,4.1,0,124624.39,275.9,1.091,0
6920.3,69,5.5,2,190013.83,252.6,0.88,0
4190.8,32,5.0,1,155880.45,247.7,0.906,0
8589.0,98,5.1,2,176794.56,248.5,1.036,1
9093.8,83,8.9,0,241534.16,310.7,0.948,0
9536.4,148,5.5,1,184657.76,196.8,0.917,0
34472.5,60,9.5,0,256333.39,328.4,0.953,1
16838.4,148,2.3,1,95560.68,304.6,1.143,0
10430.4,69,3.5,0,109098.14,244.0,0.94,0
14357.6,116,6.9,2,233181.7,424.0,1.003,0
7346.7,43,3.5,1,124609.02,321.6,1.146,0
30705.0,77,4.1,0,127028.94,248.8,0.972,0
17277.2,72,9.1,2,288865.57,306.0,0.882,0
15939.6,154,5.8,0,169576.31,241.6,0.966,0
22016.2,72,4.0,0,125673.96,215.2,0.758,0
26521.9,72,8.0,0,229157.92,230.6,1.014,0
5481.0,243,1.6,1,78415.95,259.6,0.956,1
20549.0,128,6.1,0,169329.44,158.6,0.866,0
13745.6,62,1.9,0,60327.91,175.7,1.276,0
12616.4,108,2.6,2,122354.77,283.9,0.877,0
24671.3,136,1.6,1,76567.68,236.6,1.124,1
5810.7,81,9.1,0,251784.69,378.7,1.078,0
10538.6,125,1.4,0,54715.31,300.2,0.95,0
9697.6,77,5.6,2,191935.23,286.4,1.061,0
13631.5,155,3.0,0,95231.79,288.7,0.958,0
13997.3,17,4.5,0,122282.0,249.2,0.949,0
20081.1,38,5.4,1,173550.17,303.6,0.961,0
11104.2,57,5.1,0,142971.67,256.8,1.092,0
25810.9,125,7.7,1,237502.38,280.1,1.035,0
14525.4,96,9.2,1,274765.28,246.3,1.033,0
5407.7,44,3.7,2,148540.98,331.3,0.794,0
7468.5,83,1.2,1,58996.07,212.7,1.046,0
15910.1,17,9.0,0,240619.87,135.0,0.867,0
13963.9,24,9.8,0,265180.1,230.7,0.87,0
13507.3,21,4.9,2,174063.5,351.6,0.993,0
27950.4,33,5.1,0,146064.37,310.1,1.198,0
18904.1,121,2.3,1,103710.15,331.0,1.059,0
8421.8,98,5.3,1,167649.55,268.2,0.847,0
9869.0,63,3.7,0,113462.84,268.3,1.268,0
8140.8,124,9.9,2,306159.21,223.2,0.879,1
6235.5,161,2.7,0,81763.6,226.0,1.13,0
29052.0,34,4.4,1,144874.98,261.9,1.17,0
13894.6,151,6.5,0,182328.64,261.3,1.022,0
4831.3,44,4.1,0,123254.51,254.0,0.847,0
24427.4,50,5.3,4,228137.6,278.0,1.017,1
6816.7,214,9.8,1,276496.43,234.3,0.991,0
12484.9,85,5.6,1,177373.38,284.1,0.771,0
11407.1,55,9.2,1,252963.98,338.7,0.96,0
3798.8,110,1.4,4,126349.86,381.4,0.845,0
2567.4,133,2.1,2,109672.99,218.0,0.997,0
16956.5,86,9.5,0,258282.35,333.2,1.085,0
21307.4,55,2.2,3,137853.85,307.6,0.977,0
12953.0,95,7.6,0,207463.12,333.0,1.142,0
39489.4,115,5.0,2,179600.8,380.7,1.059,1
7185.2,70,4.7,1,153429.63,351.3,0.89,0
3098.4,206,6.9,0,195886.12,186.3,0.917,0
14141.7,93,7.5,1,235559.81,265.0,1.151,0
5705.6,129,9.4,0,260084.52,212.4,0.974,0
10506.2,131,3.3,1,118267.03,275.4,1.33,0
19130.3,25,7.3,0,194163.74,384.3,0.863,0
7751.7,110,4.1,1,144648.67,302.9,1.137,0
10513.1,117,7.5,0,207465.95,267.0,0.791,0
20745.9,54,2.3,0,80683.95,215.5,0.619,0
9699.8,48,5.1,0,141226.11,241.5,1.057,0
14140.6,25,2.7,0,82771.26,328.0,0.735,0
15167.1,170,4.0,0,115960.18,211.8,1.159,0
9750.4,42,7.4,0,209723.01,352.1,1.152,0
9940.0,26,3.1,1,105091.28,309.7,0.912,0
10765.2,61,7.2,3,246182.77,190.9,0.94,1
7209.7,37,5.5,0,157873.83,348.5,0.734,0
13734.9,25,1.8,0,55927.63,180.8,0.806,0
7313.4,268,4.5,1,151370.74,163.4,0.86,0
7947.0,35,8.8,1,255751.43,298.9,0.853,0
5774.7,44,9.9,3,308260.32,317.9,1.022,1
21679.5,83,4.3,3,187398.64,242.0,1.187,1
4352.9,25,1.5,1,65414.66,214.6,0.953,0
28334.6,72,2.2,0,77101.1,248.4,0.994,0
10142.3,113,8.1,0,227313.7,279.0,1.03,0
8446.8,89,6.9,1,212091.55,267.1,0.864,0
5782.6,102,3.6,0,114006.51,217.7,1.015,0
6176.1,70,4.5,1,143448.66,185.9,0.92,0
7287.5,56,8.3,0,223661.78,238.1,1.201,0
45406.6,103,4.7,0,144089.49,200.4,0.944,0
7278.8,98,7.8,1,240477.49,286.6,1.04,0
14349.2,34,3.7,1,140086.14,329.1,0.976,0
9411.4,82,7.5,0,205305.38,225.2,0.954,0
29646.0,74,5.2,0,149850.36,315.7,1.052,1
12350.4,115,5.9,1,190124.31,355.8,0.947,0
4888.3,95,6.4,1,196049.3,217.6,0.98,0
8085.7,160,5.1,2,171673.1,281.2,0.96,0
35874.3,134,5.2,3,207599.06,261.2,1.258,1
17296.1,144,3.4,1,121998.71,192.3,0.983,0
10576.4,117,9.9,1,286828.91,260.1,1.086,0
5954.5,140,9.2,0,252944.67,233.3,0.915,0
6394.3,59,5.7,1,185186.33,227.3,0.963,0
5363.0,131,1.3,0,54931.81,245.2,1.128,0
3617.9,74,2.5,0,84119.62,228.9,1.034,0
16668.4,26,8.7,2,276323.08,339.4,1.223,0
14993.7,130,9.4,0,249223.81,135.5,0.936,0
11794.9,89,2.5,1,97605.58,204.5,1.229,0
23335.3,176,7.6,0,206568.13,255.1,0.995,1
16328.4,82,6.6,3,238281.08,209.5,0.986,0
4154.8,43,3.7,1,130006.65,301.1,1.053,0
10854.3,52,4.9,0,134236.35,276.9,0.975,0
17828.8,66,7.1,1,211973.24,251.6,1.107,0
10917.3,91,1.9,1,91016.66,265.3,0.984,0
11539.4,142,2.7,0,85764.34,256.8,0.929,0
3549.5,90,1.3,2,89101.31,197.6,0.993,0
7429.1,34,9.1,1,276499.23,297.8,0.724,0
14414.3,92,6.2,0,176014.68,188.3,0.923,0
9898.8,156,5.7,1,188755.24,265.9,1.058,0
3928.8,83,7.4,1,223299.26,273.8,1.155,0
17675.5,101,9.9,0,265305.44,233.1,1.101,0
9633.1,72,2.6,2,117909.7,226.9,1.022,0
11436.7,72,2.2,0,77005.66,227.3,1.003,0
4187.9,145,3.7,1,130359.02,160.7,0.965,0
3243.0,123,9.1,2,290627.56,368.3,0.992,1
11811.9,281,4.7,1,167808.05,302.0,1.073,0
21717.7,56,8.1,3,282533.07,271.0,0.908,1
17369.4,48,2.8,0,91595.19,217.9,0.994,0
15970.6,26,5.4,1,176909.59,253.4,1.121,0
12427.4,65,2.1,1,94513.89,232.3,1.094,0
4716.2,74,4.7,1,157236.87,358.5,1.044,0
2176.1,46,3.4,0,101991.41,148.0,0.886,0
38646.3,103,5.9,1,184149.52,174.0,1.123,1
9601.8,125,8.0,0,222394.87,163.3,0.76,0
7565.3,100,9.4,0,251504.48,306.3,0.919,0
11312.2,37,3.6,0,108536.43,217.7,1.036,0
5766.3,49,7.7,1,238487.9,290.2,1.1,1
8139.7,81,9.0,1,256208.89,258.1,0.942,0
27952.1,151,2.1,1,88899.56,319.5,1.056,1
13332.9,70,6.3,1,193155.85,314.3,0.876,1
15189.6,14,6.5,2,224059.05,270.5,1.048,0
10134.4,65,3.5,2,144569.39,314.3,1.13,0
20147.6,77,1.2,0,54408.08,192.8,0.993,0
19844.0,188,3.3,0,108538.97,127.6,1.18,1
9445.5,14,6.3,0,189042.3,284.9,1.042,0
10889.4,125,2.8,1,97901.45,256.4,1.09,0
22046.0,27,3.6,0,124879.51,212.4,1.032,0
11281.8,57,7.4,1,228473.92,245.9,0.745,0
8771.5,98,4.6,2,182620.9,152.2,1.141,0
9166.8,136,1.6,1,76014.43,218.0,1.072,0
8101.7,49,4.6,0,135841.89,343.2,1.018,0
11197.8,58,10.0,3,319090.39,309.4,0.859,0
8268.6,69,3.3,1,114066.06,312.5,0.995,1
11180.1,47,3.4,1,122936.08,239.3,0.96,0
6900.8,177,2.5,0,81467.56,296.9,0.77,0
13491.0,89,3.4,1,123088.27,348.8,1.254,0
14657.7,119,6.2,1,188408.46,319.9,1.153,1
16142.8,70,9.7,2,300320.06,305.3,0.906,1
14813.5,14,6.5,1,201127.6,115.4,0.919,0
19280.4,69,4.7,3,192251.02,298.3,1.028,0
11726.1,143,4.5,0,128655.94,245.0,1.098,0
11121.6,77,1.2,0,46117.44,200.9,0.983,0
7493.7,107,1.0,2,82139.31,298.4,1.043,0
17021.6,61,8.2,0,219138.09,264.3,0.92,0
7802.2,50,5.4,1,175019.51,287.8,0.905,0
3150.9,87,1.3,0,46916.56,222.7,0.939,0
7266.7,43,3.6,0,115117.04,176.2,0.937,0
17764.7,23,4.2,1,140148.58,378.2,0.826,0
15774.6,61,8.0,2,264967.47,192.5,1.008,0
12673.7,202,4.9,2,181800.59,225.3,1.168,1
34315.5,105,8.1,1,236623.44,312.9,0.874,1
13528.7,55,6.7,0,189475.53,343.4,0.942,0
6506.4,108,1.3,1,76756.31,273.6,0.918,0
6130.9,156,9.7,1,277542.41,314.3,0.868,1
14801.2,46,2.6,1,101402.13,290.8,0.646,0
23929.9,108,3.5,0,108678.97,204.3,0.913,0
11032.6,60,8.3,1,250527.02,191.4,0.92,0
13768.2,166,2.7,2,123155.37,320.3,1.12,0
14189.0,54,4.6,1,155139.95,298.0,0.999,0
35054.7,59,8.8,3,300451.55,425.8,1.106,1
18654.1,101,6.7,2,221224.6,210.4,1.001,0
21252.3,42,3.7,0,107678.35,261.4,0.964,0
6336.2,40,6.8,0,195761.5,266.6,1.222,0
7784.6,162,8.3,1,249035.11,176.3,0.953,0
7409.2,143,4.6,1,146534.6,227.6,1.007,0
9561.7,121,6.1,1,199600.42,290.3,0.94,0
11550.6,49,9.9,1,288800.3,289.7,0.94,0
13213.7,239,9.7,0,264435.52,221.6,1.133,0
10569.5,79,5.6,1,176950.09,250.8,1.008,0
7301.6,85,1.9,2,99998.32,377.3,0.88,0
5492.1,194,7.3,1,222178.01,257.6,1.03,0
14009.8,75,3.4,1,128913.61,221.3,1.124,1
16414.4,46,7.0,1,209270.83,385.1,0.919,0
9818.0,115,4.2,1,141969.59,279.4,0.92,0
3539.0,87,7.5,2,247128.07,208.7,0.924,0
18545.6,124,4.3,2,169171.19,323.0,0.971,0
9565.7,175,9.5,2,289542.68,197.1,1.055,0
4421.1,181,2.2,0,76410.06,206.2,1.005,0
10950.2,53,1.6,0,58041.44,229.1,1.025,0
19269.0,61,8.0,1,239517.92,207.3,1.166,0
8551.2,12,4.6,1,154366.62,213.4,1.017,0
1681.5,45,5.2,1,168686.47,193.7,1.093,0
9263.9,73,9.4,1,279062.57,266.1,0.935,1
7070.6,164,6.3,0,178259.91,185.5,1.062,0
12150.9,72,6.9,2,221620.61,179.0,1.038,0
11104.6,136,1.2,1,63638.25,287.5,0.968,1
8098.1,51,7.0,0,209872.98,246.6,1.037,0
7793.5,35,4.5,0,128591.56,260.1,0.818,0
22459.7,77,5.1,1,169227.33,244.5,1.059,0
14753.4,93,8.3,3,287805.33,393.1,0.842,1
14484.1,46,5.7,2,207898.82,261.1,1.158,0
17952.7,31,9.9,2,303959.96,249.0,0.978,1
9517.1,55,8.2,1,246828.22,282.6,0.911,0
25806.5,114,7.6,3,262726.2,279.4,1.091,1
13291.7,77,6.3,0,173843.87,317.9,1.047,0
11799.9,39,4.7,0,137759.16,270.3,1.001,0
13195.3,43,1.5,0,53739.16,285.2,0.679,0
9244.7,122,1.2,2,92398.79,306.1,1.119,0
7283.3,68,1.4,2,100644.85,324.9,1.011,0
20318.1,25,9.6,2,297905.06,232.9,0.934,0
5166.8,153,3.9,0,113476.26,171.1,0.884,0
5469.9,26,7.3,0,197663.28,160.5,1.152,0
10333.3,140,6.3,0,185187.0,290.5,1.045,0
6377.4,52,6.1,1,187882.13,272.7,1.198,0
3546.6,37,6.2,3,221402.96,180.6,1.156,1
5344.4,85,3.7,2,154007.9,260.0,1.026,0
6495.5,65,9.0,2,283162.49,233.9,1.054,0
13638.3,54,9.3,1,264397.85,212.8,0.823,0
9857.5,88,6.8,1,207738.84,149.6,1.085,0
18401.0,29,8.8,1,261924.05,236.9,1.02,0
5147.7,81,1.5,0,61873.01,281.7,0.998,0
5750.6,85,1.9,0,66217.16,367.7,0.947,0
12452.5,52,6.0,1,184752.66,178.8,1.087,0
7088.6,4,8.6,2,268126.64,233.6,0.939,0
8957.9,67,3.8,1,135507.34,357.3,0.871,0
5389.5,66,5.9,2,208686.51,318.9,0.884,0
5143.9,61,1.1,2,85749.17,308.7,0.858,1
6920.6,19,9.9,2,297462.69,260.1,1.116,0
19010.3,82,7.9,1,238710.71,309.4,0.949,0
4348.2,131,4.3,1,136988.12,211.5,0.989,0
20252.4,63,9.8,1,292101.13,202.4,1.164,1
18007.5,29,1.8,0,74462.13,164.5,0.884,0
8084.2,100,5.2,1,166879.39,256.6,0.865,0
11079.7,177,1.5,0,55080.07,299.0,1.02,1
13041.7,39,4.0,1,141044.89,282.8,0.937,0
15933.2,40,3.0,1,109709.12,363.0,1.122,1
5746.2,156,3.8,1,129220.28,214.5,0.982,0
16988.2,67,9.5,0,249711.05,325.7,0.91,0
11610.8,17,4.8,1,165927.64,268.1,0.919,0
6024.7,210,3.9,0,122499.64,322.3,1.099,0
11685.2,8,6.8,1,204404.02,257.2,0.963,0
5981.7,15,7.2,1,219228.34,258.8,1.045,0
10847.2,31,9.9,0,264263.42,275.5,0.902,0
8311.7,117,5.9,0,166648.67,261.7,0.879,0
12050.3,123,7.8,1,230171.8,346.6,0.893,0
12461.5,26,4.4,0,135149.09,131.0,0.914,0
21794.9,41,2.5,0,81585.27,220.5,1.069,0
15414.9,91,4.9,0,137953.42,222.5,0.827,0
13903.8,175,4.8,1,152575.56,316.9,0.863,0
3397.1,7,4.8,1,151034.38,230.9,1.074,0
18668.5,16,7.3,1,220890.14,257.2,1.053,0
8528.4,52,4.7,2,165383.11,238.1,1.069,0
5393.1,22,9.6,0,265960.6,301.3,0.858,0
31242.1,150,9.8,2,303985.16,252.5,0.996,1
7083.8,71,5.7,2,184802.48,311.6,0.804,0
23109.6,142,6.0,3,222007.75,319.1,0.828,1
13138.3,92,4.7,1,149594.13,377.2,0.955,0
14805.2,114,4.2,1,131796.93,312.1,1.032,0
10902.5,45,9.9,0,271054.53,289.0,1.124,0
6130.8,14,1.4,1,74951.81,369.4,0.949,0
16436.1,65,4.7,2,178481.4,328.1,1.059,0
12600.8,131,2.4,0,80125.22,265.5,0.89,0
12495.1,207,7.5,2,250209.14,242.1,1.167,1
11478.0,62,2.8,1,109405.91,333.0,1.09,0
9396.9,117,9.0,2,285285.98,236.9,0.912,0
16502.6,45,4.4,3,186886.98,285.2,0.95,0
14580.8,55,9.3,2,291675.04,166.3,1.027,1
17542.1,70,9.9,2,306431.9,249.2,0.937,1
9652.3,184,7.9,0,216108.02,346.4,0.872,0
9188.0,115,6.6,0,176422.59,197.7,1.036,0
7865.2,104,2.3,0,81880.4,306.1,1.003,0
11669.0,178,9.4,1,270989.03,129.6,0.931,0
3515.2,41,8.0,3,267955.64,335.9,1.026,0
39656.7,61,3.6,1,127424.71,212.5,0.817,1
7363.1,105,5.2,0,149479.26,239.4,1.045,0
21380.3,49,1.6,0,63077.49,344.8,1.023,0
8412.3,59,6.9,0,197682.26,237.4,0.892,0
15293.0,87,2.1,0,75095.67,316.2,0.78,0
27046.8,72,6.9,0,189904.34,302.2,1.061,0
14812.3,33,7.0,0,185577.7,333.9,0.907,0
26185.3,44,3.9,2,151637.25,319.0,1.066,0
20682.1,32,9.5,1,276610.94,253.3,1.105,0
5863.2,117,8.0,1,247346.61,330.7,1.233,0
16583.3,43,5.5,0,149995.71,275.0,0.778,0
13509.5,105,9.3,0,241316.79,274.4,1.086,0
6989.5,82,8.7,0,240399.97,363.1,0.897,0
19695.3,73,7.2,0,200952.89,280.6,1.069,1
5038.8,28,2.4,2,111191.32,252.1,1.026,0
18988.6,81,5.5,2,196523.98,360.2,1.188,0
16706.9,98,8.8,2,269309.94,262.6,1.051,0
11813.3,118,6.5,2,229811.64,194.7,1.152,0
7593.5,32,5.9,1,190596.38,166.4,1.0,0
16451.3,63,9.6,2,300521.76,252.9,0.893,0
2776.4,137,1.1,2,85935.78,231.3,1.285,0
6699.0,128,1.1,1,67432.05,322.3,1.04,0
11002.7,70,9.0,0,243898.76,227.1,0.953,0
11818.9,27,1.3,0,55753.02,182.9,0.929,0
6806.4,122,4.0,2,157497.25,260.4,1.118,0
6914.9,74,9.3,1,277567.61,164.2,0.748,0
15082.0,38,7.2,1,218225.2,263.3,0.836,0
5975.3,64,6.8,0,192105.17,261.9,0.992,1
8858.5,28,6.9,2,223096.42,239.1,0.746,0
5022.0,121,3.9,1,139151.35,183.4,0.901,0
11364.2,18,5.8,1,182980.6,219.0,1.001,0
9749.2,143,6.7,0,188845.42,249.2,1.113,0
2597.7,88,3.8,3,171316.07,183.7,1.117,0
4354.1,28,8.2,2,262253.74,282.1,1.077,1
22133.2,60,3.9,0,114958.69,291.7,0.8,0
7171.1,56,1.6,2,102992.46,265.2,0.861,0
13711.2,40,2.8,0,92462.74,213.7,0.972,0
5712.6,83,4.7,0,136492.16,245.1,1.134,0
23952.8,180,9.2,0,252827.29,349.0,1.084,1
3346.2,42,4.7,0,141052.76,294.9,1.018,0
20910.4,78,1.8,0,63137.55,250.2,0.748,0
11795.1,75,2.8,3,148554.85,301.5,1.092,0
16209.7,83,5.9,2,208846.66,128.5,0.932,0
22316.5,9,2.6,0,73283.4,410.9,0.911,0
12845.6,149,1.6,1,71696.33,187.2,1.091,0
27478.9,273,7.4,1,216827.06,276.4,0.909,1
22113.4,74,8.1,2,249945.69,205.4,1.027,0
15918.8,116,8.7,1,259965.0,194.6,1.021,0
20167.1,96,8.6,0,230570.05,322.4,1.221,0
11123.8,32,4.4,0,135112.83,252.5,0.94,0
6167.9,70,7.6,1,230417.41,270.0,1.094,0
36529.1,45,6.3,1,195656.05,278.4,0.86,1
11580.8,65,1.2,1,65484.34,296.0,1.019,0
13209.6,76,4.6,0,131333.81,291.5,0.955,0
4508.8,80,1.5,1,70924.02,312.3,1.018,0
23088.7,42,1.8,0,66773.4,149.3,1.029,0
13002.5,80,1.5,0,59172.84,212.9,1.145,0
15073.9,67,9.6,0,246658.12,205.7,1.015,0
16254.8,142,8.6,1,259714.36,323.0,0.89,1
7044.1,112,5.0,0,142497.19,305.4,0.807,1
22741.1,126,3.2,1,119406.49,299.5,0.931,0
13824.5,132,1.7,0,65143.85,204.6,1.122,0
2728.8,37,4.9,0,136140.94,188.1,1.069,0
20212.3,109,6.4,0,172626.9,160.2,0.958,0
10505.9,35,8.2,1,237988.13,280.7,0.929,0
7528.6,167,1.5,0,62575.53,168.2,0.98,0
3613.7,108,4.8,1,157094.39,304.7,0.854,0
8862.5,34,9.8,3,324271.52,218.7,1.038,1
8264.6,82,2.1,2,95832.11,229.0,1.042,0
21453.5,40,4.6,1,152099.72,242.1,1.178,0
7861.0,53,3.5,0,100908.96,184.6,1.097,0
4165.7,91,2.2,1,98329.3,314.3,0.747,0
15166.3,48,8.6,1,249572.19,192.0,1.132,0
22063.3,62,7.3,1,214490.34,243.6,1.037,0
9229.5,134,4.7,0,135896.32,320.6,0.977,0
30505.4,65,4.3,1,137460.37,144.0,1.019,0
20069.9,37,8.4,2,267376.97,178.7,1.029,1
23161.5,16,1.8,0,59518.41,228.8,1.085,1
14918.0,113,2.3,0,72350.36,256.6,0.942,0
13971.9,112,9.2,2,284841.7,293.3,1.106,0
7641.7,82,8.4,0,218025.47,266.8,1.327,0
26744.0,252,8.0,0,217471.64,287.0,0.875,1
24291.7,60,6.6,0,182512.96,281.3,0.921,0
27067.6,143,3.6,1,135399.57,292.5,0.995,1
11160.1,45,9.4,0,258741.45,178.0,0.829,1
9325.9,117,5.4,2,187600.48,228.8,0.98,0
17381.1,33,3.5,0,103758.1,250.7,1.115,0
8518.6,115,4.3,2,165188.66,270.6,0.995,0
11233.9,62,1.2,0,48700.9,241.8,0.844,0
2983.8,101,3.3,1,127065.19,244.9,1.11,0
13250.4,84,2.7,1,106355.64,229.9,1.038,0
15891.0,111,2.2,1,94606.49,258.0,1.07,0
23453.5,15,1.3,2,91615.13,396.1,1.077,1
17760.6,67,3.0,1,121988.39,264.0,1.108,0
19490.5,138,1.9,2,104866.72,192.6,0.998,1
29382.9,150,1.4,0,59063.56,317.4,1.039,1
6771.1,98,2.2,1,93672.87,153.5,1.057,0
6013.3,141,2.8,1,104802.79,276.1,1.045,0
12720.8,65,4.7,0,141957.6,261.3,0.984,0
5537.1,2,6.3,1,191136.02,355.2,1.037,0
13764.3,46,3.9,2,147566.46,274.5,0.82,1
5677.6,78,2.3,0,74683.81,349.7,1.083,0
6475.2,85,9.5,0,259450.94,261.1,1.014,0
3647.4,94,5.6,1,178496.73,283.8,0.933,0
13134.8,74,7.7,1,236472.21,223.2,0.806,0
4678.9,75,7.2,1,223934.17,236.5,1.017,0
15326.1,120,3.6,1,138933.89,297.0,0.863,0
16789.1,40,6.0,0,170393.81,332.7,0.871,0
7273.9,84,6.4,0,183604.8,154.4,0.746,0
18121.1,98,4.2,2,167823.79,384.6,1.156,1
16977.5,49,7.0,1,206496.08,287.1,0.832,0
20676.8,61,8.1,1,248089.89,239.6,1.169,0
6879.7,183,4.3,1,137043.66,288.2,1.165,0
6699.1,82,1.1,1,73620.05,227.1,0.956,0
16286.4,297,4.1,1,143512.11,304.9,0.971,1
12616.8,78,2.1,0,70619.81,301.4,1.014,0
13319.0,124,2.4,0,74796.74,267.7,0.912,0
23896.8,23,4.3,2,156834.72,205.5,0.975,0
4184.6,15,2.9,0,90082.26,261.5,0.901,0
18826.7,36,9.4,0,252988.97,271.6,0.892,0
16990.3,133,6.9,4,260279.59,313.9,1.227,0
15909.8,62,5.7,1,177423.29,226.5,1.05,0
19752.7,23,1.1,3,105214.48,238.9,1.075,0
10201.4,77,1.9,3,130461.57,336.9,0.957,0
5413.8,125,8.1,0,220416.39,362.1,0.921,0
7842.6,39,4.5,2,169080.61,262.9,0.871,0
7224.9,130,1.4,2,85885.74,334.1,1.054,0
1454.3,28,8.4,0,229101.63,259.8,0.925,1
15925.4,123,3.7,0,109788.07,189.9,1.088,0
9395.3,145,4.5,0,135855.94,222.3,0.936,0
10313.0,46,9.8,2,295731.55,218.1,1.091,0
8146.3,158,1.1,0,50640.03,237.4,1.075,0
11265.7,177,7.5,0,202660.57,238.8,1.258,1
25867.8,95,9.5,2,303501.58,387.4,0.925,1
3603.1,49,1.6,3,117240.14,217.8,0.951,1
28523.5,307,8.8,2,276344.32,199.3,0.992,1
13051.7,44,4.7,3,197918.56,332.4,1.137,0
8484.3,191,8.9,0,246871.66,164.5,1.012,1
9129.1,234,3.8,1,135492.81,276.4,0.854,0
6400.7,98,9.8,1,278712.53,258.6,1.165,1
2739.6,33,6.8,0,196410.07,238.4,0.861,0
5702.3,92,6.6,2,227739.47,209.5,1.0,0
11291.9,256,8.3,3,278085.21,196.0,0.91,1
9795.3,49,4.9,1,164381.27,296.8,0.911,0
14786.3,71,3.3,3,146907.88,326.7,0.88,1
8194.6,12,3.4,0,95286.12,220.8,1.103,0
7510.0,71,4.0,1,137190.39,249.3,0.991,0
33955.9,114,6.6,3,242891.36,192.0,0.95,0
6509.0,36,8.5,1,253696.75,265.2,1.138,0
6777.4,187,5.5,1,175317.92,225.2,1.129,0
19568.6,25,4.6,1,154643.55,272.4,0.992,0
16954.4,49,8.1,0,224330.64,253.4,0.936,0
8858.7,166,3.6,1,124689.25,184.6,0.905,0
17749.7,67,7.2,0,203779.09,266.5,1.032,0
12102.5,212,2.0,1,89954.86,256.2,0.824,0
8250.1,16,2.0,0,79595.03,223.4,0.97,0
16312.2,58,6.8,0,193431.3,310.7,0.816,0
11408.7,94,1.7,0,75266.03,253.8,0.936,0
2871.5,250,2.4,1,95577.63,283.8,1.207,1
16322.4,83,6.6,1,209468.85,366.1,0.981,0
10437.6,108,4.9,1,170694.58,373.4,1.156,0
24738.5,74,6.1,1,182747.14,185.2,0.968,0
18208.5,69,9.8,1,277059.38,303.7,1.115,1
12660.0,49,6.7,2,224298.35,249.1,0.841,1
9014.8,99,6.3,0,180787.11,279.7,0.909,0
11224.9,62,4.4,1,158579.92,329.9,1.152,0
6297.3,112,6.7,1,202439.27,303.3,0.982,0
12658.3,82,1.1,1,55558.14,253.1,0.9,0
25776.4,58,6.0,0,171791.98,321.3,1.065,0
30462.0,188,1.6,0,60792.24,231.4,0.988,0
21680.2,45,3.0,0,96867.64,274.6,1.093,0
12238.1,50,6.1,0,167342.61,303.0,0.849,0
4165.0,10,7.0,2,222356.95,306.8,0.972,0
10820.1,64,4.5,1,158553.29,158.3,1.0,0
18881.4,179,4.8,2,178536.04,211.3,1.158,1
17707.7,182,5.5,1,184065.31,214.1,1.072,0
10211.9,54,7.8,0,209588.48,246.6,0.878,0
9724.4,106,1.2,2,85753.64,302.3,1.067,0
14124.1,121,5.0,1,167725.01,274.1,0.666,0
11635.4,24,1.1,1,71433.73,312.4,0.86,0
10785.5,154,3.9,0,124003.59,367.8,1.083,0
10475.1,28,5.7,1,175320.91,261.3,1.07,0
23365.7,57,1.7,1,80662.8,274.7,0.909,0
5752.8,33,5.4,0,157917.53,338.4,0.86,0
9381.1,93,9.3,0,254004.21,201.0,1.093,0
9708.6,41,7.2,1,206567.12,288.5,1.09,0
12432.7,49,8.0,0,224196.53,261.3,1.043,0
11419.5,135,6.2,0,177841.28,171.9,0.997,0
10974.5,53,9.1,0,244326.45,318.5,0.909,0
5995.0,75,2.3,3,133049.47,337.1,1.057,0
11410.1,27,5.0,0,135857.85,316.1,0.89,0
16081.8,20,6.4,0,187880.21,215.4,0.899,0
12682.0,85,8.9,0,241847.78,391.9,0.894,0
5682.0,51,3.8,1,128627.66,320.4,1.1,0
11976.2,208,1.0,1,72109.6,302.4,1.066,0
11534.7,266,9.8,0,256118.12,316.1,0.867,0
9159.7,29,1.2,1,66228.31,295.3,0.873,0
12761.9,21,2.4,1,103656.99,244.3,1.25,0
7657.1,211,4.8,0,135165.05,288.1,1.178,1
16477.4,101,5.5,0,153580.17,299.8,0.857,0
29435.2,84,8.5,3,287185.7,265.7,1.079,1
17279.5,23,5.0,0,148825.32,216.2,0.7,0
6894.8,253,5.9,0,168226.71,272.6,0.911,0
15975.3,40,2.8,1,109492.75,318.5,0.793,0
18239.5,124,6.1,0,173607.79,259.9,0.886,0
13995.7,120,4.1,0,123197.6,327.0,1.02,0
14823.6,19,1.9,1,84640.17,243.1,1.058,0
10798.0,46,9.5,2,293360.34,258.5,0.908,1
5100.7,25,1.7,0,62281.02,156.3,1.134,1
10364.2,13,7.1,0,187652.07,285.5,0.986,0
6249.1,64,9.2,0,258640.69,137.4,1.126,0
9832.5,28,2.6,0,79280.23,264.4,0.878,0
8091.8,40,3.1,2,131497.86,280.4,0.747,0
5980.1,23,4.8,2,183027.16,262.0,1.087,0
22856.0,59,3.7,1,138754.19,181.8,0.825,1
11281.6,207,7.8,1,239302.34,310.0,1.403,1
8263.1,92,4.0,1,142154.67,355.4,0.751,0
3739.4,50,9.9,2,304470.78,383.3,1.157,0
17716.1,71,8.7,0,236641.78,261.4,1.195,0
12923.4,88,9.1,0,249635.43,246.3,1.096,0
31751.6,89,1.6,0,64853.04,186.4,1.056,1
7274.3,60,2.6,1,107827.62,289.1,0.93,0
21840.5,44,2.5,3,142662.61,351.8,1.066,0
10362.2,124,7.0,0,193638.02,252.7,0.999,0
6464.5,31,1.1,1,65843.54,312.9,0.806,0
8850.7,125,8.3,0,217187.65,99.6,0.84,0
12082.7,54,5.9,2,210729.06,202.1,0.935,0
8269.2,154,6.1,1,190036.15,293.8,1.053,0
5224.3,35,5.8,1,175043.72,169.0,1.279,0
6318.8,34,5.8,1,184728.28,212.4,0.955,0
15185.7,77,2.8,1,113191.06,218.1,0.907,0
5806.7,40,3.5,1,126307.31,292.8,1.02,1
7601.6,212,5.4,0,157101.98,269.0,1.052,0
5948.5,45,7.1,0,194959.62,227.2,0.993,0
13112.7,37,3.4,1,119616.04,229.3,1.075,0
40376.5,99,8.3,1,246553.94,197.5,1.127,1
14829.9,9,8.3,1,241205.86,263.2,0.846,1
7058.6,220,3.5,3,160954.05,289.6,0.983,0
13104.5,111,6.0,0,164836.22,308.9,1.143,0
7332.7,88,4.1,0,122901.62,362.8,0.844,0
12407.4,42,2.7,1,109784.06,294.1,0.965,0
24370.4,67,8.3,0,219832.93,198.5,0.894,1
10928.8,46,9.9,0,265947.76,292.9,1.15,0
13632.5,53,6.1,4,240214.04,175.7,0.839,0
11205.5,132,9.2,1,273918.37,250.6,1.081,0
18584.4,94,6.8,0,189517.19,266.4,1.106,0
16234.6,57,6.1,0,171919.05,307.1,1.128,1
9089.9,18,5.3,1,170099.88,304.3,0.979,0
16239.9,275,3.1,1,112949.07,248.4,0.948,1
12467.7,32,1.8,2,91929.02,260.6,1.023,0
8648.5,133,5.0,0,142983.15,315.4,1.188,0
8737.0,45,6.1,0,175941.9,192.5,0.969,0
12251.5,83,5.6,0,156867.7,329.6,0.902,0
13518.9,37,7.3,0,204324.28,288.8,1.131,0
10213.0,44,2.7,0,80961.76,148.3,0.878,0
13705.9,41,4.2,0,131785.14,278.6,1.109,0
6936.9,79,4.7,0,146764.74,326.2,1.036,0
5642.2,42,2.7,0,89678.92,381.2,1.099,0
4126.3,77,9.2,1,267518.33,229.8,0.804,0
15047.0,167,7.1,0,193850.23,292.9,0.904,0
3866.8,30,1.8,1,73598.54,295.8,0.927,0
13626.3,30,7.4,1,225935.5,295.5,0.978,0
8341.2,190,5.9,1,192013.45,249.4,0.995,1
9268.0,113,5.7,2,197990.62,258.0,0.968,1
9347.9,74,9.9,0,268754.08,240.4,0.963,0
36459.9,22,6.6,0,179199.1,276.5,0.784,0
7738.7,19,9.1,0,248736.7,294.3,1.074,0
6204.3,37,9.2,0,255629.54,211.1,0.871,0
28537.1,81,1.9,1,88690.22,289.0,1.077,0
4431.9,139,1.1,1,60566.25,287.3,0.79,0
5159.1,79,4.9,0,140345.14,264.8,1.036,1
17903.7,83,7.9,0,221555.34,221.2,1.007,1
13890.3,151,8.4,1,245516.86,195.2,1.0,0
8715.3,98,8.1,0,231121.09,164.8,0.873,0
5738.2,49,5.0,1,175171.22,184.3,1.158,0
2627.1,70,7.7,0,212379.15,181.2,0.999,0
25102.8,142,7.5,3,274327.42,297.7,0.845,0
16265.1,88,3.8,0,115725.03,108.0,1.124,0
23606.4,201,2.5,2,124608.14,268.7,0.883,1
19759.1,42,6.6,3,240261.48,184.1,0.965,1
14292.0,32,7.1,0,197632.9,302.5,1.128,0
7608.3,92,6.1,1,184088.26,358.6,1.011,0
5753.3,78,2.9,3,146007.83,281.8,0.827,0
20832.3,30,3.5,1,134053.89,312.9,0.832,0
8352.8,46,7.4,1,225118.33,290.5,0.897,0
5967.4,168,9.7,1,279820.6,176.6,1.017,0
7273.7,101,9.5,1,275416.78,306.3,1.017,0
21546.3,49,5.7,2,200974.42,289.7,1.218,1
6360.8,36,9.0,2,280579.38,288.7,0.829,1
8744.6,57,1.3,0,54011.84,267.0,1.117,0
10368.0,137,8.8,1,256147.26,227.1,1.126,1
12648.0,76,5.3,1,169101.08,276.5,1.146,0
6045.6,69,8.0,0,215779.24,326.3,0.849,0
10165.8,141,1.1,1,73192.22,214.0,0.957,0
18094.6,31,8.8,0,235293.62,251.9,1.009,0
31779.6,41,6.4,0,180368.5,240.8,0.955,0
5357.9,81,3.2,0,96788.02,270.4,1.03,0
5929.2,69,4.1,1,138492.84,305.7,0.993,0
6504.0,59,2.8,1,106031.42,270.7,1.149,0
15667.8,146,4.8,1,155426.74,347.0,1.101,0
5612.4,14,4.0,0,120918.93,234.0,0.821,0
9955.7,33,5.8,1,187361.83,300.3,1.018,0
9352.0,33,8.3,0,231713.02,236.4,0.845,0
33322.1,107,9.8,0,257009.92,199.5,0.806,1
7697.9,53,3.3,0,106720.93,348.1,0.993,0
7417.0,256,2.0,0,72430.56,247.4,0.857,0
15660.2,150,4.6,0,131065.43,214.2,1.16,0
13080.9,53,2.3,1,98827.48,232.7,0.959,0
7107.6,105,8.5,1,255876.25,314.0,1.18,0
22380.7,102,5.5,1,174214.42,333.8,1.047,1
4340.2,178,6.6,0,181056.53,346.8,0.98,0
10564.5,61,2.4,0,86935.9,236.6,0.959,0
8992.0,48,7.7,0,222778.67,250.9,0.839,0
10029.5,97,9.8,0,268250.5,272.8,0.777,0
7067.5,61,5.3,1,177746.89,191.6,0.96,0
10162.8,113,9.7,1,280322.23,275.2,1.032,1
12244.5,166,1.3,0,58161.23,250.1,1.099,0
1862.0,37,1.3,0,42242.23,360.0,1.129,0
8145.7,45,9.6,2,300557.25,234.8,0.823,0
6539.3,156,7.3,0,206004.74,258.3,1.047,0
27507.0,73,2.7,0,90907.42,364.2,0.95,0
14021.6,75,4.3,1,147150.19,218.6,1.223,1
6305.1,140,5.6,3,215566.17,271.3,1.269,1
7882.0,68,7.3,1,218436.53,301.6,1.14,0
9198.3,124,8.6,0,244623.79,230.7,0.926,0
7775.8,39,1.7,1,89836.66,312.4,0.775,0
14626.5,55,6.9,1,222601.71,246.3,0.879,1
24924.6,184,5.3,0,149492.85,257.4,0.995,0
991.2,74,6.4,1,201298.51,153.6,1.067,0
8861.7,37,5.6,3,217669.71,270.0,0.949,0
31686.8,36,5.1,1,154233.94,214.0,1.041,0
9076.9,69,2.8,0,91202.23,206.4,1.101,0
12654.9,127,5.3,0,153016.46,307.5,1.142,0
2257.9,7,2.7,0,89529.4,286.9,0.864,0
22236.9,50,1.4,0,51052.52,196.3,1.004,0
5295.1,102,4.4,0,134415.13,181.1,1.043,0
13824.3,86,1.2,3,106395.42,145.1,0.908,0
5954.1,96,6.1,0,169373.26,333.9,1.025,0
1429.5,42,1.7,1,82528.55,80.0,1.134,0
13097.3,80,4.9,3,192854.09,280.2,1.17,0
16475.3,144,9.8,0,267484.7,180.8,0.667,1
10375.9,54,1.1,0,46815.17,320.5,1.037,0
4861.2,77,4.3,0,127746.35,315.3,1.035,0
35176.3,17,7.1,2,229194.41,212.6,1.096,1
16118.6,101,2.4,1,93380.41,224.8,1.089,0
11946.7,43,6.0,1,183453.16,253.3,0.966,0
20251.5,27,3.3,0,96938.6,223.0,0.975,0
7772.3,50,3.0,1,113680.0,316.8,1.05,0
29021.2,104,9.1,0,248505.12,261.3,0.877,1
16287.0,44,2.8,1,110640.66,317.1,0.977,0
19178.7,31,4.4,2,162273.15,248.1,0.995,1
8752.4,116,2.5,0,77178.4,347.4,0.932,0
5202.3,36,3.6,0,111114.26,167.9,0.852,0
12050.1,247,3.6,0,112991.47,234.0,1.02,0
7984.8,140,3.9,1,142042.3,300.3,1.071,0
30921.2,184,6.8,1,201400.93,211.4,1.1,1
4247.0,82,7.7,0,211284.78,190.5,1.038,1
23315.6,43,5.6,1,180159.73,156.3,0.979,0
3292.2,146,6.5,2,210884.79,278.5,1.022,0
5938.5,29,8.3,1,245197.82,315.6,0.899,0
3238.2,15,10.0,1,279379.14,239.0,1.081,0
7784.4,96,5.1,0,145090.68,295.4,0.718,0
9501.7,25,9.4,1,280630.44,375.4,0.938,0
7166.5,69,5.4,0,165493.83,315.9,1.036,0
13816.2,66,8.0,1,239673.71,309.1,0.916,0
9545.8,124,6.2,0,175769.36,233.6,0.972,0
2314.6,28,9.0,0,244136.9,236.4,0.992,0
5725.4,21,5.0,1,168591.74,281.5,0.906,0
8695.6,63,7.3,1,223837.12,258.4,0.897,0
19764.4,6,5.2,0,142420.74,288.3,1.069,0
11592.0,91,8.7,0,240684.11,102.3,1.086,0
8035.6,86,9.9,1,280697.22,224.6,0.951,0
3888.5,87,3.2,0,105598.29,326.1,0.909,0
11896.5,62,5.3,1,175400.81,148.3,0.999,0
22395.5,215,1.7,1,73372.03,214.1,0.857,1
8934.3,98,2.3,0,81775.73,245.5,0.867,0
6102.9,116,9.4,2,284580.11,150.6,0.908,0
15040.3,47,5.9,2,202467.31,295.0,1.155,0
20209.4,63,4.6,0,127619.9,283.4,0.916,0
9697.7,38,7.0,2,234611.62,140.8,1.068,0
16057.0,80,6.0,0,178898.11,240.1,0.848,0
8298.7,38,3.6,0,109024.48,244.6,0.957,0
16497.3,118,3.0,1,111303.37,298.7,1.084,1
23031.8,72,6.3,0,177625.84,304.0,1.017,0
17903.2,3,2.7,1,112648.95,308.7,0.942,0
14687.8,36,2.3,0,81335.22,323.2,0.976,0
27327.2,173,3.9,2,159583.13,272.5,1.217,1
9210.7,181,8.8,1,256642.8,350.4,1.188,0
14684.2,106,1.3,0,42499.61,295.0,0.945,0
9401.2,63,8.5,1,241532.91,257.5,0.964,0
14689.3,159,6.6,1,201762.42,364.4,1.057,0
16144.8,67,1.4,0,47043.61,214.9,1.129,0
18565.9,154,6.4,1,202018.6,266.4,1.255,0
11102.6,79,4.8,0,139711.81,272.8,0.803,0
2843.7,59,8.6,0,225143.63,291.3,1.01,0
9520.0,117,9.2,1,268825.06,232.3,0.896,0
15825.0,32,3.6,1,123732.48,222.6,1.099,0
13043.6,38,8.1,0,220413.2,328.7,1.011,0
14176.9,23,3.8,1,137910.72,191.2,1.083,0
16727.9,99,3.7,0,117858.36,333.3,1.091,0
5196.5,70,2.7,2,130798.82,255.0,1.1,0
17219.3,344,7.1,2,237143.83,275.1,1.004,1
28084.0,101,3.4,0,112820.79,229.9,1.06,0
8695.5,58,5.2,1,166073.88,247.3,0.839,0
18784.8,66,8.3,0,226846.02,320.6,0.836,0
11508.0,86,8.1,2,255801.44,232.7,1.111,1
13951.4,47,8.7,0,237841.66,154.2,0.993,0
17766.9,8,2.4,0,81242.59,262.9,0.981,0
13000.1,23,6.3,0,177925.07,215.4,0.944,0
8372.6,52,9.2,0,250696.56,204.3,0.958,0
13343.4,18,1.4,1,77148.31,220.4,0.987,0
6084.0,73,8.2,0,224128.62,389.1,0.888,0
3943.2,139,3.2,1,118018.45,249.0,1.046,0
2003.9,39,7.0,1,215686.48,231.0,0.985,0
23861.0,53,7.5,0,200160.05,310.8,1.027,1
14368.1,65,9.3,0,247267.01,292.6,1.05,0
16245.8,58,5.6,1,176323.3,329.6,0.769,0
12567.5,74,8.6,0,238941.44,347.2,1.12,0
3303.9,11,1.4,0,55421.52,407.4,0.886,0
22936.9,148,4.8,3,192170.45,215.6,0.874,1
8383.3,62,5.0,2,180655.45,318.8,1.309,0
2175.6,36,5.8,0,171951.83,217.2,1.052,0
9448.5,89,5.3,2,183832.06,248.8,1.082,1
21386.6,134,9.7,1,281398.43,291.7,0.935,1
6022.1,31,1.7,1,75019.23,264.6,0.938,0
8947.3,91,3.4,1,118314.99,281.3,0.906,0
8557.0,164,9.7,2,299424.86,249.3,1.017,1
5900.9,164,5.0,2,185394.7,206.0,0.748,0
11630.3,120,6.1,0,174625.0,306.5,0.97,0
6447.7,48,1.7,0,66519.52,189.2,1.036,0
23498.3,32,3.6,0,110112.39,346.2,1.13,0
3732.6,38,1.4,0,60944.01,257.2,0.832,0
4743.9,162,2.2,1,97105.3,321.2,1.136,0
8940.1,106,6.7,1,205042.88,376.6,1.023,0
10845.2,122,7.9,0,221666.79,272.1,0.822,0
7101.1,70,8.8,1,259081.76,197.4,1.015,0
16879.2,13,3.3,1,122601.23,331.5,1.072,0
9726.2,90,4.0,0,124687.75,245.5,1.113,0
14852.4,36,6.1,0,180965.79,189.2,0.986,0
22542.7,141,1.8,1,90726.34,317.1,1.095,0
26827.5,39,8.3,2,272235.32,297.0,0.924,1
9072.6,84,5.3,1,176831.42,270.5,1.061,0
11572.6,108,9.7,1,279882.2,211.1,1.015,0
12960.0,350,2.1,0,73223.36,334.5,0.917,1
9257.6,68,2.2,0,71781.04,323.2,0.955,0
5650.4,70,4.1,0,121271.47,258.4,1.201,0
19445.9,142,2.9,1,110413.03,356.5,0.937,0
5652.4,62,7.3,1,223033.87,318.8,1.076,0
20542.9,53,9.5,1,272785.94,218.6,1.017,0
14217.4,44,1.8,3,121380.28,231.9,1.037,1
12674.0,76,3.2,1,110133.94,281.4,1.157,0
6794.2,49,3.1,1,115084.22,250.2,1.126,0
2633.9,170,5.6,1,181622.12,274.1,0.948,0
19168.2,119,5.1,0,146214.73,199.3,1.128,0
6736.5,81,7.5,1,233520.12,218.6,0.996,0
14732.0,76,7.6,0,213294.02,264.5,1.19,0
15191.7,42,6.2,0,164652.63,275.4,1.092,0
10950.8,69,6.3,0,179663.04,272.8,1.058,0
12762.9,65,8.6,0,234639.14,183.1,1.181,0
14098.0,219,4.6,2,176701.88,269.7,1.286,0
12151.5,62,1.1,0,41308.1,319.9,1.092,0
6296.8,101,2.9,0,97849.49,235.7,0.984,0
3759.7,105,1.3,2,96334.46,218.1,0.947,0
7141.4,35,4.5,1,159031.91,233.7,1.148,0
8602.5,61,4.2,2,160963.88,240.7,0.857,0
23221.7,117,1.9,0,71801.0,330.9,0.9,0
4887.6,32,7.8,0,216877.75,184.0,1.109,0
25111.0,252,6.0,1,196828.71,199.9,0.858,1
29704.1,79,3.0,2,136192.24,134.4,0.869,1
7307.2,49,7.8,1,234854.06,330.8,1.056,0
29112.6,27,7.0,2,232597.62,278.3,1.069,1
9992.1,190,2.7,1,100973.15,185.6,0.999,0
9009.9,64,9.8,0,263571.0,246.8,0.912,0
23233.0,100,2.6,0,84799.48,287.0,1.075,0
12422.9,30,7.9,2,258435.18,295.5,1.016,0
11353.5,43,9.7,1,273725.74,320.8,0.968,0
7075.4,137,7.5,1,228407.75,162.8,0.903,1
7488.8,187,7.0,1,209244.54,323.6,1.053,0
11595.0,38,9.1,3,295448.85,158.3,0.985,0
23226.7,98,3.4,1,118948.39,318.3,1.064,1
4907.1,97,3.5,2,143997.02,311.5,1.141,0
10316.2,137,6.8,3,245351.15,403.5,1.166,1
4240.0,103,8.9,0,245585.37,236.0,1.142,1
6834.4,115,6.6,1,200764.47,215.6,0.944,0
15987.5,12,9.8,0,263361.42,277.6,0.874,0
6004.6,95,3.0,0,96001.63,269.9,0.966,0
19963.3,26,8.4,1,240563.08,392.9,1.011,0
5984.4,89,9.3,2,290429.05,175.4,1.151,0
7641.9,149,4.8,0,143214.88,216.9,0.995,0
2855.1,85,9.7,0,255629.24,196.6,1.132,0
19980.5,117,2.8,2,131532.85,286.2,1.016,1
18346.0,133,9.6,1,271127.26,232.3,1.031,1
4324.1,125,9.1,1,268823.83,286.2,1.198,0
9047.7,89,1.6,0,55003.09,298.6,1.181,0
8569.4,94,5.7,0,166183.62,293.1,0.857,0
8109.0,146,5.8,0,164069.06,256.5,1.026,0
29827.9,279,1.5,0,56172.29,302.3,1.0,1
8041.2,41,1.4,0,58509.1,271.0,0.829,0
6210.3,53,1.0,1,56918.82,232.9,1.076,0
3105.3,126,5.7,1,184757.4,230.1,0.998,0
6420.5,225,5.2,0,152293.6,244.0,1.119,1
23183.1,22,9.5,1,274805.86,348.9,0.888,0
12341.1,26,4.1,0,123771.66,262.0,1.077,0
12358.1,78,6.9,1,202915.74,266.3,0.834,0
6677.3,131,1.1,0,46138.01,255.2,1.033,0
21153.3,78,7.0,1,211710.01,199.4,0.925,0
14877.1,85,9.2,0,258894.57,161.5,0.942,0
8183.4,38,4.2,1,139186.54,281.2,1.1,1
5609.1,73,3.8,1,124401.66,206.0,0.654,0
10332.4,48,6.6,1,204751.59,287.6,1.083,0
5921.1,92,4.0,1,136682.01,259.7,0.827,0
9605.6,64,4.6,0,133320.48,322.3,1.02,0
11676.7,41,3.5,2,135332.48,307.7,0.789,0
6872.3,193,4.1,0,118097.87,298.3,0.953,0
1790.7,116,7.1,0,195225.23,205.9,1.02,0
13856.1,93,9.3,1,270026.28,134.0,0.955,0
7007.4,43,6.2,0,166663.24,335.2,1.113,0
11617.7,116,1.1,0,54042.09,264.8,0.662,0
9865.9,35,3.4,0,112016.06,253.3,1.105,0
26969.5,42,9.6,0,253881.33,245.7,1.133,0
10875.6,73,9.2,3,297057.02,292.4,1.051,0
18241.7,82,2.0,0,66029.59,331.4,0.777,0
8455.4,54,9.2,1,270673.65,226.8,0.903,0
5990.2,22,9.7,0,261238.96,162.5,1.04,0
14212.5,60,3.9,0,117478.12,366.8,0.93,0
6688.7,179,7.3,1,229464.78,283.4,0.919,0
16411.7,15,6.0,1,190279.04,286.9,1.124,1
4671.3,105,4.0,1,144142.5,103.6,0.967,0
13135.4,65,2.4,2,119820.2,276.4,1.023,0
10699.9,27,4.3,2,165121.24,141.3,0.8,0
24074.5,164,9.4,0,247782.89,242.0,0.938,0
13923.9,46,8.3,0,227718.35,301.8,1.037,0
9961.7,201,4.0,0,116622.38,279.3,0.981,0
17141.2,85,5.9,1,188116.42,302.4,1.086,0
1767.3,92,4.7,0,141292.6,227.5,1.089,0
14949.3,63,5.2,0,144483.13,205.1,1.285,0
15720.5,142,7.9,0,216182.47,239.2,0.984,0
16762.7,68,5.9,0,172504.64,258.4,0.916,0
16078.1,147,2.6,1,112026.4,225.4,1.102,0
14589.3,93,3.4,0,97736.64,253.9,1.078,0
8698.5,62,6.1,0,171537.61,260.8,0.958,0
11830.5,18,7.2,0,202406.46,275.7,1.087,0
7266.6,172,5.6,0,159376.95,389.4,0.869,1
6290.9,83,6.6,0,181431.58,201.8,1.029,0
8926.8,49,8.1,0,213977.24,302.1,0.987,0
9631.3,118,5.9,0,167000.96,261.9,0.952,0
13515.9,93,9.8,0,258405.75,369.6,0.933,0
21980.1,93,3.1,1,115278.51,208.2,1.172,0
18047.3,323,9.3,1,274530.53,246.4,0.935,1
12889.9,43,3.2,0,106160.58,238.2,0.987,0
20451.0,122,5.8,0,167110.55,136.8,0.981,0
10938.9,170,5.1,1,175869.71,260.2,0.904,0
14717.9,64,4.4,0,137521.15,267.3,0.995,0
8719.0,41,9.7,1,274279.88,222.0,1.146,0
10771.8,63,3.5,1,124611.21,134.7,0.812,0
9228.6,92,7.1,1,221732.01,313.5,1.001,0
3535.5,154,8.2,4,302101.22,362.9,1.187,1
3594.3,45,2.8,0,95455.04,335.1,0.766,0
4357.8,63,9.8,0,264713.08,262.1,0.928,0
12943.8,121,5.9,1,173632.95,251.7,1.079,0
22255.6,135,9.2,1,275015.09,334.0,0.739,0
20409.1,143,7.0,2,232446.97,333.2,0.806,1
3424.6,23,6.8,0,187068.56,271.6,0.89,0
14807.8,248,4.1,0,121268.03,264.6,0.92,0
7810.0,54,7.9,0,220293.52,299.2,0.956,0
6166.3,243,1.3,1,62823.56,271.6,1.038,0
11611.0,269,6.0,1,196216.63,340.6,0.873,1
7682.2,20,1.3,0,50669.24,294.1,0.886,0
4086.3,118,3.8,0,109064.65,302.7,1.016,0
5565.3,59,1.9,0,75773.22,300.1,1.13,0
8678.6,78,9.2,0,244178.43,254.7,0.967,0
21833.5,135,6.7,0,183117.25,368.3,1.181,0
3216.2,34,7.0,0,196205.4,255.0,0.986,0
4785.7,57,8.7,1,254685.17,249.4,0.999,0
9131.2,116,7.6,0,209324.25,245.0,0.925,1
6608.6,96,2.1,1,92167.89,367.6,1.045,0
13813.0,134,6.6,0,182569.82,159.7,1.142,0
9289.8,55,9.8,1,278859.09,223.5,1.07,0
4032.9,32,2.9,2,141738.7,303.1,0.895,0
7786.0,265,6.6,1,212404.73,281.4,1.008,1
11904.3,42,6.1,0,169504.25,275.0,0.907,0
15755.9,37,4.5,0,129145.71,286.6,0.984,0
4750.0,45,9.6,1,280885.56,329.2,1.11,0
12365.2,87,4.2,0,126240.62,274.2,0.949,0
8819.9,91,1.8,0,53175.44,271.6,1.069,0
20306.6,24,9.7,0,258476.99,340.3,1.155,0
7849.7,39,7.6,0,197953.37,274.3,1.01,0
4104.8,145,4.1,2,154936.17,304.2,0.937,1
6908.4,61,3.5,2,147551.65,104.8,1.227,0
2497.6,94,9.4,0,255358.37,234.2,0.781,0
2707.9,41,3.5,2,132429.0,218.5,1.037,0
3205.3,108,5.8,2,200277.43,216.4,0.87,1
13882.1,40,2.9,2,131325.63,239.3,1.023,0
12979.8,30,10.0,1,292235.8,237.6,1.11,0
14331.4,14,7.9,2,254489.4,313.4,1.024,0
7331.9,75,6.1,2,210390.18,215.0,1.233,0
5657.3,112,7.7,1,227884.48,317.2,1.179,0
32566.8,114,9.2,1,266164.45,306.4,1.029,1
11507.0,85,9.7,1,277148.1,196.9,1.273,0
5222.4,143,8.1,0,221941.19,173.4,1.05,0
23512.6,26,8.6,3,282040.79,242.5,0.955,1
21595.6,28,4.6,2,164236.38,329.5,0.904,1
15201.3,37,4.5,0,135279.57,278.6,1.062,1
9562.4,58,8.3,1,244266.02,369.2,1.032,0
6207.8,73,7.8,1,228991.09,175.0,1.038,0
8044.7,151,9.1,2,284022.01,184.0,0.962,1
19931.1,61,2.2,3,125504.12,192.5,1.042,1
6715.9,118,7.2,1,220212.42,302.6,1.278,0
4622.4,105,6.8,2,227450.82,301.0,1.036,0
15055.0,151,8.2,4,295629.09,290.2,1.141,0
10334.5,100,1.2,0,44967.4,277.4,1.136,0
6885.3,157,8.4,1,244798.54,349.2,0.843,1
7290.9,14,3.9,1,132902.83,258.4,1.041,0
2247.6,62,7.2,1,211809.37,328.8,0.958,0
7616.7,19,6.5,0,184043.13,396.7,0.863,0
18895.8,37,5.0,1,163312.92,220.6,0.761,0
5707.7,35,7.7,0,218276.12,232.5,1.183,0
35544.4,157,9.7,0,260670.11,145.4,1.129,1
10464.4,65,3.9,2,153993.07,301.6,0.893,0
3858.3,247,7.7,1,227450.27,240.8,0.964,1
406.5,61,3.8,1,132566.59,255.5,1.041,0
12130.3,18,8.6,0,237219.54,381.1,1.046,0
5695.2,57,4.9,0,142935.37,297.7,0.992,0
15258.4,101,5.0,3,211119.51,209.5,0.929,1
20678.4,89,7.9,0,214306.52,237.3,1.144,0
17038.7,76,5.5,0,148207.92,217.1,0.84,1
16812.7,94,3.4,2,136822.38,283.6,0.865,0
8054.8,134,10.0,1,294785.81,271.5,1.022,1
5802.4,9,6.6,2,227688.27,339.3,0.994,0
14241.8,82,6.8,1,206583.89,281.5,0.918,1
6098.2,35,6.8,0,190864.76,245.8,0.763,0
8230.7,110,9.0,0,249089.04,277.7,1.07,1
6253.2,39,2.7,0,92332.13,197.3,0.855,0
6750.4,39,1.5,0,47167.09,235.0,0.937,0
14893.4,26,4.5,1,151636.36,266.4,1.098,0
6492.4,78,6.1,2,215609.94,353.9,0.971,0
15052.6,18,3.6,3,165475.8,313.0,0.826,0
20614.3,25,7.2,0,190734.6,275.7,0.898,0
7464.6,79,1.7,0,72570.51,290.8,1.201,0
5089.8,63,8.1,2,262427.97,330.6,0.964,0
18303.4,62,7.5,2,235369.1,256.9,0.96,0
12583.3,13,2.9,0,90430.7,316.9,1.098,0
6372.4,79,3.7,2,151880.07,236.6,0.938,0
8503.5,84,8.3,0,224608.51,279.9,1.314,0
13210.5,141,8.0,0,225879.78,326.1,1.033,0
3504.9,104,8.3,0,232578.97,321.4,1.069,0
25504.3,34,3.9,1,137891.71,155.4,0.866,0
17456.9,33,9.7,3,312960.59,275.1,0.95,0
10591.0,149,7.4,2,243676.4,304.8,1.057,0
24783.0,134,1.6,0,70443.52,233.1,1.02,0
22516.8,69,5.3,0,155845.88,318.9,0.945,0
9336.8,113,7.0,2,234270.32,199.1,1.068,1
8895.6,125,2.5,0,76110.71,208.2,1.116,0
9116.9,21,9.1,1,264058.91,92.2,1.226,0
14504.9,29,7.8,0,214931.21,238.4,0.894,0
13850.9,55,1.7,1,81774.89,131.4,1.299,0
2698.0,150,9.2,0,255586.08,332.0,1.212,1
13302.5,203,4.6,2,166382.59,377.2,1.233,1
13254.2,83,5.1,2,184160.84,204.5,0.962,0
9177.3,32,8.0,0,221921.9,248.8,1.058,0
10981.1,36,6.8,0,196878.56,266.4,1.09,0
3121.4,57,4.9,2,180745.39,209.0,0.926,0
4529.3,56,3.3,1,118750.35,284.6,0.848,0
6093.1,35,5.7,0,150816.09,249.9,0.921,0
14617.2,62,6.2,1,192613.66,178.6,1.07,0
21182.4,15,6.7,0,187179.07,284.5,0.96,0
14064.6,64,6.4,0,180634.46,291.3,1.266,0
11342.3,41,6.6,4,262350.16,136.9,1.059,0
15897.3,40,5.3,1,173507.84,259.1,1.072,1
1384.1,98,6.1,2,204896.26,234.5,0.923,0
20208.5,101,3.6,0,107143.61,276.6,1.042,0
9734.0,54,2.4,0,81551.24,339.9,0.98,0
18782.6,29,6.5,1,194180.74,330.0,0.886,1
15311.5,79,1.4,1,72472.88,321.8,1.007,0
6369.3,53,1.6,2,95647.78,268.8,1.216,0
12194.9,117,3.2,0,97003.49,244.2,0.888,0
6742.9,97,2.7,2,123570.83,136.9,0.863,0
13767.0,107,4.4,0,124957.77,308.3,0.777,0
27233.7,10,4.3,0,141249.07,317.7,0.688,1
13802.6,184,2.1,0,79762.83,159.8,1.156,0
6178.2,81,3.2,0,98982.33,287.5,1.117,0
17469.7,13,1.0,0,40982.57,321.6,1.224,0
5951.0,59,4.2,0,109131.89,207.4,1.009,0
20699.9,70,8.2,0,217049.72,307.7,0.927,1
5243.4,157,3.4,1,127658.75,190.6,0.949,0
19158.4,103,6.8,1,207085.27,232.3,0.978,0
7603.3,88,1.9,1,86444.64,189.8,1.075,0
14639.4,72,1.1,0,50604.84,308.8,1.168,0
17572.4,63,5.5,2,190944.33,308.5,1.207,0
12106.0,20,5.2,0,154531.69,228.1,1.045,0
8161.3,83,2.7,1,108633.22,185.1,0.935,0
12381.5,35,3.6,0,108532.36,418.4,1.06,0
9733.9,44,1.3,1,69432.43,264.5,0.899,0
10792.6,105,8.2,1,248096.48,256.9,0.92,0
3508.5,42,3.7,0,116805.48,212.5,1.092,0
15646.6,14,3.0,1,105010.53,201.5,0.892,0
11894.0,60,8.2,0,232300.32,292.1,0.941,0
2864.3,12,1.4,1,73318.69,281.2,0.822,0
8492.4,75,3.6,1,124909.16,228.9,0.97,0
2053.4,112,3.4,0,99677.9,310.0,1.187,0
10937.9,63,3.4,1,120991.98,247.2,1.082,0
14386.1,18,1.1,2,83491.01,298.2,1.062,0
6903.0,121,9.4,1,268726.68,283.6,0.915,0
6575.6,164,8.8,2,277015.44,250.7,0.95,1
8215.1,59,4.7,0,132337.0,305.0,0.746,0
6550.2,44,5.0,1,151039.75,326.0,1.089,0
5789.1,20,5.7,0,163268.29,321.1,1.089,0
2542.4,77,5.3,0,155297.33,172.5,1.085,0
6410.5,146,8.0,1,242711.73,325.7,1.165,0
3592.5,21,5.4,0,160807.16,289.9,1.045,0
20165.2,11,2.7,1,97330.15,297.0,0.844,1
22209.6,60,2.1,2,108446.77,133.4,1.018,0
13902.2,21,9.3,0,256132.46,172.2,1.148,0
19597.9,70,1.4,0,56178.37,245.4,1.049,0
6060.1,85,9.1,0,246645.61,151.6,1.02,0
14310.3,88,7.2,3,256798.46,363.1,0.977,0
14092.6,104,4.6,3,195614.62,208.7,1.142,0
12494.8,184,2.7,0,87197.02,189.1,0.881,1
8063.1,120,3.8,0,116274.0,235.7,0.866,0
10468.1,126,5.8,0,160766.15,246.7,1.098,1
12202.0,26,6.9,0,188774.21,275.4,1.075,0
12033.0,74,7.2,3,246991.6,123.8,1.163,0
5552.6,152,5.0,0,136471.07,180.4,0.822,0
21441.3,47,4.4,0,131919.0,225.4,1.079,0
10975.8,117,7.9,1,235140.75,293.6,1.056,0
16229.9,213,9.3,0,252469.69,245.1,1.111,0
7358.9,34,9.2,0,254336.94,270.2,1.043,0
13781.5,21,6.0,0,178340.06,326.8,1.117,0
11430.4,90,1.7,0,63266.87,255.2,0.871,0
5953.7,67,1.7,0,55483.35,288.6,1.084,0
10563.9,174,4.6,2,171939.5,254.6,0.981,0
8689.2,29,7.6,1,232203.87,339.3,1.08,0
9253.4,148,5.5,2,184180.55,300.5,0.922,1
17895.3,65,6.6,2,228091.8,93.9,1.024,0
9841.1,42,8.6,0,230156.84,283.3,1.056,0
17282.4,75,1.4,0,61177.69,376.3,1.036,0
14552.5,54,9.3,1,270167.0,333.4,1.027,0
11261.1,71,4.0,2,150732.9,231.0,0.911,0
18476.9,143,1.4,0,58336.49,306.8,0.955,0
17653.6,224,8.5,3,283523.02,207.0,0.757,1
11275.4,68,9.4,3,297463.52,248.3,0.979,1
11788.3,94,7.9,1,234562.46,217.1,1.03,0
18589.2,130,8.2,0,234266.69,268.1,1.003,1
15082.5,93,8.8,1,255114.84,384.6,0.875,0
21316.2,44,5.7,0,153932.05,159.9,1.114,0
9716.8,85,7.1,1,210761.87,303.2,1.047,0
4913.8,66,3.6,0,106511.7,217.3,1.011,0
6763.0,13,3.2,0,108730.74,207.3,0.926,0
2710.0,4,6.5,1,191254.3,286.2,0.9,1
6478.2,85,7.6,1,226694.61,261.8,1.083,0
14988.8,38,4.6,0,127734.72,280.5,1.103,0
9814.2,132,4.6,1,155370.8,257.1,0.93,0
5921.9,43,9.6,1,283020.44,250.7,0.794,0
7470.6,49,5.7,0,163732.01,265.8,1.045,0
12501.8,113,9.9,0,267759.95,254.3,1.259,0
7714.0,57,8.8,1,251286.0,245.9,0.889,0
9149.7,37,6.8,0,186747.02,263.5,0.988,0
3674.7,100,1.1,1,65281.37,230.0,1.02,0
19910.5,276,3.7,1,136548.29,348.7,0.997,1
21510.9,42,4.8,1,150817.99,163.2,1.155,0
6133.4,122,6.9,1,206123.24,174.2,0.874,0
8492.7,109,4.6,2,171261.27,355.1,1.174,0
2459.7,244,8.5,0,237633.06,302.9,1.003,0
18991.9,151,7.0,0,190785.23,184.9,1.054,1
4450.9,71,4.1,2,170217.5,302.9,1.018,0
10277.7,98,8.1,2,254293.01,216.1,0.988,0
5332.4,17,3.7,0,107561.52,284.9,0.939,0
10421.1,173,1.6,0,57309.43,258.4,0.973,0
16978.0,26,2.6,1,97575.77,288.7,1.243,0
14497.2,98,1.0,1,64364.76,269.5,1.139,0
15118.6,97,8.5,2,272403.16,209.3,0.992,0
4106.9,108,6.6,1,207870.85,229.3,1.09,0
10118.4,36,6.1,0,177268.25,265.1,1.08,0
29041.5,71,7.0,0,192143.3,175.4,0.754,0
12070.6,116,6.9,2,228511.73,223.5,0.943,1
10652.9,109,6.1,3,218515.94,246.8,0.828,1
8940.5,234,8.6,0,229355.79,261.3,1.004,0
11420.2,167,5.0,2,185117.66,222.4,1.144,1
10399.3,66,8.2,0,225057.12,305.1,1.071,1
26249.7,64,8.1,1,239724.35,167.6,1.019,1
16389.4,41,2.8,3,145726.59,261.2,0.916,1
9665.6,110,5.1,1,154398.49,295.8,0.808,0
15927.7,17,8.5,0,234380.97,442.1,1.061,0
6457.9,20,8.5,1,247669.13,179.9,1.0,1
10301.8,103,1.2,0,54357.17,140.9,1.023,0
7713.4,140,3.0,2,130640.15,318.7,0.987,1
15324.9,45,4.8,2,171514.9,286.3,1.016,0
9857.4,117,1.4,0,54328.04,281.1,0.969,0
11323.3,185,3.3,0,97506.15,141.7,1.018,0
9410.2,134,3.3,1,127671.9,245.9,0.962,0
12834.5,94,2.9,0,95128.3,275.0,1.156,0
15461.3,102,4.6,0,139703.38,178.0,0.954,0
21548.1,113,8.3,1,250317.62,172.0,1.262,0
8875.6,81,3.2,1,114080.38,220.2,1.077,0
5544.6,55,6.2,0,176796.56,209.5,0.833,0
13235.9,84,6.0,1,190270.09,298.4,1.289,0
4613.3,53,8.4,1,250514.0,229.2,1.227,0
8715.7,136,4.5,1,155133.06,198.7,0.73,0
3781.5,81,3.0,1,111020.46,387.5,0.999,0
41792.1,41,9.0,2,284689.11,295.1,0.772,1
20013.1,65,8.5,1,252153.6,285.2,0.844,0
18969.4,43,6.6,1,198407.77,201.8,0.897,0
22149.6,189,1.8,1,80924.09,195.5,1.068,0
17814.4,132,1.1,2,87693.44,240.9,0.994,1
12114.4,58,2.6,1,103660.79,338.8,1.083,0
12316.6,51,2.8,0,88793.64,191.4,1.154,0
20960.2,58,2.2,0,72214.87,144.2,0.823,0
21738.8,26,3.4,0,109260.72,161.1,1.078,0
5871.2,84,4.0,1,145671.82,148.1,1.1,0
9693.3,30,7.8,0,211716.05,216.9,0.798,0
11092.2,74,7.4,1,226721.58,332.4,1.231,0
18123.9,131,1.9,0,71683.82,143.0,1.067,0
6492.5,181,9.8,0,262250.33,254.5,1.004,0
6038.4,53,7.8,2,247532.93,219.1,0.961,0
4360.8,50,2.5,2,121271.7,248.6,1.261,0
7801.3,24,2.1,1,82403.46,222.4,0.878,0
8652.8,113,1.8,1,72058.66,127.9,1.319,0
24388.6,76,7.6,2,251936.23,230.0,0.682,1
16969.2,44,3.1,0,98412.34,316.2,0.899,0
18118.2,48,1.7,0,63585.11,270.7,0.987,0
5419.1,147,4.8,0,152215.2,243.1,1.114,0
9350.0,10,7.4,2,241585.79,303.4,0.917,0
15788.3,165,3.7,0,115707.82,247.0,0.914,0
11570.1,40,5.3,0,152550.75,215.5,1.019,0
14279.2,122,2.7,0,86156.13,210.6,0.871,0
4414.0,32,4.9,1,153720.38,244.5,1.095,0
11293.7,97,4.2,0,128713.14,344.6,0.785,0
16270.1,66,4.9,0,143235.05,196.5,0.878,0
5545.6,162,5.2,0,145049.63,197.7,0.915,0
3072.2,64,1.8,0,70640.1,314.8,0.996,0
5393.7,173,1.8,0,63466.07,270.8,0.992,0
20807.3,57,3.3,0,104194.68,348.8,1.301,0
4851.4,118,2.0,1,91910.99,347.8,1.018,0
10770.1,134,3.3,1,121117.72,310.2,0.971,0
2986.6,63,1.2,0,49682.21,307.6,0.955,0
6036.8,77,4.2,0,117306.12,264.9,1.059,0
11983.4,25,2.9,0,94273.09,151.0,0.803,0
10624.9,91,9.0,0,250762.44,207.6,0.816,0
19004.4,123,8.7,1,250447.59,213.8,0.677,0
13453.8,184,3.7,0,106005.46,323.9,0.887,0
5545.1,129,5.3,1,177436.86,365.6,1.209,0
9263.9,85,9.6,1,273180.3,260.4,0.935,0
8152.4,61,5.7,1,178206.13,274.4,0.821,0
2043.2,72,8.6,0,234437.89,223.7,1.029,0
24743.5,64,8.4,2,271108.03,244.5,1.152,1
10917.4,139,9.5,1,267729.11,234.0,1.061,0
12083.3,164,3.8,1,130414.16,364.5,1.07,0
15504.8,64,1.4,0,49037.54,354.2,1.164,0
15623.0,106,1.9,2,114736.84,179.8,0.969,0
16570.0,69,6.1,0,170541.18,267.2,0.847,0
8437.1,20,5.8,0,159451.64,243.7,1.073,1
7826.6,30,3.7,1,126591.71,80.0,1.0,0
19413.8,42,3.2,2,136044.53,338.7,0.89,0
25086.9,70,7.4,0,205386.87,408.4,0.783,1
2978.0,88,4.1,0,125176.29,319.8,1.12,0
19020.1,186,6.4,0,176914.64,237.7,0.878,1
9267.6,79,7.4,1,219475.14,337.1,1.045,0
10219.4,81,4.9,2,167521.72,288.4,0.951,1
1389.8,122,2.7,1,101118.19,379.3,1.151,0
10762.7,32,8.7,0,235600.36,281.1,1.085,0
7436.0,89,1.8,0,73758.99,260.0,1.054,0
1870.2,115,8.5,0,232009.31,257.0,1.033,1
20487.8,57,8.5,1,249519.01,243.2,0.812,0
12003.3,74,6.1,1,199156.97,293.3,1.014,0
13078.5,63,6.7,1,203309.39,349.9,0.939,0
20392.3,58,4.2,1,139361.79,194.8,1.013,0
15786.2,84,8.6,0,230311.25,310.3,0.972,0
4277.0,140,3.4,2,134786.5,443.5,0.824,0
17851.0,102,6.0,2,202944.33,201.0,0.994,0
3509.1,158,1.0,1,63664.76,316.0,0.803,1
15095.6,57,9.5,3,309491.63,253.9,1.123,1
28036.5,107,9.5,1,281605.96,174.3,1.056,0
15171.5,92,7.4,1,224523.02,156.6,0.919,0
8656.5,138,4.8,1,163160.36,303.0,0.928,0
27497.2,111,2.6,1,110110.06,183.8,0.724,1
11972.0,154,5.4,0,159633.33,311.2,1.009,0
5659.5,49,8.1,3,272795.25,266.0,0.937,0
7069.2,189,6.4,0,180292.13,374.3,1.2,0
6919.2,57,5.7,0,169353.48,205.4,1.011,0
31088.5,53,8.6,4,315496.36,199.2,1.146,0
15024.0,104,3.8,1,134505.23,330.1,0.991,0
15334.6,14,8.7,0,248663.21,243.0,1.151,0
13896.4,74,5.0,2,177777.03,314.4,0.907,0
12504.0,45,1.0,0,47585.6,338.3,1.066,0
7892.8,36,7.6,0,202773.61,352.8,0.953,0
4793.5,44,8.9,0,243361.71,183.9,1.155,0
13185.7,56,5.4,1,175724.79,241.1,0.903,0
27035.3,45,5.1,1,172048.5,155.8,0.944,0
12792.6,34,8.2,0,212597.9,337.4,1.051,0
21569.0,57,9.0,1,254863.31,251.6,0.924,1
2906.2,28,9.8,1,279917.67,117.4,1.109,0
12831.7,106,4.1,0,111366.67,330.1,1.068,0
7573.8,53,6.4,0,179811.34,314.1,1.299,0
5459.2,36,8.4,1,256851.85,200.4,1.164,0
23856.8,117,5.8,0,163127.72,248.6,1.049,1
8213.7,107,5.2,0,153230.95,297.8,0.938,0
15005.5,41,6.1,1,191780.66,325.1,1.083,0
10012.5,220,4.2,0,121123.18,223.0,0.974,0
4266.7,202,2.7,0,82384.51,320.5,1.224,0
16222.4,121,1.6,3,117429.64,245.8,0.993,1
8587.8,155,6.5,0,185612.44,284.5,0.857,0
17628.3,34,4.4,0,130600.84,278.9,1.004,0
6067.7,100,8.9,1,262761.71,150.9,1.037,0
7664.3,71,3.0,0,104475.23,217.2,1.016,0
14682.2,101,3.8,1,140646.36,187.0,1.108,0
6398.5,112,9.7,0,256913.66,211.3,0.866,1
16067.9,113,6.0,1,180390.04,278.7,1.015,1
2466.4,44,4.1,1,144465.19,213.3,0.875,0
4841.9,281,8.7,0,230871.36,279.7,0.651,1
11200.4,79,7.7,1,232303.9,193.5,0.952,0
15351.6,32,6.2,2,215168.41,240.3,0.894,1
11510.5,131,9.0,1,259392.06,348.9,1.181,0
14330.0,46,1.8,2,101911.67,211.0,1.015,0
8265.1,78,4.6,0,136957.03,306.5,1.009,0
2305.0,62,8.3,0,225036.32,172.1,1.026,0
8933.3,102,4.5,0,136416.71,310.0,1.034,0
9062.3,154,9.3,2,288282.97,207.1,1.208,1
20555.7,89,2.4,0,81545.41,217.2,0.879,0
15883.4,55,4.0,0,113172.34,322.5,0.755,0
5137.4,206,4.8,1,159108.98,116.3,0.954,0
1821.2,171,7.2,0,202151.53,249.0,0.977,0
9974.6,285,2.8,0,85690.37,316.4,1.027,0
7540.6,52,1.1,0,43707.23,150.2,1.2,0
25901.5,34,9.8,0,269805.58,250.6,1.061,0
20914.9,22,9.1,3,304680.95,186.4,1.019,0
4263.9,28,3.7,1,131317.74,218.3,1.098,0
15609.8,63,5.4,1,174649.48,266.1,0.923,0
14218.8,93,5.4,1,164828.64,289.1,0.798,1
13905.8,44,8.8,2,276889.22,288.3,0.901,0
39822.3,34,6.4,1,192992.04,331.7,1.021,1
10176.7,103,8.4,1,248761.34,245.7,1.284,0
16709.4,150,9.2,1,260680.15,223.2,0.994,0
18053.9,12,6.1,0,175254.87,284.3,1.096,0
13228.6,12,3.6,1,121730.22,325.7,1.199,0
25707.3,77,5.5,1,188291.44,217.7,1.12,0
12114.9,114,8.7,0,236036.31,276.4,1.097,0
17516.5,37,6.3,0,173818.35,286.6,1.065,0
6902.0,25,9.1,1,263657.17,261.8,0.894,0
4816.4,142,9.1,3,291883.07,281.5,1.104,0
14620.1,76,4.4,0,128406.87,301.6,1.111,0
10488.7,40,5.0,1,168322.54,274.6,0.708,0
10856.2,214,7.1,2,235852.31,258.9,1.034,0
8796.0,119,2.0,2,103426.38,252.5,0.972,1
17297.9,71,5.2,4,228768.21,321.4,0.898,1
11984.9,135,2.3,1,93551.73,281.8,1.026,0
33241.0,22,8.6,1,251770.34,327.7,0.962,0
11751.2,57,9.5,0,252678.56,267.0,1.204,0
13603.0,48,2.3,2,106136.06,298.8,1.026,0
18529.3,63,7.0,0,199922.43,293.1,0.857,0
14562.1,172,6.7,1,202602.34,225.1,1.187,1
4965.9,192,7.8,0,216896.36,114.1,0.854,0
9567.8,89,7.3,0,198782.54,161.5,1.291,0
6594.3,50,3.0,1,117644.91,310.3,1.032,0
14128.3,31,3.6,0,115251.23,293.4,0.914,0
12655.5,178,2.5,2,110786.81,260.2,1.088,0
17878.9,106,9.3,0,253606.28,274.8,1.027,0
19272.8,45,5.7,1,180566.91,220.1,0.873,0
6588.3,48,9.8,1,287326.64,216.4,0.941,1
19054.1,86,5.0,0,147316.81,242.9,1.186,0
20732.9,21,6.0,2,210617.54,308.2,1.062,1
5694.9,67,8.1,2,262475.17,322.4,0.862,0
13615.9,43,8.2,0,226795.14,279.7,1.128,0
22906.7,137,3.1,2,137572.32,265.9,1.078,1
9473.2,84,3.6,1,125685.45,256.8,0.784,0
10895.3,52,1.9,0,65420.87,236.5,1.139,0
13565.1,39,8.2,0,233586.19,141.3,1.167,0
686.0,207,8.1,1,246996.03,312.3,0.939,1
11853.6,184,1.7,1,85205.13,301.7,1.063,0
12315.9,6,3.3,1,123316.16,277.7,1.244,0
15703.9,193,5.0,1,155537.42,297.2,0.908,1
16062.7,36,5.9,1,187179.31,365.8,1.181,0
10665.8,96,5.7,0,161535.77,229.3,1.162,0
27173.1,87,9.8,0,271749.26,278.7,0.88,1
6573.6,31,7.9,2,251301.97,185.5,0.817,1
17571.4,124,2.0,0,56320.72,364.4,0.931,0
1897.1,40,3.6,1,131707.74,264.7,0.88,0
11349.5,86,4.1,1,139319.81,139.2,0.915,0
1593.8,245,3.8,1,132921.67,237.7,1.101,0
11814.9,64,8.1,0,221893.9,337.9,1.081,0
14451.7,73,4.2,0,132728.28,303.6,1.086,0
8948.0,71,5.4,2,202842.76,359.3,0.963,0
11146.4,45,5.8,2,201261.96,253.4,1.335,0
16745.9,16,3.4,1,119328.97,309.7,1.201,0
533.2,65,3.9,0,105650.8,282.4,1.035,0
8004.0,25,8.0,2,265792.14,281.0,1.082,0
23295.9,115,8.8,3,305036.02,201.4,1.035,1
4880.8,65,1.3,1,64620.15,80.0,1.032,0
7102.0,20,6.4,0,182409.48,256.6,1.108,0
2408.4,185,6.7,0,187959.94,134.3,0.997,0
8051.6,56,7.6,0,202449.0,296.0,0.933,0
10327.5,74,7.2,0,202742.32,234.8,1.039,0
38995.2,77,8.9,0,245548.21,209.8,0.949,0
13915.0,146,1.7,0,61200.26,208.2,0.968,0
8301.4,72,4.5,1,151195.81,264.7,0.83,0
3556.7,58,8.0,1,241455.85,317.5,1.051,0
7140.9,51,8.6,0,235303.37,242.3,1.039,0
6214.3,47,3.4,0,103075.76,214.6,1.03,0
2058.8,27,6.3,2,211097.59,215.4,0.96,0
4769.2,55,2.6,2,124711.81,357.2,1.042,0
8479.8,63,8.7,2,275049.36,257.2,1.032,0
9295.1,146,7.6,1,232244.36,95.8,0.933,1
16572.8,142,3.0,1,114371.68,236.5,1.143,0
23897.2,52,6.6,1,207365.63,174.0,0.822,1
9163.8,25,5.6,0,166933.69,223.0,1.117,0
17913.1,38,3.3,1,114420.92,189.4,1.044,0
8309.6,88,9.0,1,265744.27,374.4,1.086,0
5850.1,43,2.3,1,97888.35,279.1,0.961,0
16094.9,77,5.2,2,182093.69,324.0,0.942,0
8219.3,15,6.2,0,179848.24,373.5,0.949,0
6390.1,159,8.4,0,229415.38,277.5,1.096,1
5655.0,70,2.4,0,77817.08,413.1,1.028,0
3218.8,62,6.5,2,209393.34,168.1,0.898,0
11127.0,115,1.1,0,46512.14,344.6,0.997,0
7366.4,57,8.4,0,230688.36,271.8,0.999,0
18305.1,17,3.1,1,120995.1,312.3,1.132,1
27431.3,66,7.5,0,212523.97,251.4,0.82,0
5631.1,70,6.4,0,179709.26,299.3,1.003,0
4060.7,83,1.5,1,77355.02,285.5,1.055,0
24302.0,217,2.6,0,91194.89,254.2,0.85,1
11823.4,105,3.4,0,102644.0,268.6,0.864,0
11563.9,78,9.0,0,240737.83,365.4,0.973,0
13185.7,121,5.3,0,149598.11,216.3,0.839,0
20153.7,18,9.2,1,269530.51,352.5,0.941,0
20074.5,152,1.4,1,71136.93,215.1,0.926,0
15654.8,114,1.1,1,61790.29,300.0,1.092,0
4859.2,159,9.5,0,252452.86,256.7,1.016,0
2714.6,57,7.5,0,214431.43,297.7,1.16,0
4891.0,94,8.0,0,221792.7,278.2,1.055,0
3411.9,59,9.2,1,264598.91,291.3,1.147,0
16748.1,208,9.9,0,273263.35,298.2,0.969,0
7035.6,62,1.9,0,70696.41,271.6,1.192,0
15460.4,34,2.4,0,71828.41,335.0,0.843,0
10783.0,39,2.7,0,87333.4,291.4,0.729,0
6966.6,84,8.4,1,251945.8,365.2,0.954,0
5706.4,112,4.2,1,136390.93,246.7,1.194,0
6640.8,39,6.3,2,208635.23,215.9,1.107,0
4104.1,107,8.7,0,236164.34,287.6,0.928,0
27859.6,151,7.1,1,220532.05,174.2,0.839,1
10044.3,140,1.6,1,83646.42,325.4,0.742,0
10793.0,106,5.0,1,162650.49,238.9,0.974,0
10615.0,114,1.6,1,73674.55,315.1,0.917,0
16502.4,99,5.3,0,152298.02,281.9,1.063,0
6230.1,20,3.0,3,142541.8,257.5,1.12,0
20749.6,126,1.0,1,64936.45,279.5,0.989,1
8738.8,55,8.3,0,224396.49,174.2,0.869,0
8517.7,146,9.7,0,255366.66,235.5,1.03,0
22608.2,47,9.7,0,264628.28,308.2,1.151,1
6163.9,60,3.7,2,144222.54,180.3,1.028,0
13659.5,89,8.5,0,224818.33,295.4,0.992,0
10562.8,252,7.1,0,199356.54,311.8,0.886,0
6938.0,92,8.2,1,236167.04,221.3,1.138,0
14974.7,92,8.6,2,265226.45,339.8,1.031,0
4608.0,35,9.8,2,296267.36,308.7,0.975,0
6898.0,29,2.4,0,85063.53,342.8,0.944,0
11338.8,54,7.9,0,216588.12,282.1,1.011,0
25536.5,111,7.6,2,248484.63,235.3,0.808,1
24212.1,92,3.6,3,168469.33,330.2,0.753,0
13783.5,75,4.5,1,149964.42,260.7,0.913,0
8867.3,57,2.6,3,138988.83,316.4,1.091,1
2235.5,126,9.2,0,253391.74,232.9,0.902,0
18022.9,182,8.9,1,261267.08,227.3,0.99,1
19536.3,121,6.5,0,182133.54,215.5,1.032,0
13668.5,160,5.6,0,161088.5,344.9,0.959,1
9123.1,70,3.1,2,131519.45,299.2,0.716,0
17103.2,112,8.1,0,219309.24,171.1,1.059,0
10377.8,221,1.1,2,80918.78,241.4,1.3,1
9621.3,160,5.2,1,164614.91,273.4,0.85,1
3412.9,200,8.7,0,242600.77,350.9,1.115,0
16581.5,162,6.6,2,211783.58,243.0,0.75,0
11595.3,187,6.7,0,191374.49,323.5,1.132,0
24140.2,56,1.6,1,90380.63,361.8,0.743,0
7262.5,46,3.6,0,110296.19,185.7,1.016,0
5890.7,68,7.1,0,196268.39,263.9,1.005,0
19423.7,60,1.4,0,52262.17,221.2,1.11,0
21852.0,51,4.0,2,147449.65,347.5,1.129,0
10775.6,188,4.2,0,122848.29,294.4,0.966,0
17545.4,30,5.5,0,156920.4,233.9,0.923,0
8720.4,161,4.3,2,153199.8,201.6,0.936,1
9021.7,118,5.1,2,179064.06,222.6,0.965,0
13711.9,3,5.9,1,181011.38,203.3,1.026,0
8947.9,58,2.2,0,78828.32,226.6,1.031,0
12501.5,53,2.6,3,141739.63,222.7,0.933,0
11413.0,43,8.5,1,249053.51,292.5,1.06,0
4982.2,43,5.1,0,149739.15,212.6,1.08,0
12461.8,48,4.2,1,141834.96,290.4,1.291,0
5091.8,45,4.9,1,168176.17,219.4,1.155,0
16747.2,58,2.6,1,103474.48,189.5,1.061,0
19616.1,47,3.2,0,98132.74,245.1,0.971,0
9681.3,52,5.6,1,174752.92,222.3,0.785,0
25631.4,241,4.2,2,166192.13,190.9,0.797,1
21622.4,110,5.3,2,173599.23,223.2,1.089,0
12584.1,174,2.3,2,107868.14,355.0,1.002,0
9058.8,31,2.4,0,88080.01,235.3,0.881,0
18649.3,51,4.5,0,120929.59,277.5,0.98,0
25903.0,41,4.4,0,126005.98,219.1,0.935,0
13181.9,255,8.9,0,246538.23,307.0,0.984,1
28309.8,136,1.3,2,89882.88,181.1,0.884,1
7844.6,71,9.9,1,284672.45,328.9,1.075,0
15811.5,149,9.6,0,257095.74,314.9,0.961,0
10712.0,69,5.9,0,161687.12,252.9,1.113,0
5700.4,70,7.5,2,244127.63,356.8,0.968,0
8314.9,47,9.4,1,270318.29,308.1,1.014,0
19560.7,64,3.3,0,89436.51,401.0,0.983,1
10007.1,75,3.8,0,109672.56,306.4,0.927,0
7622.9,39,2.0,0,72698.48,194.3,0.762,0
22227.0,164,6.1,1,196976.99,221.5,1.146,1
19230.0,156,2.4,0,80923.82,315.2,1.088,0
8530.5,51,9.4,0,250760.15,170.7,0.911,0
29112.3,16,4.9,1,161592.36,256.2,1.093,0
10307.7,68,9.3,2,286658.31,80.4,0.74,0
13218.5,71,2.8,0,94393.88,316.4,1.014,0
11325.3,138,7.2,0,209909.16,253.4,0.998,0
6304.1,83,6.8,1,205275.86,234.2,1.135,0
9817.1,19,4.6,1,164679.27,255.2,1.071,0
10607.4,67,9.1,2,277953.98,217.4,0.855,0
2812.8,86,4.9,0,133151.32,194.3,1.072,0
12830.1,49,2.8,1,106526.02,262.8,1.09,0
17867.8,143,9.8,0,255624.0,235.2,1.106,1
5135.5,143,5.0,1,159450.25,200.6,0.949,0
16064.1,80,2.9,2,120816.72,374.2,1.271,0
20136.9,162,4.3,1,143608.9,254.2,0.993,1
751.3,12,6.5,0,183824.6,234.4,1.02,0
9913.0,98,5.6,2,194471.29,257.7,0.897,0
28826.6,102,6.7,1,206633.0,254.4,1.265,1
12646.1,60,7.0,0,193068.67,247.5,0.849,0
2711.5,13,2.1,0,66181.04,174.6,0.92,0
4483.8,64,3.8,1,130283.18,339.6,1.182,0
12988.1,53,7.7,0,207949.84,210.8,0.939,0
15579.6,180,6.9,1,207914.39,355.1,0.969,1
11184.8,121,1.8,1,81577.23,189.6,0.957,0
12536.0,79,3.8,0,117270.89,315.3,1.104,0
11385.1,71,9.4,0,248292.42,322.2,1.061,0
7164.8,188,8.8,1,256838.54,264.6,1.076,0
11405.2,15,7.0,1,209922.6,153.1,1.205,0
3632.9,16,1.7,2,97934.8,266.5,1.081,0
8784.4,241,6.5,0,180393.31,338.6,1.054,0
14960.1,64,1.1,1,70109.6,177.4,1.059,0
6050.7,29,7.0,2,228798.58,237.0,1.115,0
9277.9,16,7.6,2,231737.17,204.3,0.874,0
11882.8,191,5.5,0,158260.52,292.0,1.008,1
27875.4,38,1.0,2,74368.39,358.3,1.166,0
19158.5,33,7.0,1,216363.71,259.7,0.649,0
3532.6,96,8.4,0,226929.08,216.1,1.006,0
31676.9,127,6.3,2,212363.36,373.3,1.063,1
23104.0,93,7.4,0,211070.78,273.7,0.945,0
12345.5,93,1.8,0,66428.25,258.2,0.866,0
17358.8,42,7.4,2,242018.78,247.6,1.001,0
6632.6,96,6.5,2,220934.38,193.4,1.17,0
10637.4,171,4.0,0,113548.16,301.5,0.954,0
6370.3,101,7.2,2,241140.21,314.3,0.9,1
15487.1,45,6.8,0,187748.29,244.1,1.03,0
37151.4,131,6.4,1,197709.4,301.9,0.717,1
8490.3,47,2.6,1,102825.48,133.2,0.917,0
9950.0,80,3.7,1,122592.6,244.1,0.897,0
10860.9,83,9.9,1,276137.38,222.8,1.128,0
8786.7,243,4.9,0,141307.91,271.5,1.052,0
14977.5,103,1.5,1,81049.24,193.2,1.059,0
20000.7,37,9.1,0,249961.14,158.3,0.944,0
7578.2,34,2.6,0,89907.78,242.6,1.015,0
10779.3,83,4.6,0,145522.86,255.2,1.113,0
16129.8,185,3.5,0,106930.14,332.2,1.094,0
5994.1,12,9.7,2,295249.67,292.0,0.888,0
4715.8,84,4.4,0,128086.14,302.5,0.908,0
7484.7,170,7.4,0,203999.78,144.6,1.081,1
16604.3,117,6.4,0,181623.93,325.3,0.983,0
5791.3,212,1.4,0,49293.55,318.6,1.053,0
7818.6,66,4.5,0,126973.88,289.1,1.029,0
10839.7,34,4.5,1,149647.68,100.5,0.98,0
11945.8,65,9.9,0,272105.08,266.2,1.093,0
9961.8,38,8.3,1,245167.5,224.4,0.836,0
10987.7,236,8.7,2,278505.86,238.0,0.982,1
3871.9,88,3.8,0,116724.42,213.9,0.858,0
7290.1,100,4.0,0,118309.94,281.3,0.976,0
17329.4,35,5.6,0,162316.83,188.2,0.985,0
6917.0,51,6.7,1,204715.57,266.2,1.004,0
12142.9,141,7.6,1,225903.1,337.8,1.034,0
11446.3,76,8.4,3,289529.12,228.0,0.995,0
16321.6,59,8.9,0,246629.65,235.5,0.887,0
17698.8,85,1.2,1,67895.27,184.4,0.924,0
20522.6,60,8.2,0,222925.39,308.5,0.99,0
24076.4,9,6.5,1,206371.16,203.7,0.942,0
5841.8,27,5.8,2,199771.41,219.8,0.901,0
2330.5,82,6.7,1,207879.37,304.9,0.991,0
8512.6,142,8.9,1,265441.86,285.9,1.044,0
5549.1,54,5.9,0,173076.53,160.2,1.106,0
6385.1,188,2.5,1,105171.4,292.4,1.122,0
14625.4,139,4.9,1,160862.18,244.3,0.959,0
19838.5,152,9.3,0,259300.68,253.6,1.134,1
12334.7,23,8.3,1,250316.08,347.4,0.966,0
7106.4,135,2.8,0,88340.32,311.3,1.274,0
12702.8,52,7.4,0,208530.61,333.0,0.991,0
16648.6,195,3.3,0,107686.67,202.3,0.963,1
3892.6,66,4.1,3,173346.78,348.4,0.941,0
8896.3,50,5.2,2,188249.3,212.6,0.876,0
9372.3,51,5.0,2,186072.79,216.8,1.211,0
9791.7,122,1.3,1,66430.92,254.2,1.122,0
6086.6,21,8.0,1,240877.95,292.6,1.137,0
12882.8,90,8.6,1,247591.98,335.3,1.116,1
13603.2,73,5.8,0,157454.32,257.1,1.116,0
5759.9,41,2.6,3,139177.99,364.9,1.175,0
22577.1,151,3.2,0,98562.42,384.0,0.958,0
4823.3,116,2.1,0,82318.11,189.4,0.91,0
6940.2,43,2.5,1,94685.69,341.1,1.065,0
4501.9,31,8.9,1,259520.67,267.6,1.064,0
4029.0,69,5.3,0,151202.78,321.2,1.052,0
11609.6,118,2.0,2,104488.03,195.9,1.003,0
6927.0,102,3.3,1,130974.94,334.1,0.933,0
17761.3,119,9.5,2,291029.07,227.5,1.029,0
6137.9,14,5.6,1,173823.01,326.5,0.924,0
6986.3,39,5.6,1,184341.47,257.3,0.899,0
16426.0,96,5.7,0,153213.34,252.3,1.04,0
5174.4,43,2.0,0,70620.94,259.9,0.906,0
8006.7,152,9.7,3,309041.35,304.9,1.108,0
22361.6,65,1.8,0,54296.76,259.9,0.871,0
1412.5,32,7.3,1,219379.91,296.2,1.099,0
787.4,29,1.5,0,48007.72,260.4,0.807,0
3898.9,86,5.0,0,139161.01,187.2,0.878,0
24595.2,35,9.1,0,243655.17,279.4,1.195,0
13752.7,16,7.9,0,223184.26,285.0,1.166,0
12846.3,44,4.0,0,121577.47,175.0,0.858,0
3904.5,240,6.0,0,167970.88,240.5,1.009,1
11337.9,10,2.5,1,105419.48,302.6,0.85,0
5834.6,52,9.6,1,262405.08,268.0,1.084,0
18036.1,51,7.4,1,213679.87,284.9,1.033,0
18524.4,45,4.4,2,157479.91,235.5,0.995,0
7414.9,70,3.9,0,121835.63,220.2,0.942,0
14369.2,94,3.1,0,102634.19,279.7,1.088,0
13236.1,133,8.1,1,240607.66,80.0,1.042,0
9892.6,295,4.9,2,186137.35,289.6,0.828,1
5977.6,120,4.0,0,124256.81,322.0,0.995,0
8035.0,152,9.1,1,270282.52,302.9,0.895,0
17630.8,54,2.4,2,109818.97,260.5,1.021,0
22553.0,72,3.4,1,125343.18,326.7,0.998,0
8508.7,66,4.1,1,145228.8,325.6,1.023,1
23877.4,47,3.3,1,128122.9,170.4,1.067,0
13761.1,79,6.3,1,196043.62,236.7,0.862,0
10100.5,25,6.4,2,212564.57,266.0,1.016,1
9390.3,52,1.5,2,92166.42,270.5,1.135,0
6230.6,166,2.3,0,82500.15,292.4,1.101,0
14970.5,86,2.8,1,109162.88,291.0,0.938,0
26216.2,167,1.6,2,91875.78,269.9,1.028,0
9848.8,87,2.1,1,92427.12,298.5,0.92,0
5481.3,66,3.2,1,109066.82,249.4,1.085,0
16421.4,36,4.1,1,141395.24,343.1,0.92,0
8237.9,75,8.1,1,251424.03,370.7,0.824,0
6171.7,47,3.0,1,116071.7,336.1,1.092,0
3765.4,28,7.0,0,193588.32,303.7,1.228,1
14686.2,39,1.5,1,91080.86,281.7,1.12,0
20507.0,106,6.9,1,206005.26,257.5,1.154,0
4605.2,163,8.2,1,235565.93,300.4,0.872,0
8802.4,111,6.4,1,194577.78,275.5,1.127,0
9307.2,37,2.8,1,104553.79,325.4,1.122,0
6466.7,86,4.0,1,144100.06,233.9,1.076,0
23505.6,62,8.2,0,225650.94,327.4,0.836,0
3637.8,96,4.9,0,136931.74,283.6,1.131,0
13844.5,51,3.3,0,97757.44,295.0,1.101,0
15434.8,127,9.4,2,296365.4,245.3,0.995,1
6434.3,127,6.7,1,204539.71,257.1,0.955,1
5415.2,117,8.3,2,257967.26,308.3,1.119,0
7174.4,83,1.2,0,45842.17,345.1,0.843,0
2707.5,130,4.1,0,121883.97,147.2,0.939,0
26631.8,24,5.1,0,144462.12,258.9,1.221,0
7565.7,59,6.3,1,194566.58,174.2,0.889,0
8246.2,154,2.7,1,103590.18,243.8,1.207,0
29288.7,37,5.5,0,156011.06,307.7,0.956,1
3082.5,134,7.2,0,201955.1,304.1,0.929,0
9795.6,90,4.1,3,171251.19,344.5,1.121,0
16679.8,71,7.2,0,203579.05,273.5,1.067,0
26664.4,60,4.5,1,142248.64,158.3,1.244,0
3380.9,37,5.2,0,155364.92,270.7,0.963,0
28827.9,134,2.2,1,92124.2,328.9,0.931,1
8777.2,86,6.9,1,213580.97,321.0,1.027,0
8822.8,154,3.0,1,115715.47,303.6,0.967,0
4672.3,113,8.5,3,293045.92,243.7,1.113,0
11136.3,78,6.0,3,224032.28,339.0,1.075,0
28900.5,55,6.0,2,214153.14,268.2,1.035,0
11003.8,34,9.2,0,253669.15,179.2,1.266,0
6007.8,28,2.5,0,76935.35,227.3,0.751,0
6869.1,150,5.8,1,187605.5,284.0,0.963,0
7091.9,64,4.4,1,150139.66,194.3,0.989,0
24554.7,106,9.7,0,261025.04,226.6,1.127,1
27679.8,37,8.1,1,242257.62,205.0,1.083,0
3628.7,45,7.8,0,211832.83,282.2,0.904,0
4935.5,60,2.8,0,104764.88,220.4,0.862,0
5361.6,72,3.1,0,97541.46,298.1,0.919,0
7376.2,20,1.3,3,101079.14,262.1,0.969,0
30740.1,22,6.7,2,214475.06,134.3,1.171,0
28571.9,43,4.3,0,133055.03,257.1,1.074,0
10624.5,86,3.8,1,134826.29,203.2,0.873,0
7985.2,102,6.7,0,188626.23,293.5,0.954,0
2189.3,105,8.5,0,234533.34,232.7,1.146,0
12073.2,137,2.2,1,96483.6,317.4,0.982,0
11260.2,25,9.3,1,273938.47,335.1,1.129,0
4545.1,78,1.3,0,51490.77,217.4,1.04,0
13585.6,90,1.9,1,76304.62,318.1,1.077,0
18222.2,214,8.5,1,247684.56,208.9,1.23,1
4501.3,143,5.4,1,175784.08,254.3,0.994,0
7647.8,66,9.5,0,255145.28,248.1,0.882,0
17690.0,61,5.2,0,153548.84,229.8,0.926,0
6619.1,33,9.3,0,258757.03,281.8,1.003,0
7434.6,51,3.2,1,116240.08,332.1,1.002,0
7762.5,101,6.5,0,179901.62,287.9,0.929,0
13962.7,88,10.0,0,266430.99,255.5,1.164,0
19704.3,42,4.4,0,129805.32,179.0,1.016,0
25732.0,35,1.0,0,46730.33,109.4,1.079,0
18881.4,113,1.6,0,66367.73,241.2,0.829,0
10557.3,95,8.7,1,257814.47,161.5,0.826,1
15434.7,45,5.4,1,174469.52,192.3,0.922,0
4273.8,114,5.8,1,175293.48,273.7,1.094,0
33016.6,71,8.2,0,229079.04,193.5,0.812,1
6190.6,65,8.3,1,244990.73,219.3,0.872,0
14757.1,17,5.3,0,143728.08,274.9,0.777,0
11625.7,82,8.7,2,263451.93,275.6,0.744,0
3952.0,45,5.2,2,184330.53,237.0,1.053,0
6214.8,68,7.1,1,218403.68,168.1,1.182,0
20456.4,96,1.3,2,82198.52,235.1,1.08,1
9718.5,46,2.2,0,75859.51,268.4,1.038,0
5512.2,37,8.7,2,264578.52,261.8,0.964,0
8805.9,32,3.8,0,112343.95,321.7,1.04,0
5510.6,182,4.0,1,134031.11,228.9,0.983,0
7382.5,50,7.0,2,226105.91,177.7,1.073,0
3286.4,56,6.3,1,200233.34,240.9,0.951,0
10553.6,87,1.7,0,62221.08,237.8,1.059,0
11557.0,127,7.9,1,238395.86,266.9,0.778,0
7460.0,94,6.6,1,203536.21,340.3,0.748,0
20398.4,42,8.7,1,257552.68,194.2,1.147,0
7749.5,40,5.8,0,163658.29,280.2,0.903,0
9714.4,57,4.7,1,157881.43,285.1,1.156,0
7163.6,153,4.3,0,128309.81,246.7,1.066,0
8239.0,85,1.0,1,62269.27,263.7,0.922,0
15824.3,73,1.4,1,84743.04,257.4,1.006,0
4374.2,58,2.2,0,73573.97,262.2,0.984,0
13506.7,103,9.4,0,257544.69,386.9,1.125,0
6585.6,89,8.9,0,242260.6,291.0,0.889,0
4515.9,141,5.5,1,183143.46,201.7,1.102,0
8414.8,14,2.6,0,80979.98,264.7,0.911,0
24507.7,168,2.3,0,82628.44,411.9,0.839,0
14668.6,97,3.3,2,129989.84,249.8,0.846,0
8294.0,82,9.2,0,244250.19,80.0,0.891,0
5661.2,63,5.7,1,184171.0,217.5,0.9,0
27997.8,12,8.2,0,228722.21,247.2,0.95,1
12452.9,82,5.6,1,172155.94,249.3,0.975,0
10789.9,82,6.5,0,180091.42,351.4,0.926,0
14414.8,223,6.5,0,187471.78,288.5,0.951,0
15327.4,34,1.3,0,59115.51,228.1,1.17,0
7683.1,52,5.0,1,165140.41,284.7,0.941,0
17095.3,92,8.8,3,292291.11,244.1,0.951,0
3830.0,163,5.4,0,160578.38,245.3,0.938,0
14932.7,89,4.9,1,158450.89,345.2,1.097,0
8003.9,67,5.7,2,197505.06,359.5,0.737,0
20771.3,29,4.4,1,145250.38,292.5,0.953,0
7648.1,80,5.6,0,154053.11,223.6,0.985,0
18622.6,40,2.2,1,96517.12,359.6,0.83,0
12690.2,9,9.7,0,263114.66,287.7,0.935,0
40580.3,45,1.3,2,91570.92,272.1,0.916,1
16690.6,83,5.3,0,155924.77,218.7,0.996,0
10937.3,67,2.9,0,100540.39,251.0,0.927,0
2949.8,89,1.5,0,64200.51,397.3,0.786,0
19903.9,56,6.9,1,207876.76,145.1,1.102,0
20657.1,79,9.9,0,266383.45,429.6,1.013,0
8503.1,38,7.7,0,211820.0,360.7,1.016,1
6746.8,42,3.3,0,101582.8,348.4,1.174,0
17502.5,141,5.4,3,212285.91,285.2,0.935,0
12562.1,220,1.4,0,59579.29,231.7,1.163,0
9515.9,204,5.8,2,207400.34,229.7,1.015,1
13997.4,48,1.9,2,110197.94,183.1,0.88,0
8485.1,100,8.2,2,259634.93,242.7,0.996,0
20484.4,54,1.5,0,54283.35,247.6,1.117,0
8924.0,80,1.1,0,48388.41,290.1,0.821,0
17502.9,80,8.8,1,254351.02,182.6,1.02,1
10925.5,67,9.5,0,260835.09,201.6,1.146,0
13066.6,65,1.8,0,70788.23,183.9,1.147,0
27499.4,13,3.5,0,110803.86,280.4,0.919,0
7807.1,51,7.7,1,230959.12,300.2,0.899,0
16834.4,102,5.9,1,187340.31,339.0,0.879,0
23942.8,127,9.5,3,311599.52,210.8,1.044,1
16478.4,67,4.5,0,128779.89,246.3,0.921,0
21156.2,176,1.0,1,65842.29,204.0,1.103,1
11620.5,83,1.2,1,74105.7,208.5,0.828,0
15953.3,157,6.1,0,169752.81,288.0,1.028,0
18569.8,83,7.8,2,248581.31,420.2,1.001,0
10783.7,5,8.1,1,245215.85,228.2,0.984,0
36380.9,162,9.2,0,249758.16,159.5,1.069,1
6176.4,63,3.1,1,114266.91,376.1,0.952,1
5481.9,61,7.6,0,207853.36,159.5,1.155,0
25760.1,28,8.4,2,269694.46,239.3,0.882,1
23397.4,131,8.5,1,250552.67,262.5,1.117,0
6850.7,583,4.7,2,166478.47,318.9,0.848,1
21150.6,31,6.6,0,188760.57,343.2,0.991,0
14076.8,161,6.0,0,172859.6,245.1,0.878,0
11008.1,62,6.4,1,196245.34,375.3,0.897,0
6702.9,126,3.5,0,113088.27,246.8,0.943,0
10062.8,37,7.1,1,210657.59,180.2,0.966,0
5864.1,168,7.4,0,200335.01,256.1,1.168,0
9040.4,110,2.8,0,86906.7,244.2,1.008,0
5765.0,60,5.0,1,163157.33,232.3,1.101,0
4171.0,147,4.8,2,177804.87,318.1,0.866,0
21454.2,83,7.7,0,211068.86,168.3,1.031,0
9680.2,207,7.0,0,198288.21,295.2,1.104,1
13339.7,47,5.3,0,149535.57,263.8,0.929,0
7551.7,139,6.9,1,197766.36,193.2,1.036,0
9399.7,117,3.4,0,97546.1,269.3,0.968,0
5642.0,22,3.1,3,159413.8,351.4,0.99,0
25893.5,28,3.2,1,113319.11,297.6,0.938,0
2165.0,58,1.3,1,66653.38,225.7,0.898,0
17912.0,96,7.2,0,193212.93,310.7,1.182,0
7459.8,124,9.9,1,287679.37,182.2,0.968,1
5625.2,94,3.8,1,130398.29,287.6,1.317,0
3925.4,137,9.4,0,253738.35,359.1,1.026,1
11603.7,65,6.5,0,180882.61,184.5,1.023,0
16637.5,127,3.0,2,123164.27,319.4,1.066,1
15661.1,82,1.1,1,63056.26,197.0,0.957,0
8146.6,58,7.5,0,213933.76,257.3,1.163,0
9351.0,28,7.3,0,202467.08,168.0,1.014,0
5513.9,15,3.1,2,123180.59,329.5,1.06,0
6172.3,64,4.0,0,119136.28,192.3,0.984,0
21415.6,85,9.1,1,262834.36,244.3,1.02,0
2971.5,46,2.4,1,96379.05,335.1,0.873,0
2681.1,55,8.5,1,248017.67,292.9,1.261,0
6854.8,6,2.5,1,98104.26,314.9,1.013,0
25717.2,59,5.3,0,152653.58,321.6,0.954,0
10869.4,34,5.5,0,153996.92,284.3,0.933,0
36404.8,44,5.2,1,173535.24,376.3,1.011,1
8694.3,113,3.6,0,106285.71,293.6,0.92,1
15982.4,69,3.3,1,114032.76,250.8,0.888,0
19771.7,94,7.6,1,233691.62,242.0,1.066,0
32748.0,19,3.5,2,140604.86,240.6,0.866,1
7256.1,153,6.5,2,216592.06,256.3,0.734,1
10793.0,78,8.6,0,226552.69,316.1,1.063,0
9553.7,124,8.5,0,223613.44,179.8,1.058,0
16765.0,30,2.5,0,82517.39,145.3,0.992,0
24147.5,103,6.9,1,213094.73,151.5,0.992,1
24107.2,59,6.4,1,204862.56,204.3,0.99,0
7148.6,235,3.5,1,125779.72,262.1,1.049,0
6191.5,48,4.5,1,151407.97,342.7,1.004,0
15726.7,81,3.6,2,142370.53,260.6,1.091,0
5048.7,33,5.8,0,169260.92,275.9,1.068,0
17001.0,80,8.2,0,227142.12,294.2,0.959,0
10779.5,73,8.9,1,257077.43,304.5,1.022,1
21964.6,145,7.5,0,205365.03,339.8,1.042,0
19994.8,84,5.4,1,164928.17,232.7,0.781,0
11632.6,60,9.6,0,257648.73,236.0,0.982,0
4746.7,72,6.1,2,209402.1,232.1,0.924,0
5038.5,18,5.3,1,172508.62,348.9,1.073,0
11122.6,87,8.7,0,233630.1,310.0,0.862,0
14219.6,132,2.7,0,79123.36,268.8,1.016,0
8801.2,82,2.4,2,115182.34,393.5,0.977,0
5808.3,22,8.0,1,250925.18,239.6,0.767,0
8993.9,94,8.8,1,260456.12,201.9,1.13,1
22061.4,97,1.7,1,73423.13,178.2,1.049,0
8995.5,102,7.9,1,233192.04,291.3,0.897,0
7312.5,72,4.8,0,136264.16,183.7,1.029,0
4930.5,86,7.3,3,258989.65,299.6,1.028,0
10327.1,96,2.2,0,68960.97,242.6,0.866,0
20112.9,39,9.8,1,286220.59,220.3,0.907,1
20667.4,44,8.9,1,261273.59,309.6,0.869,0
6367.5,103,4.7,1,154132.66,223.7,0.77,0
11689.6,43,9.0,1,258743.03,215.7,1.154,0
6783.6,69,9.1,1,260662.51,258.3,1.264,0
8527.6,102,5.2,1,156206.19,224.9,0.937,0
10212.6,137,9.5,3,311951.71,307.9,0.905,1
7835.4,49,9.8,2,305816.24,344.9,0.901,0
858.6,42,3.0,1,107951.42,398.8,1.083,0
25937.8,103,1.6,0,59071.11,233.6,1.127,0
7281.3,142,4.0,0,115716.3,221.3,1.096,0
6908.1,21,5.4,1,168848.34,175.2,1.099,0
6342.4,76,1.8,0,60969.77,283.0,1.104,0
3698.6,180,2.3,0,80594.31,335.6,0.939,0
26379.4,40,9.7,0,263089.48,183.7,0.812,0
10644.0,105,7.6,1,223500.84,172.1,1.079,0
14323.9,71,8.9,1,262658.2,433.4,0.995,0
13241.5,72,9.7,1,275750.16,181.7,1.055,0
7687.4,65,4.4,1,149287.53,217.9,0.978,0
10623.1,90,7.2,1,216816.62,124.4,1.041,0
16228.9,145,2.7,0,91225.67,96.0,1.058,0
4028.5,41,6.0,0,169844.04,247.3,0.995,0
8429.4,44,2.9,1,112213.75,337.7,1.238,0
9363.6,88,2.4,0,79167.52,259.2,0.996,0
7532.8,91,1.9,1,87156.45,133.0,0.875,0
7441.5,65,6.2,2,209847.02,256.0,0.999,1
11873.8,133,9.5,0,260538.53,159.0,0.947,0
22682.1,47,2.1,0,74910.07,197.0,0.849,0
13930.8,44,5.5,0,167562.15,264.9,1.204,0
6231.8,82,7.2,1,204376.09,250.6,1.046,0
40651.1,40,5.5,2,188601.11,274.3,0.913,0
22804.6,274,9.2,0,242535.16,323.1,1.05,1
7886.7,26,2.5,0,77913.6,257.3,1.122,0
22999.5,169,1.2,2,87525.67,213.6,0.796,1
12034.5,45,4.4,0,131420.18,293.9,1.213,0
4847.1,26,6.0,0,175742.53,159.0,0.855,0
21358.5,87,3.3,1,124121.93,263.1,1.134,0
6232.4,64,2.5,1,101994.46,337.5,0.784,0
14306.2,227,8.2,2,272853.6,218.3,1.103,1
11650.7,95,2.7,0,84674.47,223.6,0.922,0
15013.9,63,5.0,0,149543.84,371.3,1.274,0
27518.7,71,9.6,0,256016.32,273.7,0.909,1
10527.7,13,6.5,1,193551.52,266.2,0.893,0
4802.3,10,5.5,1,172446.3,276.4,0.907,1
6819.2,21,4.2,0,130383.86,203.9,1.064,0
4561.1,65,5.7,1,177224.38,329.0,1.122,0
3594.7,75,7.6,0,210863.66,353.4,0.885,0
19866.8,97,8.4,0,226458.83,242.9,1.066,0
11407.5,114,6.8,0,190644.55,284.5,0.984,0
9786.9,13,8.1,0,229017.93,317.8,0.892,0
8003.2,89,1.8,0,63019.47,320.7,1.017,0
17256.0,153,1.1,1,72330.26,328.9,1.286,0
24490.8,56,7.6,2,239531.43,171.4,1.031,1
6110.7,264,3.4,0,91068.86,300.7,0.867,0
13980.0,71,8.9,0,236295.39,351.9,1.09,0
19070.2,47,5.8,0,167100.31,295.3,1.084,0
12364.9,124,5.3,1,169402.1,352.6,0.944,0
16453.4,97,8.0,0,216053.26,259.6,1.05,0
4759.3,157,7.7,2,239340.33,282.9,0.739,0
24876.0,113,7.3,1,215100.94,257.9,0.844,1
17303.8,75,7.2,0,196084.36,292.2,0.974,1
14808.8,117,5.6,0,161621.69,307.7,0.938,0
18310.8,19,9.3,1,275470.53,189.0,0.987,1
8843.8,102,9.0,1,259760.23,264.5,1.031,0
5389.1,69,4.0,1,133059.77,261.7,0.967,0
4585.8,28,8.2,0,221132.03,227.4,1.054,0
4101.0,112,9.0,2,287080.79,279.2,0.978,0
13864.0,144,6.6,0,182780.69,207.3,1.037,0
8226.4,60,6.0,2,207095.71,206.9,0.939,0
24001.1,40,7.0,0,194253.8,221.4,1.092,0
21213.4,131,2.5,0,73788.33,185.5,1.044,0
17237.9,39,1.8,0,62826.8,217.3,0.798,0
15101.4,76,8.4,2,268740.13,369.1,1.037,1
6800.6,73,6.2,1,190287.47,193.3,1.031,0
7634.7,37,2.1,0,70930.07,205.8,0.883,0
6779.7,26,4.7,0,131150.94,267.8,1.159,0
5270.3,122,3.7,1,137734.94,196.9,0.949,0
9973.0,92,8.9,1,259762.98,205.9,0.862,0
18924.9,54,5.6,3,218761.02,187.2,0.835,0
9582.0,56,6.2,2,208505.51,260.9,1.073,0
6553.2,97,3.1,0,101109.31,246.0,1.02,0
9587.2,50,8.2,2,261738.5,286.9,0.829,0
11821.0,64,9.4,0,257307.95,272.4,1.058,0
7793.6,47,8.1,0,235637.33,329.6,1.085,0
10023.0,60,5.4,0,156532.56,228.0,0.978,0
40258.3,63,8.5,1,249698.98,189.9,1.074,1
4009.5,99,2.7,0,90459.05,208.9,0.825,0
2217.0,46,2.0,0,66457.57,368.4,0.933,0
11318.5,136,4.9,2,175545.31,140.1,1.042,0
13495.1,98,2.6,2,121795.06,326.7,1.334,1
9717.7,70,3.3,1,121457.14,326.3,1.08,0
5588.5,61,6.3,0,186459.33,275.9,0.981,0
23759.8,55,4.6,0,130171.76,205.4,0.878,0
10916.6,122,8.8,2,276131.94,291.5,0.952,1
11635.6,50,3.0,0,96571.44,210.5,1.162,0
17074.1,14,10.0,0,263856.27,230.7,1.126,1
9470.2,49,4.2,1,146443.17,273.5,1.157,0
8935.2,160,5.6,0,164333.5,229.7,0.968,0
23759.2,32,2.2,0,75727.81,194.1,0.966,0
3171.5,185,6.2,0,179449.35,248.3,0.856,0
13075.1,53,9.7,0,253503.85,290.0,1.087,1
12397.9,51,7.7,0,218415.59,328.7,1.154,0
8169.8,206,3.2,1,113287.11,299.9,0.972,0
9727.7,82,5.0,1,153981.25,352.9,0.894,0
22587.3,116,4.8,0,141297.39,274.9,0.848,0
6219.1,37,1.9,0,56019.95,249.0,1.133,0
16430.1,57,9.0,0,244570.24,366.7,0.899,0
10713.5,10,4.4,0,133580.75,237.3,0.879,0
15430.6,47,5.4,0,148781.25,312.5,0.815,0
13629.5,58,3.6,2,141763.21,335.4,1.069,0
2112.2,55,2.4,0,81122.32,118.9,1.347,0
6120.2,64,9.1,0,243498.46,262.7,1.088,0
6757.1,57,1.3,0,47040.24,194.1,0.82,0
5551.1,13,4.6,0,132980.86,190.5,0.927,0
7334.1,46,7.6,0,214415.8,209.8,0.748,0
11619.4,77,3.8,2,157627.15,151.5,1.152,0
18011.2,88,5.0,0,140259.47,308.9,0.934,0
4401.7,154,6.1,1,194773.31,243.6,1.035,0
10808.4,11,10.0,1,292044.31,324.8,1.003,0
12670.2,48,7.8,1,242853.36,277.0,1.119,1
19998.5,120,9.7,1,279212.2,256.9,0.998,1
25302.7,73,7.2,0,205946.79,208.3,1.111,0
9432.1,49,3.4,3,160522.69,237.7,1.021,0
5637.2,128,3.6,1,124114.49,284.3,0.904,0
13173.9,72,8.4,1,250330.37,242.6,1.042,0
5819.4,110,4.8,0,131840.25,223.8,1.023,0
12536.8,66,4.3,0,133337.91,259.6,0.964,0
6544.9,11,9.5,0,265425.57,330.4,0.939,0
14418.7,156,1.1,0,50781.36,269.9,1.228,0
6847.0,61,5.7,0,161272.44,324.3,1.225,1
23983.4,21,8.0,1,235708.98,129.6,0.901,0
10739.8,47,7.6,1,235352.54,267.2,0.833,0
3427.1,34,4.3,1,138950.25,252.5,1.031,0
18315.9,7,5.8,1,188531.15,204.6,1.045,0
9521.8,56,1.1,2,90256.55,270.5,1.084,0
15061.2,12,5.8,2,203648.98,308.8,0.96,0
18514.2,55,6.3,0,181280.84,265.3,1.258,0
11089.0,81,8.9,1,242237.62,185.4,1.2,0
4200.1,80,2.9,1,115152.36,287.8,1.194,0
11716.1,42,8.4,1,249996.36,329.5,0.852,0
22179.4,26,7.5,1,225602.8,269.2,0.741,1
10057.1,116,7.0,1,212794.21,256.4,0.877,0
13646.9,91,4.5,0,139730.58,219.3,1.063,0
6254.7,48,4.3,0,134627.32,282.9,1.088,0
3698.9,18,7.3,0,205157.37,238.2,0.949,0
9646.6,31,9.9,0,260626.98,483.0,1.038,0
10895.4,188,4.6,0,138273.93,327.9,1.161,0
19768.1,111,9.3,0,251598.06,275.5,1.161,1
11320.2,82,6.3,1,200036.97,288.6,0.833,0
18897.3,34,8.8,1,258528.89,251.7,0.97,0
8087.7,35,3.0,2,131602.64,288.0,0.851,0
4116.5,119,7.9,0,210031.13,295.7,0.617,0
14102.0,167,8.5,1,248310.41,212.6,1.03,1
23514.5,121,8.5,1,244388.0,245.1,0.779,1
7385.6,54,8.1,1,236312.56,279.2,0.855,0
15326.5,39,3.7,0,114320.31,285.0,0.777,0
15656.8,32,5.7,1,184115.37,244.5,1.122,0
3728.1,51,3.7,0,109882.03,235.8,1.068,0
9389.6,35,4.1,0,124968.01,294.9,1.305,0
16059.7,72,3.7,0,112154.87,293.3,1.142,0
13147.7,18,3.6,0,105606.39,233.4,0.927,0
16066.6,66,7.2,0,203600.74,135.1,1.105,0
14549.3,220,6.9,1,205551.48,295.3,0.999,1
10136.2,121,2.8,1,112547.7,312.5,1.017,0
10877.8,73,7.2,2,232266.32,296.3,0.913,0
19464.8,218,3.6,2,158662.16,365.3,1.082,1
11703.5,90,2.8,1,116678.22,308.8,0.949,0
6758.8,33,7.7,1,225700.67,275.7,0.942,0
9482.7,116,4.3,0,125271.84,205.2,0.984,0
13618.7,26,6.1,1,188097.72,255.8,1.078,0
18773.3,13,2.8,0,87312.0,247.7,0.856,0
3667.2,88,6.5,2,223040.73,274.0,1.043,0
9173.3,99,2.9,0,94161.99,185.0,0.836,0
17976.9,116,2.5,1,97282.07,293.5,0.937,0
6203.4,98,4.5,1,147351.83,224.2,0.932,0
6223.3,86,8.1,0,226148.81,279.9,1.097,0
10799.6,44,2.6,2,115617.47,230.7,1.046,0
3462.2,79,2.1,1,90991.76,252.2,1.113,0
27086.1,116,1.3,1,66149.1,205.5,1.112,1
13519.4,86,4.7,1,159850.93,209.1,1.259,0
15294.0,104,3.5,5,195986.56,289.9,0.804,1
20224.2,185,3.6,1,128725.58,315.6,0.926,0
35647.3,102,9.8,1,281756.0,256.8,0.829,1
10158.1,126,2.7,2,130745.3,334.9,1.058,0
3631.8,19,5.1,1,170215.53,320.8,1.04,0
12826.0,87,9.9,1,286187.87,274.3,0.915,0
6460.2,213,1.3,1,73881.47,200.6,1.044,0
4907.9,76,7.3,2,239696.46,274.9,1.143,1
7849.7,77,4.3,0,125256.01,281.0,0.808,0
10040.5,57,9.2,1,262195.79,292.0,0.996,0
20430.2,54,9.2,0,250514.4,238.5,1.022,0
27485.3,180,4.5,0,133216.99,217.3,0.87,0
5359.4,11,3.0,2,129630.96,161.4,0.884,0
8212.5,83,4.9,1,153397.51,266.9,0.97,0
14898.6,58,9.7,0,263324.58,254.3,1.032,0
16098.9,15,3.5,1,128359.4,332.7,1.118,0
5781.8,116,9.8,2,308616.99,200.9,1.049,0
17993.7,65,8.4,0,228423.08,257.9,1.084,1
6737.4,82,3.4,3,152951.77,194.6,1.118,0
5625.4,51,8.1,2,259368.19,358.0,1.189,0
14533.6,92,1.4,2,92848.84,238.4,1.012,0
20742.9,100,5.9,0,165160.61,177.3,0.779,1
12823.6,31,4.2,3,176695.77,263.0,1.182,1
11582.9,31,4.8,0,145519.93,270.8,1.26,0
10160.0,51,5.3,1,167966.45,221.7,0.99,0
11196.8,166,5.5,0,157327.37,258.7,1.23,0
9320.2,53,6.9,0,187325.75,199.0,1.08,0
14782.8,52,7.3,0,202253.63,226.6,1.078,0
11202.6,44,9.8,0,260869.83,226.5,1.019,0
34425.0,188,7.9,1,230691.75,421.4,0.822,1
13135.2,77,7.2,0,192645.47,327.0,1.017,0
9330.9,133,4.5,0,135685.6,260.0,1.199,0
5412.8,141,2.1,0,68172.28,250.0,1.087,1
5891.0,33,1.5,1,71782.96,333.2,0.993,0
13459.0,40,5.3,0,151109.01,329.6,0.817,1
7585.7,82,7.0,1,216800.47,239.3,1.115,0
11934.9,32,6.9,1,211280.49,400.1,1.008,0
21422.9,40,9.6,0,259994.06,239.3,1.032,0
4682.2,55,4.4,0,135864.93,243.6,0.96,0
9713.0,41,6.7,0,190646.46,293.8,1.087,0
1705.9,27,9.0,0,245386.33,268.3,1.13,0
3744.4,45,4.6,1,155843.14,228.8,1.037,0
12210.9,72,5.3,1,173814.44,242.7,1.174,0
4050.0,35,9.3,2,291464.29,222.9,1.121,1
4602.1,47,6.0,0,172532.75,264.4,1.044,0
25751.3,58,8.2,1,239319.47,249.9,0.963,0
7102.1,191,9.4,1,271694.75,287.0,0.954,0
5616.8,38,6.1,0,176029.75,275.6,0.778,0
21340.7,153,2.0,0,70928.05,207.4,0.88,0
5586.7,11,8.4,1,254457.54,230.9,0.984,0
13008.9,113,8.4,2,272668.09,326.0,1.038,0
13229.9,100,2.0,2,111065.64,253.6,1.009,0
17325.2,112,5.9,2,193886.6,199.5,1.113,1
4987.3,104,5.4,0,158549.1,243.9,1.034,0
6184.3,127,8.6,0,235199.93,259.6,0.921,1
7158.2,53,3.5,0,102317.31,389.9,0.918,0
6373.8,155,4.8,1,156110.51,237.5,1.06,0
16671.2,40,6.4,0,175072.27,240.2,0.866,0
13242.9,12,5.7,1,184235.27,273.1,0.969,0
14442.0,15,9.6,2,298630.7,299.7,1.065,0
3599.6,77,9.6,0,251870.07,379.3,0.888,0
12027.8,94,1.7,3,117952.32,245.4,0.938,0
23278.3,117,3.7,0,105845.61,248.1,0.999,0
31964.8,75,1.1,2,87112.98,189.0,1.022,0
7938.1,43,4.8,1,151320.52,184.0,1.05,0
17535.8,115,7.0,0,182207.28,261.8,1.006,1
6290.5,69,5.2,0,152776.91,207.1,0.988,0
3704.4,41,1.6,0,63470.08,167.1,0.961,0
3876.5,90,2.8,1,111162.16,215.7,1.138,0
21524.4,68,2.6,0,82922.62,186.4,0.902,0
8315.1,327,5.6,0,159929.49,256.2,1.119,1
7308.1,265,7.1,0,200223.33,184.2,1.001,1
16336.5,38,3.8,0,121364.7,237.0,0.979,0
4485.2,14,2.2,0,73375.99,288.4,1.024,0
14066.9,32,8.2,0,222833.21,246.9,0.898,0
9312.3,17,8.7,0,226390.07,254.7,1.109,0
30259.1,99,3.5,1,125561.77,189.2,1.072,0
8168.7,145,4.8,3,200402.92,297.2,0.936,1
9756.4,32,1.7,1,85043.48,274.3,1.058,0
3835.8,138,3.0,1,119368.7,252.6,0.933,0
32890.3,25,7.9,0,219965.69,272.4,0.883,1
8526.0,135,4.3,1,146687.22,250.2,1.035,0
26428.6,37,6.4,1,194332.7,285.8,0.982,0
3026.7,73,9.5,2,290757.72,302.8,0.985,1
12572.9,117,7.5,1,219588.09,237.0,1.125,0
30934.6,54,5.1,1,168413.73,232.6,1.08,1
7115.7,23,4.3,1,151411.29,226.0,1.096,0
12075.9,232,2.7,0,93761.98,217.7,0.89,0
21934.6,23,7.8,0,209821.42,206.7,0.992,0
8600.1,190,2.0,0,68758.72,257.0,1.085,0
3742.4,98,1.6,0,50983.62,241.0,1.131,0
7813.6,147,1.9,2,98945.32,257.3,0.994,0
12673.9,105,3.2,1,111907.16,284.6,0.853,0
12588.1,24,6.6,1,211084.45,277.7,1.077,1
15823.8,18,8.8,2,273088.98,337.8,1.084,0
6107.8,42,9.9,3,315819.7,262.5,0.996,0
29573.6,10,7.6,1,223749.74,245.6,1.057,0
6246.2,75,2.3,1,101155.7,264.6,0.838,0
11196.4,78,3.5,2,144209.96,298.8,1.104,0
12947.3,59,2.2,0,69574.31,382.2,1.058,0
12221.4,32,2.0,0,77390.41,280.0,0.917,0
5011.9,85,6.1,1,192840.49,271.0,1.164,1
22233.3,37,9.2,1,263107.52,323.0,0.814,1
7574.4,71,7.2,1,216671.65,231.9,1.017,0
13625.3,36,8.2,1,247680.75,254.3,1.152,0
12008.5,52,5.6,1,173780.7,278.3,1.246,1
11978.0,305,5.3,2,190273.74,212.1,0.878,1
3506.4,124,9.4,0,257326.09,178.6,1.029,0
7165.5,25,7.5,0,203207.75,297.1,0.985,0
13548.7,193,5.1,0,143672.82,201.3,1.002,0
3653.8,104,4.0,3,162355.02,318.4,1.014,0
9288.2,56,1.8,2,99789.85,237.9,1.053,0
11377.9,63,8.4,0,220332.94,250.2,1.271,0
15375.0,85,2.5,1,92175.1,153.7,1.145,0
11234.8,191,5.6,0,150251.79,285.2,0.822,0
9478.8,97,6.7,1,204518.11,289.8,0.908,0
12346.7,42,7.7,0,216511.5,291.5,1.091,0
9120.8,56,1.8,0,57818.71,307.7,0.867,0
5961.6,43,1.1,1,70734.48,154.3,0.869,0
7759.1,87,7.4,0,209390.78,184.5,0.951,0
13448.1,102,5.1,1,160142.62,180.6,1.1,0
9530.2,103,2.6,0,75656.04,235.9,1.116,0
38218.4,157,9.8,3,324885.78,207.2,0.894,1
4857.9,99,8.1,0,229142.98,280.5,0.777,0
13201.7,31,6.2,1,192870.42,258.8,1.125,0
14443.5,163,7.3,2,239279.58,286.2,1.094,0
11072.4,64,2.4,2,116053.1,290.3,1.017,0
8755.0,70,9.7,0,263291.56,139.7,0.984,0
10522.3,54,10.0,1,291163.54,311.5,0.998,0
10565.4,39,6.8,0,188366.83,236.3,1.016,0
24718.6,41,7.0,0,189682.58,315.5,0.934,0
2816.1,127,7.3,0,201005.34,169.3,1.154,0
5864.4,75,7.0,2,231094.59,294.6,0.758,1
12395.9,55,4.9,1,164308.41,264.8,1.129,0
19111.1,159,5.9,2,207248.7,352.2,0.902,0
6115.6,99,3.5,0,112017.13,269.7,0.766,0
5088.8,60,5.0,0,147065.84,315.5,1.053,0
9764.0,171,4.9,1,158510.55,159.9,1.07,0
5893.0,149,3.6,0,100542.0,260.8,0.971,0
9808.7,55,8.1,0,226225.68,212.9,1.067,0
5971.3,46,4.7,2,182481.38,238.8,0.774,0
15518.9,108,6.0,2,203140.91,254.6,1.151,1
6085.1,53,2.4,0,85253.89,213.3,0.864,0
3227.2,75,5.3,0,144295.51,297.0,1.101,0
15550.7,66,7.9,0,213799.45,314.0,1.007,0
10656.4,77,5.0,0,138688.97,201.7,1.01,0
8169.7,181,6.0,3,232487.62,274.1,0.801,1
8317.9,76,7.3,1,217397.13,147.9,1.225,0
11393.1,117,4.5,3,186905.18,317.3,1.143,0
5099.1,80,4.2,1,143967.78,264.5,0.908,0
4051.6,75,1.8,0,73566.37,254.1,1.174,0
6073.8,32,6.2,0,171689.51,358.3,0.957,0
8774.3,17,7.4,0,208253.5,278.7,0.954,0
5752.2,41,6.2,1,189369.24,425.3,0.848,0
24637.6,13,3.6,0,108107.16,194.5,0.977,0
6075.9,42,3.4,0,115070.79,200.8,0.996,0
10905.4,76,2.4,1,99424.76,309.7,0.907,0
13943.7,50,1.4,1,77896.9,244.5,1.088,0
20488.1,15,4.8,1,160128.9,328.2,1.186,1
26805.8,350,2.4,0,82157.05,199.9,1.088,1
32612.0,68,7.2,0,203990.63,332.0,0.807,1
19930.0,67,9.7,0,256896.35,256.1,0.823,1
18214.2,151,1.7,0,63260.25,261.7,1.027,0
5331.8,136,9.0,0,237821.21,185.2,1.118,0
14418.4,67,6.9,1,205904.04,330.0,0.971,0
9076.0,71,8.7,0,244967.78,287.6,1.012,0
9134.8,211,2.4,1,93522.98,295.4,1.007,1
8201.3,67,9.2,0,252971.2,177.0,0.966,0
5250.8,131,9.6,1,259690.22,247.1,1.053,0
7386.0,47,9.2,0,245629.86,257.1,1.038,0
5863.1,35,8.1,0,219174.96,181.2,1.12,0
2817.3,100,1.8,0,62188.46,302.3,0.872,0
22260.9,130,3.0,0,94023.08,315.9,0.798,0
10772.9,27,9.2,2,288261.05,173.0,0.998,0
11037.9,97,3.1,0,94690.48,258.1,0.948,0
10185.6,48,4.1,1,143215.04,312.5,0.923,0
19047.6,8,1.5,1,74097.24,363.8,0.894,0
11649.0,28,6.7,0,192402.31,309.4,1.119,0
22664.0,54,6.1,0,179271.92,199.7,0.986,0
15257.5,129,9.7,1,281371.96,204.9,1.281,1
6585.6,109,9.0,1,269075.2,276.6,0.969,0
20760.0,26,5.6,1,177125.28,302.7,0.921,0
12894.8,101,6.5,0,187489.02,259.9,1.113,0
10044.5,38,4.7,0,138731.47,232.3,1.24,0
17811.5,95,2.2,2,109916.46,308.2,0.94,0
10844.1,40,8.8,4,302189.36,323.6,1.104,0
16017.9,202,5.9,2,206370.22,241.3,0.848,1
4700.2,43,4.8,1,160415.43,260.0,0.97,0
10988.9,57,1.6,1,72678.08,299.8,0.868,0
6877.8,38,7.0,0,191764.31,237.0,1.054,0
31977.2,102,4.6,1,145113.74,314.3,0.975,0
21792.9,36,3.3,0,105872.63,233.0,0.92,0
12065.5,15,8.9,2,274789.1,319.8,1.124,0
20673.9,91,2.7,0,90043.46,219.1,0.857,0
6958.8,88,5.6,0,158425.6,400.6,1.249,0
7978.6,31,8.2,0,219556.8,256.7,1.072,0
2395.9,38,8.6,2,277278.36,298.7,1.118,0
15550.4,61,8.4,0,226109.01,337.7,1.154,0
2188.1,106,9.1,1,269855.17,255.6,1.105,1
7467.2,234,2.3,0,73295.72,280.8,0.786,0
4597.6,105,9.5,1,273776.09,267.6,0.805,1
18785.6,114,1.1,0,53874.48,389.4,0.88,0
30242.1,180,3.3,0,103979.05,362.9,0.947,1
16983.4,118,1.8,1,86363.47,220.3,1.163,0
15312.1,196,9.5,0,268340.67,200.1,0.83,1
12146.3,77,4.8,0,139704.93,294.6,0.881,0
11525.5,89,3.8,0,120550.1,269.9,0.928,0
6171.2,38,2.5,1,100536.8,358.8,1.011,0
3555.0,32,2.4,0,80789.72,286.9,1.064,0
11382.2,49,6.5,1,199006.33,263.0,0.879,1
12993.0,120,1.4,0,56266.23,205.5,1.19,0
12945.1,125,6.3,0,173416.29,233.0,1.063,0
14048.2,72,8.0,0,225132.45,220.3,1.03,0
16223.7,144,6.4,1,211270.31,239.7,1.018,0
11090.5,53,8.4,2,268187.87,239.7,0.821,0
5772.5,29,3.4,0,102298.76,238.8,0.986,0
13775.2,106,1.7,0,71358.99,262.9,1.009,0
15646.8,86,7.5,0,205678.95,295.5,1.098,0
8867.8,88,8.5,3,283181.59,320.4,1.093,0
15677.3,201,5.5,0,159141.44,308.1,1.174,1
11455.1,87,8.4,3,281671.39,175.6,1.032,0
5213.6,133,5.1,0,154280.66,187.3,0.854,0
35990.0,4,2.8,1,99451.27,239.6,1.141,1
8592.3,86,5.3,0,153119.74,193.9,1.202,0
5485.7,24,2.9,1,119338.28,286.8,1.072,0
6830.8,63,5.2,0,139124.43,259.0,1.199,0
1724.6,51,2.3,0,86337.23,268.0,1.033,1
9034.5,176,2.7,1,106193.75,337.9,0.949,0
22421.1,183,8.9,1,271178.1,240.0,0.936,1
12034.7,193,2.0,2,115506.17,193.4,0.837,0
6407.2,82,3.0,1,106553.51,248.6,0.977,0
10384.7,11,10.0,0,279715.18,133.3,0.854,0
2407.3,97,6.2,2,205333.38,251.2,1.294,0
10440.9,55,6.3,0,179059.21,111.9,0.895,0
8735.3,80,8.6,0,223040.22,262.5,1.131,0
18121.0,35,5.7,1,184617.62,327.6,0.823,0
13083.3,174,3.0,0,97421.66,292.9,0.948,0
5663.6,119,4.8,0,148510.13,279.4,0.974,0
17834.1,63,7.8,0,218214.05,291.0,0.962,0
21237.1,41,8.9,0,235240.54,216.4,0.995,1
13328.4,128,3.5,2,146361.96,137.3,1.114,0
9298.8,144,3.4,1,119382.09,187.0,1.201,1
7621.0,55,3.9,0,129102.14,297.0,1.031,0
25271.1,42,6.4,2,217504.9,319.3,0.976,1
12721.5,82,3.5,2,142101.17,339.9,0.878,0
11297.5,95,9.0,2,287578.51,182.6,0.986,1
4850.5,30,9.8,0,265517.23,332.7,0.83,0
6044.3,136,7.1,2,242980.98,183.7,0.975,1
3951.4,65,9.7,1,275652.67,285.6,1.29,0
9218.3,157,3.6,0,107045.29,294.9,1.211,0
7515.3,159,8.3,3,287451.27,219.7,1.04,0
11624.2,151,7.1,2,231710.64,308.6,1.124,1
19725.7,22,3.4,1,126888.45,128.8,0.931,0
15728.3,28,3.9,0,119886.68,200.4,0.9,0
17518.4,124,5.4,0,150914.14,213.3,0.902,0
19448.3,124,8.1,0,224890.82,299.7,0.976,0
6375.7,32,8.9,1,258604.84,297.7,1.125,0
8310.1,71,6.7,2,220624.21,273.2,0.865,1
7598.6,141,7.5,3,264759.83,272.5,1.073,1
16195.3,12,3.4,0,100529.19,336.7,1.105,0
4740.8,105,7.7,1,230262.12,238.0,1.027,0
23018.3,122,6.4,1,208832.79,233.4,0.921,0
8113.7,94,3.0,2,132290.25,250.8,1.051,0
4974.0,108,9.6,2,292013.71,200.7,1.023,0
8329.3,73,5.6,1,170935.27,297.3,1.088,0
8680.9,64,8.2,0,216015.52,186.1,1.144,0
9460.4,81,5.7,0,158007.5,249.3,0.859,0
9725.0,136,9.4,0,253610.36,314.6,1.053,0
19347.9,51,2.3,1,82627.22,244.6,1.073,1
12854.1,58,5.9,0,167060.95,197.2,1.058,0
4930.4,30,1.2,1,61644.11,280.2,1.061,0
8571.8,64,2.8,0,88834.96,303.6,0.96,0
7454.5,31,3.5,4,179913.39,288.3,0.874,0
11016.2,149,5.3,0,153218.84,290.9,0.815,0
10101.1,69,8.4,0,229559.31,217.8,1.126,0
27001.2,35,5.2,0,146315.7,391.5,1.002,1
17474.7,137,6.1,1,184402.48,322.0,1.044,1
14873.1,36,9.3,2,282074.21,219.6,1.02,0
2241.2,27,7.8,0,221858.33,273.4,0.98,0
17082.4,14,1.5,3,115364.39,273.3,1.129,0
2931.8,17,2.6,0,82658.39,269.7,0.964,0
7898.6,68,1.3,3,107725.95,286.1,1.088,0
8546.4,73,1.6,2,96177.86,260.0,0.989,0
18932.8,109,4.0,1,145533.29,295.7,0.736,0
5520.7,82,7.6,0,206804.06,312.5,0.927,0
9476.1,79,3.2,1,107223.27,284.1,1.135,0
4187.9,34,4.5,0,135915.26,222.9,0.889,0
14213.0,141,4.5,2,162177.68,330.4,1.081,0
7949.7,91,6.3,0,183166.74,257.0,1.041,0
11716.2,65,9.0,1,258895.14,272.3,1.011,0
1208.8,85,9.8,0,268009.44,235.1,1.022,0
5096.4,116,6.4,1,197742.8,337.8,1.076,0
11927.5,31,5.5,0,157534.69,225.3,1.036,0
15385.2,44,7.1,1,219418.06,253.5,0.877,0
23185.1,11,7.0,0,195968.41,410.9,1.134,0
21318.5,71,5.7,0,160827.04,152.1,1.227,0
7230.9,100,7.6,0,209232.79,208.7,0.841,0
11599.7,93,5.4,2,184916.31,325.2,0.942,0
16365.0,117,10.0,0,269935.55,267.1,1.195,1
12711.5,111,1.4,0,57699.22,294.7,0.933,0
8597.4,74,5.0,1,178381.86,181.0,1.061,0
11901.1,105,4.6,0,135127.72,248.7,0.987,0
22242.1,184,7.9,0,217715.48,252.8,1.166,1
10377.3,134,2.7,0,82537.71,260.9,0.969,0
14381.1,128,4.9,1,158819.53,265.2,0.797,0
12364.9,55,7.3,0,202170.5,132.8,1.074,0
6979.4,60,6.4,2,211822.21,251.7,1.136,1
18870.2,144,5.9,0,171053.69,349.8,1.05,0
10558.2,30,4.9,0,141739.43,243.6,0.906,0
8534.6,79,7.8,1,235446.87,204.6,0.967,0
12282.7,133,6.8,0,186113.85,224.3,1.031,0
20094.8,80,8.9,0,243063.16,331.5,1.075,0
11831.2,68,7.6,1,226865.42,108.6,1.096,0
11702.9,116,2.3,1,101002.39,298.3,0.98,0
14121.1,100,6.6,3,238598.44,282.5,1.062,0
16059.2,127,1.4,0,48707.55,211.7,0.916,0
9111.0,234,4.5,1,148943.58,441.1,1.196,1
9823.3,63,4.7,3,183022.82,317.0,0.773,1
8698.2,109,8.7,2,274846.68,271.1,1.224,0
14049.1,63,2.6,0,92520.54,330.3,0.82,0
10552.7,31,6.8,0,190985.08,296.4,0.94,0
10872.9,69,2.7,0,89651.91,283.1,0.812,0
11087.1,23,9.5,2,296377.34,272.0,1.064,0
4608.4,35,5.8,0,159705.71,228.5,1.05,0
15288.9,107,7.4,1,218562.25,322.9,0.928,0
8931.8,100,6.8,0,193096.94,253.6,0.838,0
10627.1,162,3.7,2,148174.03,329.7,1.114,1
7992.9,145,9.1,1,276308.83,328.3,0.969,0
5510.4,43,6.6,0,193354.31,317.8,1.009,0
11773.8,117,5.6,2,192047.94,235.0,0.884,0
13578.7,100,5.8,1,178267.97,209.1,1.087,0
35657.1,54,9.0,2,274598.64,257.8,0.964,1
7577.3,86,1.5,1,72504.13,260.3,1.034,0
16703.0,41,4.5,1,149263.93,236.9,0.915,0
8822.1,154,8.6,0,235783.05,321.4,1.054,0
17524.6,103,1.3,1,70833.94,315.2,0.978,0
14809.6,164,6.8,1,217039.05,305.8,0.79,1
7646.9,25,4.6,1,158392.28,346.2,1.042,0
5204.7,76,2.8,0,93497.8,274.3,1.076,0
4154.7,41,6.5,2,221193.34,195.6,0.88,0
18495.3,16,8.5,3,275756.12,343.8,1.167,1
6143.6,47,5.2,0,138437.24,289.0,0.876,0
3678.5,46,2.3,2,113913.98,327.4,1.058,0
18270.9,117,3.8,0,118375.84,287.9,1.205,0
10943.6,88,9.8,1,281236.09,225.3,1.236,0
9193.4,131,2.0,0,71929.94,188.9,0.87,0
16037.2,52,2.4,1,102877.47,318.2,1.095,0
8852.3,139,9.9,0,272939.44,236.7,0.947,1
15205.5,67,8.9,1,258929.06,323.3,0.888,1
7651.9,44,7.4,2,239051.04,140.4,1.031,0
22061.1,17,2.4,0,77104.41,300.2,1.12,0
6937.5,29,3.2,0,95565.14,295.1,0.987,0
15329.3,48,2.6,0,86314.74,357.1,0.821,0
19867.3,84,6.7,0,181372.57,236.2,0.844,0
890.5,42,4.6,1,159398.27,258.5,1.09,0
14493.2,243,1.4,0,55246.24,355.7,1.061,1
7020.5,113,3.6,1,127496.18,343.8,1.061,0
15983.1,34,8.7,1,248292.11,228.0,0.846,1
12382.4,54,8.2,1,235804.55,199.2,0.922,0
14223.9,59,6.8,2,230889.96,268.0,0.93,0
10479.0,92,1.8,4,155197.16,321.8,0.852,1
20589.9,18,8.9,2,283480.81,302.1,1.015,0
4282.4,196,5.8,1,181911.69,253.7,0.912,1
19379.5,234,5.5,2,188996.56,392.1,0.972,1
7727.9,100,9.4,2,285409.01,243.0,0.902,0
2804.2,161,1.1,0,39084.52,285.8,0.859,0
11195.7,87,6.0,6,279742.31,191.4,0.853,1
7183.4,60,8.1,0,223500.61,220.9,0.894,0
13920.7,35,1.6,3,109468.22,262.2,1.037,0
14689.0,98,4.2,0,125037.35,293.3,0.893,0
9909.0,76,9.8,2,302016.28,131.0,1.018,0
14286.5,200,2.9,1,101968.48,213.8,1.139,0
12816.1,120,5.8,0,169537.18,130.1,1.005,0
11077.8,39,7.7,2,256134.64,161.7,0.843,1
9720.8,110,4.5,0,132932.28,353.1,0.937,0
8043.8,52,4.7,0,146611.88,220.9,1.132,1
27144.5,38,1.6,2,98283.03,395.5,1.001,1
10777.5,49,2.7,0,96057.62,185.0,0.907,0
13155.9,43,8.9,1,260207.58,309.6,0.935,0
15574.7,94,8.4,0,234167.45,275.4,1.168,0
9240.4,118,3.7,0,114957.52,263.3,1.122,0
13689.9,24,4.4,1,144925.78,176.9,0.987,0
25794.3,46,5.0,0,147873.31,237.0,0.978,0
6926.1,109,4.1,1,146170.91,260.5,1.043,0
25788.9,122,6.9,1,210478.36,240.6,0.922,1
16202.2,88,1.1,1,65521.43,286.8,1.115,0
7666.1,71,8.9,1,266766.76,231.7,1.008,1
6667.3,40,3.7,3,161505.85,231.9,0.859,0
25708.9,27,8.9,2,273976.12,259.9,1.11,1
18635.3,60,5.1,0,145327.6,317.0,0.892,0
10091.3,61,8.0,1,236036.02,383.3,0.783,0
8246.7,70,8.4,0,225091.85,217.5,1.128,0
7685.7,95,3.7,2,143669.98,125.9,1.113,0
9804.0,92,6.8,1,210768.85,309.7,0.916,0
10353.0,107,6.5,1,197737.87,339.0,1.235,0
12022.7,74,5.3,0,143278.37,186.4,1.106,0
6041.6,39,5.2,2,187162.37,338.0,0.743,1
7484.3,204,3.7,1,134882.76,297.5,0.905,0
9514.9,31,3.8,4,190623.39,189.5,1.157,0
31065.7,40,5.9,2,213989.07,100.9,1.261,0
12767.9,91,1.3,1,68603.68,219.2,0.988,0
4672.6,51,9.4,0,253184.13,325.8,1.094,1
6234.1,163,6.8,2,230577.91,228.0,0.937,0
25534.7,74,5.0,1,163002.02,265.4,1.053,1
20683.9,105,1.6,0,58003.13,158.8,0.958,0
8787.9,66,6.7,0,187099.12,310.5,0.804,0
14444.6,22,1.2,0,51471.21,239.2,0.98,0
13529.6,264,7.1,1,219228.17,318.3,1.347,0
10974.8,87,1.7,0,62192.13,192.0,0.95,0
6718.6,39,6.9,1,202976.85,156.1,1.016,0
3431.5,71,4.7,2,174501.31,313.7,1.051,0
17559.4,120,7.0,0,183634.68,306.4,0.983,0
13704.4,17,2.2,0,73393.67,222.5,0.913,0
6786.5,75,2.1,0,69056.77,406.2,1.046,0
20191.6,60,3.2,0,97928.99,273.8,1.064,0
24995.7,31,4.7,2,177905.19,253.9,1.013,0
12527.7,122,3.3,0,97910.74,287.5,0.929,0
10742.6,41,1.7,2,106600.19,289.7,0.963,0
4107.5,155,3.9,0,113115.98,327.2,0.909,0
9876.6,52,7.4,0,208686.61,224.0,1.076,0
5701.7,110,6.2,0,186885.72,267.6,1.034,0
10200.5,90,9.7,3,309657.37,252.5,1.014,0
19014.7,83,4.9,0,141057.14,271.3,0.882,0
15525.9,72,4.0,0,119782.8,358.4,0.85,0
20505.7,80,7.2,1,221196.06,249.5,0.984,0
9398.2,109,4.7,0,137361.09,249.5,0.751,0
4866.8,159,6.6,0,184717.83,260.5,1.056,0
9168.3,51,9.5,1,277342.19,252.8,0.972,0
12557.9,238,5.5,0,153234.87,249.3,0.901,0
20999.1,131,5.5,0,159211.28,282.9,0.815,1
17205.1,99,8.0,0,224008.3,264.8,1.009,0
3679.8,95,7.8,0,218356.79,273.3,1.043,0
12338.4,12,5.6,0,168407.38,297.1,1.172,0
18918.2,232,1.6,0,55639.2,312.6,0.937,1
21806.1,115,9.8,3,325891.51,320.0,1.167,1
19724.2,38,4.4,4,208518.38,318.0,1.018,0
7250.0,23,3.9,0,113647.48,294.7,1.023,0
7476.6,116,9.8,0,266066.24,190.9,1.226,1
27148.8,53,8.8,0,234154.96,220.3,1.066,0
8432.0,70,4.0,1,134625.5,235.0,1.05,0
24797.6,68,3.8,1,129865.78,251.6,0.935,0
6275.1,70,7.5,0,208230.37,218.5,0.849,0
10193.9,20,4.0,0,114842.49,211.4,1.054,0
2678.3,145,3.3,1,115037.62,177.6,1.048,0
9781.1,52,9.8,0,262560.83,239.1,0.974,0
6633.9,62,6.1,2,201981.75,266.0,0.966,0
15586.8,44,7.9,1,230581.99,243.8,0.839,0
15516.1,124,7.4,1,232431.37,241.3,0.942,1
13985.1,43,7.8,0,211835.94,273.4,1.106,0
6837.0,34,9.1,3,308572.18,294.0,0.997,1
20556.4,111,5.5,0,159128.71,273.4,0.849,0
11243.0,60,7.8,1,235025.68,281.7,1.01,0
16293.2,93,8.2,0,222798.66,303.7,1.262,0
19783.7,49,9.5,0,251642.02,229.6,1.245,0
11975.4,35,7.4,1,232081.69,326.3,0.872,0
4556.9,56,9.0,0,240924.08,229.2,0.855,0
12768.9,131,1.9,3,121710.21,239.1,0.927,0
9852.2,55,2.1,3,129387.89,124.6,0.941,0
6425.9,139,2.4,0,71025.46,227.9,0.964,0
23314.8,53,2.3,1,89517.23,180.6,0.812,1
9225.3,99,1.8,3,121699.47,330.2,1.037,0
15008.9,67,2.1,0,74569.86,311.5,0.902,0
17005.8,53,10.0,0,269416.18,223.5,1.001,0
12771.9,38,3.4,2,145576.4,233.0,0.954,1
8630.0,51,5.3,0,152654.81,171.7,0.941,0
4233.6,79,8.4,0,225923.75,209.6,0.824,0
13897.6,20,2.1,1,93127.62,291.2,0.938,0
9273.0,35,3.9,0,108790.57,333.5,0.86,0
26761.4,98,2.4,0,77805.56,253.1,0.853,0
7357.8,28,1.6,1,81725.32,264.2,0.85,0
2733.8,74,9.6,0,265037.37,265.9,1.024,0
5342.1,115,8.7,0,240495.33,228.0,0.774,0
19705.2,159,8.9,1,270397.03,275.4,1.134,1
17300.1,16,8.8,1,259523.21,241.9,1.125,0
23210.2,76,2.4,1,97561.13,297.1,1.239,0
9944.4,198,8.1,0,228854.85,256.2,0.877,0
16104.7,164,7.6,3,265561.77,171.2,0.987,1
12430.1,23,9.3,0,253156.55,289.2,0.947,0
7693.1,86,3.0,1,115319.89,267.3,0.883,0
11198.9,46,4.7,0,141368.23,231.7,0.9,0
8893.7,47,3.7,1,127291.6,257.2,1.145,0
22491.2,50,3.3,0,97751.69,203.1,1.107,0
7660.3,113,6.9,1,208940.13,195.6,0.92,0
24288.4,92,2.5,2,130304.14,236.2,1.046,0
7367.3,92,5.2,3,214323.82,277.9,1.077,0
8897.6,89,6.8,0,187874.95,284.3,0.827,0
11506.9,39,2.2,1,90337.26,190.9,0.969,0
7167.0,35,3.3,1,122103.48,259.2,1.105,0
11449.6,30,9.7,0,261238.88,194.0,0.681,0
12339.9,68,8.2,0,232627.56,264.2,0.957,0
21846.0,16,7.1,0,197352.83,248.3,1.006,0
2701.7,90,8.7,2,272247.22,269.3,0.944,0
7408.1,177,1.1,2,78379.77,216.6,0.925,0
26001.1,94,1.1,1,73903.24,336.0,1.052,0
8785.7,102,2.4,2,115456.0,375.8,1.002,0
8784.4,44,5.5,3,212371.11,244.8,0.714,0
7121.2,54,6.1,2,212948.83,215.8,0.954,0
15911.3,67,2.0,1,88988.46,193.3,0.811,0
4021.2,65,1.7,0,59525.24,182.4,1.013,0
13522.8,91,8.5,1,248806.32,319.9,0.892,1
28102.7,166,5.2,1,171143.87,229.2,1.055,1
3365.3,66,9.9,2,308491.4,178.6,0.714,1
16012.6,144,3.1,1,102094.45,189.7,0.965,0
5149.5,72,6.8,1,209025.15,184.5,0.993,0
13982.3,26,8.2,0,228218.56,336.1,0.796,0
13324.0,78,8.9,1,265283.26,345.2,1.066,0
16628.4,82,3.8,0,118905.91,246.0,1.094,0
8123.4,27,2.7,2,128239.59,238.3,1.024,0
8377.7,156,3.0,0,99039.41,133.1,0.894,0
16878.6,104,7.0,3,257847.03,173.3,0.776,1
8079.4,129,5.7,0,174351.95,205.2,0.91,1
17975.7,133,6.4,3,231249.43,294.8,1.032,1
2173.2,37,1.2,0,54000.77,402.4,1.18,0
12863.0,133,4.5,0,126455.53,304.0,1.05,0
17346.6,20,3.8,2,156333.36,249.7,0.764,0
9954.7,75,8.8,0,237392.72,268.5,0.987,0
22341.8,53,8.0,1,245275.97,266.1,1.024,1
8293.6,27,4.9,1,158803.46,239.2,0.786,0
12583.8,101,6.7,1,201807.71,249.5,0.952,0
18979.8,110,1.4,1,70127.91,155.6,1.106,0
5521.8,36,6.7,1,210882.29,214.8,1.02,0
19882.9,72,1.9,1,85327.18,234.6,0.867,0
13432.1,99,7.4,2,243968.78,192.3,1.066,0
6936.7,11,6.2,0,169812.85,271.3,0.988,0
10910.8,108,3.7,1,131589.44,291.3,1.147,0
6575.2,32,4.3,0,131530.31,336.9,0.809,0
15323.1,33,1.8,1,95062.65,233.9,0.937,0
9487.6,107,3.9,1,128805.81,145.4,0.771,0
8808.7,31,9.7,0,263455.47,355.1,0.891,0
15588.8,134,5.4,0,150522.83,200.1,1.104,0
9824.8,61,5.3,2,188094.48,382.3,1.122,0
11230.2,49,6.7,2,224752.86,351.2,1.24,0
10776.2,119,5.4,2,196341.4,238.8,0.916,0
2629.6,73,4.2,1,141779.6,240.8,1.212,1
4514.0,79,2.3,1,98690.03,185.4,1.135,0
7468.2,28,6.7,1,211476.91,120.8,0.963,0
7794.0,219,7.7,0,208511.59,290.7,1.024,0
2444.4,184,9.3,1,262075.12,249.2,0.937,0
11220.0,75,1.0,0,38932.29,326.7,1.097,0
10273.9,55,1.6,0,54950.69,335.5,0.825,0
11958.7,94,9.1,0,246921.44,151.6,0.907,0
9149.1,21,6.7,0,189245.13,262.4,1.021,0
23863.8,88,9.6,0,254101.16,387.3,1.018,0
14571.5,7,4.9,4,221134.43,198.5,1.008,0
25536.1,58,4.8,1,165401.16,328.4,0.863,1
5504.8,30,4.1,1,138994.31,280.3,0.86,0
8996.7,109,2.3,1,88306.49,276.7,0.948,0
7878.9,47,4.4,0,134737.98,255.0,0.755,0
3844.2,26,1.1,1,66947.82,183.0,1.103,0
9972.0,136,5.6,0,155255.72,162.0,1.096,1
2326.4,410,8.6,1,262278.61,220.2,1.061,1
15230.9,67,3.9,0,113653.26,191.0,1.004,0
20808.9,93,1.9,0,71342.73,289.5,0.964,0
9634.5,42,9.8,1,279975.88,384.5,0.79,0
11892.5,49,2.2,1,96430.64,349.5,1.094,1
20918.1,167,5.8,0,160640.01,228.9,1.02,0
6183.8,104,8.3,0,231534.31,328.9,1.19,0
3814.5,105,3.3,2,134454.77,309.9,0.996,0
2277.9,45,8.6,0,242303.73,272.6,0.976,0
6610.1,36,6.0,0,171625.59,360.9,0.897,0
7315.8,188,4.0,1,130714.56,149.9,1.059,0
15868.1,68,8.8,1,256554.75,218.9,1.066,1
4664.5,100,6.6,2,220261.57,307.1,1.16,0
3705.0,38,6.5,3,230169.16,278.5,1.109,1
17420.0,15,5.5,2,199728.45,219.7,0.947,0
7618.7,58,3.5,0,110278.3,177.2,0.835,0
11945.5,190,3.7,0,105712.67,169.4,1.12,0
16406.9,94,1.8,0,67533.72,251.0,0.946,0
38063.2,94,3.2,1,112248.65,302.0,0.953,1
13592.7,55,3.5,0,106190.85,337.8,0.964,0
7127.2,69,1.5,0,55111.36,196.7,1.233,0
17233.6,77,2.0,2,104074.29,242.8,1.056,0
5947.8,85,3.4,1,120506.01,202.9,1.096,0
20779.1,27,7.1,1,220853.73,286.0,1.176,0
6830.6,150,2.7,0,90243.3,294.9,1.036,0
5262.1,106,5.7,1,182594.68,206.8,0.937,0
11122.1,80,5.6,1,174137.29,179.2,0.842,0
13362.5,122,8.5,0,235091.4,365.3,0.947,1
5415.9,139,6.5,0,182063.54,262.3,1.036,0
7490.3,122,9.3,1,269219.34,265.7,1.062,1
14222.5,126,6.7,1,206628.88,188.3,0.962,0
12138.3,49,1.2,1,69934.06,249.9,0.919,0
13773.1,70,4.4,1,155655.04,217.8,0.964,0
20999.3,135,7.3,0,206065.31,224.3,0.949,1
12895.1,61,5.3,1,176116.57,202.3,1.14,0
24206.4,117,4.8,0,136608.34,328.4,1.137,0
17794.9,46,7.0,0,205096.34,217.3,1.051,0
7599.8,42,3.6,0,108280.53,311.3,0.935,0
21539.3,86,9.2,2,291707.08,186.5,1.023,1
12590.4,166,4.7,2,177517.04,343.6,1.129,0
19706.9,106,6.7,0,189002.35,269.1,1.014,0
13923.6,81,9.8,0,266701.26,299.6,1.032,0
27547.7,106,8.1,2,268507.65,158.5,1.052,1
5270.2,92,5.8,2,209826.3,297.8,1.0,0
9535.2,42,8.7,1,257611.31,391.0,1.057,0
15394.8,63,6.0,0,172330.66,270.0,0.836,0
11812.9,28,5.0,3,194691.99,413.1,0.943,0
5983.9,94,8.9,2,272705.84,151.6,1.137,0
26017.0,139,1.2,2,85456.95,201.7,0.984,1
10374.2,153,4.7,0,136654.66,285.2,1.092,0
18647.1,60,4.1,1,144558.18,201.8,0.939,0
14712.1,40,7.4,1,233876.25,389.3,1.05,1
16872.2,98,1.1,2,73478.94,195.9,0.893,0
5035.3,26,6.9,1,205688.49,304.7,1.017,0
10631.9,21,4.1,0,125340.42,217.8,0.831,0
17112.0,111,1.9,2,95608.02,142.2,1.165,0
18575.5,80,9.8,1,289883.48,251.2,1.093,0
17661.5,101,2.9,1,115504.6,238.9,1.099,0
6864.6,25,4.1,0,127308.64,283.9,0.942,0
3439.4,204,2.9,0,84843.49,310.4,1.009,0
4611.4,24,7.0,1,206881.87,216.2,0.984,0
10954.3,164,8.0,1,244710.16,311.5,0.667,0
11606.3,166,8.7,0,229160.06,262.6,0.908,0
10926.5,133,3.8,0,116703.19,209.1,0.959,0
5135.2,106,5.7,3,213663.65,218.4,1.019,0
7761.4,96,7.0,1,206208.61,261.4,0.955,0
25880.6,32,6.7,1,203671.11,286.8,1.069,0
13444.5,41,7.4,0,219785.69,252.8,0.933,0
10509.6,56,7.9,1,237920.26,245.8,1.119,0
25555.8,79,1.9,1,88606.97,213.3,1.042,0
28826.7,58,2.5,1,99456.29,263.7,1.023,0
8266.8,66,7.6,0,215420.52,273.6,0.873,0
13501.9,32,5.3,3,212607.33,376.0,1.092,0
3948.1,176,4.8,2,177094.86,202.0,1.128,0
3222.7,89,5.1,0,144115.28,336.8,1.128,0
9498.9,202,4.3,3,184872.35,303.8,0.982,1
4924.1,25,6.3,1,200505.79,251.8,1.03,0
7768.8,27,3.9,1,138377.88,372.9,1.013,0
12745.2,137,6.7,0,186338.63,253.2,0.759,0
22697.6,55,2.8,1,112152.18,275.1,1.092,0
13715.7,150,7.8,1,232361.32,237.3,0.961,0
8321.4,126,8.0,0,228306.81,299.7,1.008,0
29739.9,69,6.2,0,175485.89,259.8,0.883,0
11435.8,35,4.3,0,120479.3,205.6,0.798,0
18705.8,37,1.1,0,52327.65,283.7,1.071,0
19617.0,46,2.1,0,73836.17,355.1,1.097,0
10458.9,77,1.7,0,61790.73,223.5,0.977,0
1644.4,107,1.1,2,83132.25,312.1,1.038,0
3290.0,36,7.5,2,237108.99,223.7,0.854,0
7182.4,40,9.6,1,273592.54,283.6,0.996,0
7402.8,38,1.1,1,62469.12,292.4,1.038,0
10680.5,271,2.0,0,73998.95,334.5,1.156,0
9324.8,52,8.7,1,259690.57,211.3,1.011,0
9637.3,93,7.2,2,229518.7,247.3,0.842,0
11084.7,131,4.6,3,189044.05,227.0,1.221,0
12326.2,40,9.9,0,269185.09,302.9,1.059,0
3364.7,102,6.2,1,196337.04,298.6,1.057,0
12203.6,102,7.0,1,201182.8,271.5,0.979,0
16077.0,36,6.9,1,202914.03,255.5,0.834,0
29972.9,52,3.0,0,91759.11,313.1,1.004,0
11947.1,102,5.4,1,160552.75,184.8,0.95,0
18051.2,65,2.9,0,100147.52,268.4,1.101,0
15258.9,141,5.6,0,160965.54,321.6,0.93,0
6643.2,27,1.3,0,55467.6,178.3,0.886,0
12400.5,150,4.4,0,127888.38,235.2,1.019,0
24320.1,68,4.3,1,148130.51,233.0,0.954,0
23616.9,60,3.6,1,129918.35,236.0,0.951,0
23598.7,109,1.7,0,60963.24,366.6,0.956,0
42880.6,62,7.9,1,241718.21,133.3,1.106,1
15955.9,80,4.8,0,141962.18,232.9,0.856,0
8439.7,124,8.3,1,247202.23,292.5,0.99,0
16170.0,91,8.5,0,231774.62,308.4,0.915,0
6030.7,134,2.9,0,89508.69,323.7,0.914,0
14627.7,58,4.8,0,140021.4,174.2,0.892,0
5803.4,92,7.5,0,209404.33,331.8,1.176,0
7136.7,182,5.5,0,157038.43,326.4,0.925,0
3103.0,22,8.7,0,244671.36,213.3,1.012,1
14011.8,96,6.1,0,171716.9,205.4,1.179,0
22914.9,118,6.7,0,190298.19,187.7,1.033,1
11984.2,171,8.1,2,252042.76,126.0,0.774,0
11084.8,94,2.1,0,69493.33,379.4,1.086,0
7491.2,103,6.3,1,187375.17,263.4,0.884,0
19079.5,47,1.8,1,79646.49,152.7,0.768,0
20892.0,155,3.3,1,128016.82,124.0,1.044,0
4095.4,110,2.9,0,87450.04,200.1,0.986,0
12626.0,46,6.1,1,198036.0,232.2,0.979,0
18685.5,42,8.6,0,232934.05,302.4,1.019,0
8390.0,63,2.2,2,105193.89,321.6,0.939,0
3641.9,77,7.9,0,217558.15,276.5,1.036,0
5606.1,71,2.3,0,76514.5,263.6,1.097,0
25018.8,73,2.7,1,106052.82,276.8,0.972,0
20473.5,62,9.3,0,244352.92,334.1,0.952,0
21962.5,73,1.1,0,46763.46,264.4,0.899,0
4615.0,136,2.8,3,135793.75,289.0,1.057,0
18582.8,109,2.9,0,91212.15,190.6,1.136,0
25931.8,24,3.5,2,140726.18,271.3,0.97,1
7177.9,145,4.3,1,140459.79,229.3,1.057,0
9863.7,94,1.9,0,71966.57,282.5,0.938,0
12945.9,35,5.2,0,157256.26,238.3,0.97,0
14221.5,80,4.6,0,136323.62,282.0,1.155,0
8679.1,46,6.6,1,198549.63,212.6,0.929,0
19809.8,46,8.8,0,239374.61,198.9,1.087,0
15594.6,62,3.7,1,135910.17,210.2,0.936,0
6270.1,144,5.9,0,171279.47,213.5,0.772,0
19073.1,11,4.3,2,176170.75,277.8,1.12,0
10304.5,52,1.4,0,47280.18,305.5,1.173,0
15984.2,113,8.4,0,224887.07,268.0,0.948,0
6632.9,244,6.7,0,191729.7,266.8,1.138,0
6886.0,317,1.0,0,46625.8,266.8,0.883,0
3429.6,64,3.2,0,96100.91,324.9,1.152,0
21281.6,31,3.8,0,110918.16,196.4,0.96,0
18030.6,98,8.3,1,246536.11,274.4,0.919,0
12990.1,110,7.8,1,235544.18,270.0,0.879,0
4484.6,139,4.6,1,154659.21,312.8,1.2,1
23299.6,98,2.4,1,107353.04,212.3,0.998,0
15806.8,29,4.5,1,159335.84,355.0,1.151,0
8673.4,12,8.3,0,222164.05,253.5,0.976,0
13724.1,152,5.1,0,149790.54,186.9,0.995,0
10137.1,128,2.0,1,86392.48,229.0,0.868,0
15814.0,37,1.3,1,79173.95,302.4,1.189,0
5893.0,35,4.0,0,117538.72,248.1,0.945,0
2401.8,211,2.3,1,90410.19,217.1,1.053,0
14974.2,140,7.7,1,235945.81,342.3,0.838,0
16363.4,62,3.5,0,114379.91,293.6,0.972,1
3423.2,42,8.9,2,274398.61,246.0,1.036,1
1668.5,61,6.6,1,207046.42,274.4,0.971,0
13076.1,52,4.5,2,164420.27,314.0,0.932,1
15280.5,110,6.5,1,196940.86,330.8,0.732,0
9885.4,88,3.7,0,101941.42,225.5,1.019,0
6163.6,47,2.3,1,99380.97,305.0,0.992,0
30078.4,116,9.7,1,281794.82,374.0,0.867,1
14489.0,44,6.1,1,187471.15,223.0,1.03,0
21123.7,49,1.1,1,62977.83,284.2,1.147,0
5223.9,66,3.8,0,115727.55,288.4,0.855,0
22918.6,141,2.4,0,81650.11,250.7,0.795,0
14173.6,45,3.3,1,123391.06,207.2,0.813,0
28396.5,126,1.5,2,88218.71,207.0,0.969,0
15983.8,210,3.2,1,121296.5,247.6,0.888,1
11867.2,54,7.1,2,234974.93,210.9,1.132,0
10659.7,132,8.4,0,222161.09,175.6,0.873,1
7339.8,151,4.1,4,204709.17,185.7,1.027,0
10727.5,334,5.7,0,157636.82,228.7,0.889,1
16145.7,101,1.4,1,67497.81,249.2,0.955,0
17773.1,68,1.8,1,79274.13,224.8,0.882,0
6614.1,182,6.0,0,165797.32,205.9,1.056,0
4116.9,117,8.6,0,229746.37,319.5,1.064,0
13485.1,112,1.8,0,62444.04,194.2,1.067,1
3274.5,103,4.8,2,178438.41,261.3,0.966,0
10865.6,216,9.7,1,282128.89,331.5,0.785,1
4540.7,52,7.6,0,206364.99,268.2,0.912,0
17360.6,134,2.8,1,110435.0,395.0,1.213,0
8646.4,103,3.6,1,133252.83,289.7,0.976,0
9339.5,158,9.5,0,256673.12,245.5,0.954,1
3927.2,49,3.0,1,111999.82,231.5,1.162,0
19967.4,31,5.0,1,160217.85,301.8,1.007,0
12640.7,216,4.2,1,138387.82,296.4,0.976,1
12911.4,20,5.4,1,162310.19,290.4,1.057,0
4689.7,46,3.1,1,114664.97,219.7,1.182,0
3037.7,24,7.0,2,245914.29,242.4,0.866,0
6583.3,143,3.1,0,96340.19,176.2,0.846,0
8512.2,37,6.4,0,174613.42,254.1,0.925,0
6455.9,96,4.2,2,164640.02,281.2,1.003,0
28470.3,37,3.3,0,100623.59,219.7,1.061,0
20267.2,29,7.3,1,222373.81,237.1,1.158,0
11031.5,206,9.7,0,264167.67,241.7,0.922,0
6919.5,117,8.8,1,257338.76,280.3,0.944,0
5305.3,59,1.8,1,83139.14,189.9,1.141,0
10736.7,82,5.1,0,154843.64,225.7,1.039,0
13153.2,30,7.3,0,200616.19,182.4,0.966,0
8229.8,243,6.1,2,214894.97,242.3,0.977,1
14272.7,45,7.5,0,211014.38,279.1,1.165,0
7831.4,126,9.8,1,286965.9,290.8,1.323,1
5262.0,25,4.1,1,143545.47,296.4,1.196,0
14293.2,89,7.9,0,217122.8,231.7,1.013,0
2950.9,104,1.8,0,72778.22,321.2,1.045,0
4102.1,75,8.8,0,242996.9,371.1,1.108,0
5901.8,124,8.0,1,235574.51,245.2,0.825,0
7442.1,61,5.7,0,155717.34,265.5,0.968,0
16175.4,47,8.4,0,233611.24,244.5,0.923,0
3938.6,78,7.0,0,187187.39,238.2,1.046,0
9365.4,31,6.0,0,165109.46,220.9,0.86,0
13248.3,32,9.5,1,269643.73,290.1,1.211,0
12600.8,45,2.2,1,96609.92,328.8,1.03,0
16179.5,187,9.9,1,288752.3,181.4,0.958,1
9537.7,70,2.4,2,117229.0,295.1,0.983,0
7286.1,259,5.3,3,208268.08,209.8,1.092,0
22013.4,67,3.1,1,115862.6,282.9,0.83,1
7105.1,47,3.4,0,114447.17,280.5,0.906,0
6479.2,201,6.7,0,180419.4,289.0,1.095,0
6175.0,45,1.3,1,77212.94,277.5,0.92,0
6025.9,65,9.5,1,274180.25,241.7,1.136,1
24915.6,29,3.5,2,152613.13,249.8,0.978,0
27236.9,165,3.5,3,162933.68,341.5,0.979,0
17315.9,73,8.8,1,262107.9,266.7,0.933,0
14621.1,160,7.9,1,236825.68,296.5,1.081,0
6487.5,106,7.0,2,227222.38,243.1,1.045,1
8150.3,72,2.3,1,96286.23,258.0,0.967,1
3553.7,95,7.9,0,218555.03,322.7,1.104,0
9412.1,176,4.2,1,147312.4,204.3,0.85,0
4413.0,81,9.9,1,290013.85,260.9,0.936,0
12075.4,66,7.0,0,201384.03,250.0,0.936,0
6815.7,15,8.5,1,254060.99,332.3,0.887,0
12679.5,103,7.6,1,227649.59,359.4,1.024,0
6092.9,73,6.3,0,174289.65,303.4,0.85,0
3110.4,193,7.4,3,263999.99,346.0,0.889,1
5451.7,29,6.4,0,173525.34,200.0,0.988,0
13328.3,105,1.5,1,76722.97,97.2,0.858,0
13835.1,22,4.1,1,145959.34,285.3,1.077,0
13034.7,62,3.8,1,136320.26,307.7,1.173,0
11982.3,184,7.4,1,219479.8,238.2,1.066,1
11034.9,182,6.2,0,173881.34,225.2,0.979,0
15624.7,102,6.5,0,182591.21,280.1,0.874,0
1706.8,103,8.6,0,235443.96,343.5,0.934,0
24268.3,135,5.7,2,200834.05,279.4,0.891,1
9253.0,73,3.0,0,98072.28,316.5,1.146,0
15691.0,68,1.1,1,64284.81,312.9,1.042,0
10484.0,29,2.4,0,84169.7,292.3,0.979,0
6729.3,82,1.3,1,72493.38,331.4,1.082,0
8819.8,32,3.1,0,102975.78,223.4,0.789,0
5246.7,59,6.7,2,221933.74,224.7,0.976,0
5848.7,141,2.4,1,98165.42,226.2,1.258,0
14210.7,97,1.7,1,79324.49,276.2,1.051,0
12126.6,43,9.7,1,280736.72,339.1,0.772,0
2855.2,56,10.0,2,302980.92,301.4,0.947,0
6002.9,85,6.7,0,184777.67,108.0,0.989,0
9225.6,112,2.0,0,76800.94,441.5,1.092,0
10519.2,39,8.4,0,232273.21,289.1,0.796,1
29530.7,169,5.9,1,179399.94,336.6,1.007,0
11929.5,79,2.6,1,103309.38,290.1,0.944,0
2531.6,39,6.2,0,169702.34,182.7,1.026,0
10853.7,46,1.4,2,90290.75,296.3,1.092,0
4493.3,164,9.8,0,262632.48,192.9,1.072,0
9498.4,115,8.4,0,231584.96,284.8,1.043,0
31052.8,145,3.3,0,94311.78,293.5,0.711,1
7835.4,99,4.8,1,149027.15,324.2,0.867,0
17763.6,8,4.6,1,151283.1,240.8,0.87,0
10780.8,40,8.8,0,242766.81,119.8,1.272,0
23633.9,167,4.2,0,125179.92,250.5,1.047,1
14772.5,36,1.4,1,69969.04,303.6,0.953,0
19078.1,83,2.9,1,106810.4,267.0,1.072,0
13234.1,28,2.9,0,99719.5,261.9,0.909,0
7768.0,58,9.5,1,271877.81,241.5,1.009,0
22100.7,61,9.3,2,290261.54,311.3,1.118,0
12382.5,35,3.7,0,106626.74,353.9,1.083,0
8092.1,45,1.0,2,80279.91,254.6,1.24,0
6730.8,92,5.7,0,165516.65,311.9,1.031,0
12637.5,54,8.2,1,235649.79,321.7,1.013,0
19989.9,381,3.4,1,119395.06,216.8,1.234,1
13897.3,119,5.0,1,167221.97,211.8,0.934,0
8483.9,125,2.6,0,90574.24,330.0,1.316,1
13591.4,146,3.9,0,124247.42,219.7,0.976,0
16767.8,103,7.8,1,235704.22,248.2,1.005,1
3441.1,47,4.9,2,168547.34,287.3,1.035,1
4526.0,124,5.0,1,159742.84,208.5,0.822,0
15883.2,64,8.1,2,260896.8,254.2,0.972,0
4397.0,30,7.9,2,247171.0,284.6,0.893,0
9488.3,109,2.7,0,81616.57,151.1,1.076,0
11439.9,101,4.7,0,144442.67,269.2,0.947,0
5519.8,126,8.6,0,231243.63,180.9,0.997,0
9725.4,73,5.1,0,155754.95,235.1,0.975,0
11539.6,136,7.0,1,215321.15,253.3,0.905,0
20493.2,37,3.8,1,134888.78,136.4,1.107,0
19301.9,22,1.5,1,76483.44,239.9,1.142,0
12606.3,83,2.5,2,130331.8,175.2,0.843,0
7294.1,54,4.6,2,173826.84,174.9,0.963,0
19532.8,42,4.2,1,140951.32,259.7,0.993,0
19909.4,66,9.1,2,281797.46,322.5,0.767,1
6639.1,114,5.9,2,205425.06,307.3,1.018,0
11966.1,7,6.6,2,223579.22,220.0,1.057,0
8099.0,60,7.2,0,201768.57,191.8,1.03,0
12862.1,197,5.8,1,184726.85,249.1,0.963,1
6324.6,27,7.9,0,220782.06,307.0,1.07,0
16662.0,52,8.0,2,249119.4,288.3,1.04,0
12910.0,161,4.2,0,126368.56,200.1,0.812,1
6333.6,70,1.8,0,69868.39,234.5,1.11,0
15849.9,90,9.9,0,267394.69,214.5,1.03,0
7256.5,61,6.8,1,208789.62,95.3,1.137,1
2911.7,170,7.4,0,204927.93,325.8,0.967,0
5450.4,49,7.8,3,269308.27,293.7,1.224,0
17702.0,81,6.5,0,185471.65,350.9,1.059,0
25178.1,128,5.2,0,151141.84,342.5,1.143,1
25524.4,43,9.9,1,284692.72,270.7,0.964,0
7541.1,26,7.5,1,225339.23,321.7,1.095,1
9482.2,12,8.6,1,249468.32,245.0,1.049,0
8199.4,113,5.0,1,154147.41,279.7,1.059,0
10570.6,34,9.1,0,247444.65,228.5,1.109,0
4280.2,101,7.6,1,225758.61,261.1,0.962,0
7673.6,98,7.7,1,239236.95,295.8,0.792,0
11990.2,32,1.8,0,67189.89,299.2,1.151,0
17752.5,86,6.6,0,183159.14,122.2,0.947,0
12604.3,240,4.0,0,121599.5,311.6,0.971,0
9222.6,117,7.0,1,214598.8,188.0,1.011,0
5544.5,353,6.1,0,177309.73,228.7,0.984,1
18350.2,54,2.0,1,85665.19,154.8,1.058,0
3874.0,89,5.8,0,167569.72,221.3,0.716,0
4473.9,41,5.1,1,160617.66,343.6,1.056,0
14915.7,198,8.0,0,218465.71,282.7,1.12,0
16100.0,64,5.5,2,189214.81,268.4,1.004,0
1620.2,32,5.3,0,146540.51,376.3,1.083,0
9271.4,89,7.5,1,235014.93,217.6,0.963,0
2540.7,52,7.0,0,197248.21,274.4,0.905,0
9618.9,100,9.9,0,268637.47,331.6,1.049,1
8423.6,71,4.2,0,121317.33,314.9,0.928,0
22241.7,118,7.2,1,223179.51,299.3,0.917,0
